Order_ID,Order_Date,Product,Quantity,Sale_Price,Cost_Price,Month,Year,Profit,Profit_Margin
ORD-0,2023-04-13,Mobile,2,2000.0,10934,4,2023,-8934.0,-446.7
ORD-4,2023-04-17,Shirt,1,50000.0,9722,4,2023,40278.0,80.56
ORD-5,2023-03-13,Mobile,1,30000.0,3120,3,2023,26880.0,89.6
ORD-6,2023-07-08,Shoes,1,30000.0,31089,7,2023,-1089.0,-3.63
ORD-8,2023-04-13,Mobile,2,50000.0,6877,4,2023,43123.0,86.25
ORD-9,2023-05-02,Mobile,1,30000.0,19904,5,2023,10096.0,33.65
ORD-10,2024-04-11,Shirt,1,2000.0,21792,4,2024,-19792.0,-989.6
ORD-11,2023-08-03,Shoes,1,2000.0,27037,8,2023,-25037.0,-1251.85
ORD-12,2023-11-27,Mobile,3,2000.0,18335,11,2023,-16335.0,-816.75
ORD-13,2024-04-03,Shirt,1,30000.0,15659,4,2024,14341.0,47.8
ORD-15,2024-01-08,Shoes,1,2000.0,1964,1,2024,36.0,1.8
ORD-17,2023-12-26,Laptop,1,50000.0,36012,12,2023,13988.0,27.98
ORD-18,2023-06-01,Laptop,1,2000.0,36571,6,2023,-34571.0,-1728.55
ORD-19,2023-05-11,Mobile,2,50000.0,4911,5,2023,45089.0,90.18
ORD-21,2023-11-05,Mobile,1,30000.0,2408,11,2023,27592.0,91.97
ORD-23,2023-12-10,Laptop,1,2000.0,21977,12,2023,-19977.0,-998.85
ORD-24,2024-05-06,Shirt,3,2000.0,14195,5,2024,-12195.0,-609.75
ORD-26,2023-10-21,Mobile,3,2000.0,23761,10,2023,-21761.0,-1088.05
ORD-27,2024-01-21,Shoes,2,2000.0,25992,1,2024,-23992.0,-1199.6
ORD-28,2023-07-11,Shoes,1,50000.0,14778,7,2023,35222.0,70.44
ORD-29,2024-03-19,Shoes,2,30000.0,22985,3,2024,7015.0,23.38
ORD-31,2023-06-10,Shoes,3,50000.0,11786,6,2023,38214.0,76.43
ORD-32,2024-04-04,Mobile,1,2000.0,31908,4,2024,-29908.0,-1495.4
ORD-33,2023-11-10,Shoes,1,50000.0,12051,11,2023,37949.0,75.9
ORD-34,2023-01-22,Laptop,1,30000.0,37746,1,2023,-7746.0,-25.82
ORD-36,2023-08-24,Shirt,1,30000.0,5490,8,2023,24510.0,81.7
ORD-37,2023-12-11,Laptop,2,30000.0,32313,12,2023,-2313.0,-7.71
ORD-38,2023-02-18,Laptop,1,50000.0,7377,2,2023,42623.0,85.25
ORD-39,2024-04-19,Laptop,1,50000.0,10903,4,2024,39097.0,78.19
ORD-40,2023-02-28,Shirt,2,30000.0,15567,2,2023,14433.0,48.11
ORD-41,2023-06-19,Mobile,3,2000.0,23885,6,2023,-21885.0,-1094.25
ORD-43,2023-07-07,Laptop,1,2000.0,27606,7,2023,-25606.0,-1280.3
ORD-44,2024-04-08,Laptop,1,2000.0,18440,4,2024,-16440.0,-822.0
ORD-46,2023-07-09,Mobile,1,50000.0,31267,7,2023,18733.0,37.47
ORD-47,2024-03-21,Mobile,2,2000.0,28002,3,2024,-26002.0,-1300.1
ORD-48,2023-06-24,Shirt,3,50000.0,17833,6,2023,32167.0,64.33
ORD-50,2023-02-20,Shoes,1,2000.0,11518,2,2023,-9518.0,-475.9
ORD-51,2023-12-30,Shirt,2,50000.0,13501,12,2023,36499.0,73.0
ORD-52,2023-02-24,Shirt,1,50000.0,23254,2,2023,26746.0,53.49
ORD-53,2023-09-01,Shoes,1,2000.0,35076,9,2023,-33076.0,-1653.8
ORD-55,2023-05-11,Shoes,1,30000.0,34485,5,2023,-4485.0,-14.95
ORD-56,2024-04-29,Shirt,1,50000.0,26545,4,2024,23455.0,46.91
ORD-58,2023-05-15,Shirt,1,2000.0,16370,5,2023,-14370.0,-718.5
ORD-59,2023-01-21,Shoes,1,50000.0,29231,1,2023,20769.0,41.54
ORD-60,2023-11-25,Shoes,2,50000.0,10642,11,2023,39358.0,78.72
ORD-61,2023-06-16,Laptop,1,50000.0,18839,6,2023,31161.0,62.32
ORD-63,2024-01-23,Laptop,1,50000.0,8035,1,2024,41965.0,83.93
ORD-64,2023-03-30,Shoes,1,50000.0,34299,3,2023,15701.0,31.4
ORD-65,2023-11-12,Shirt,1,2000.0,36035,11,2023,-34035.0,-1701.75
ORD-66,2023-01-14,Shoes,3,50000.0,24583,1,2023,25417.0,50.83
ORD-68,2023-09-22,Laptop,1,2000.0,17130,9,2023,-15130.0,-756.5
ORD-69,2023-12-12,Laptop,3,30000.0,14736,12,2023,15264.0,50.88
ORD-70,2023-02-22,Shirt,2,2000.0,14815,2,2023,-12815.0,-640.75
ORD-71,2024-01-21,Laptop,1,50000.0,25396,1,2024,24604.0,49.21
ORD-72,2023-12-06,Laptop,3,30000.0,25312,12,2023,4688.0,15.63
ORD-73,2023-04-02,Shoes,1,2000.0,13244,4,2023,-11244.0,-562.2
ORD-74,2024-01-02,Laptop,2,50000.0,12718,1,2024,37282.0,74.56
ORD-75,2024-03-19,Laptop,3,2000.0,17784,3,2024,-15784.0,-789.2
ORD-77,2024-03-03,Shirt,3,50000.0,32428,3,2024,17572.0,35.14
ORD-79,2024-03-06,Shoes,1,50000.0,27490,3,2024,22510.0,45.02
ORD-81,2023-07-25,Shirt,1,30000.0,36386,7,2023,-6386.0,-21.29
ORD-83,2024-02-24,Shoes,1,2000.0,25011,2,2024,-23011.0,-1150.55
ORD-84,2023-02-19,Mobile,1,50000.0,8042,2,2023,41958.0,83.92
ORD-85,2023-12-26,Laptop,2,2000.0,26286,12,2023,-24286.0,-1214.3
ORD-87,2023-01-02,Shoes,2,50000.0,27999,1,2023,22001.0,44.0
ORD-89,2023-02-23,Shoes,3,30000.0,13952,2,2023,16048.0,53.49
ORD-90,2023-04-16,Shirt,1,30000.0,17240,4,2023,12760.0,42.53
ORD-91,2023-09-17,Laptop,1,30000.0,22262,9,2023,7738.0,25.79
ORD-94,2023-07-10,Shoes,2,30000.0,35815,7,2023,-5815.0,-19.38
ORD-96,2023-08-06,Mobile,3,2000.0,2722,8,2023,-722.0,-36.1
ORD-98,2023-06-11,Shoes,3,2000.0,2651,6,2023,-651.0,-32.55
ORD-99,2023-07-21,Shoes,2,30000.0,22606,7,2023,7394.0,24.65
ORD-101,2024-04-28,Shoes,2,30000.0,1683,4,2024,28317.0,94.39
ORD-102,2023-09-27,Laptop,3,50000.0,19394,9,2023,30606.0,61.21
ORD-105,2023-09-28,Mobile,1,30000.0,9505,9,2023,20495.0,68.32
ORD-106,2024-03-31,Shoes,2,30000.0,6492,3,2024,23508.0,78.36
ORD-107,2024-04-06,Mobile,3,30000.0,17827,4,2024,12173.0,40.58
ORD-108,2023-08-03,Shoes,1,50000.0,28492,8,2023,21508.0,43.02
ORD-109,2023-09-09,Shoes,3,50000.0,4266,9,2023,45734.0,91.47
ORD-110,2023-07-09,Shirt,2,30000.0,6909,7,2023,23091.0,76.97
ORD-113,2023-07-27,Mobile,3,30000.0,8819,7,2023,21181.0,70.6
ORD-114,2023-08-25,Mobile,2,2000.0,30136,8,2023,-28136.0,-1406.8
ORD-115,2023-12-04,Laptop,1,50000.0,15837,12,2023,34163.0,68.33
ORD-116,2024-01-02,Shirt,3,50000.0,11056,1,2024,38944.0,77.89
ORD-117,2023-02-22,Mobile,1,2000.0,1715,2,2023,285.0,14.25
ORD-118,2023-10-07,Laptop,3,30000.0,18275,10,2023,11725.0,39.08
ORD-121,2023-09-09,Mobile,1,50000.0,9894,9,2023,40106.0,80.21
ORD-122,2023-07-07,Shirt,1,2000.0,19717,7,2023,-17717.0,-885.85
ORD-124,2024-05-07,Mobile,1,50000.0,24321,5,2024,25679.0,51.36
ORD-128,2023-10-28,Shirt,1,50000.0,22443,10,2023,27557.0,55.11
ORD-129,2023-03-06,Shoes,1,2000.0,11443,3,2023,-9443.0,-472.15
ORD-130,2023-12-11,Laptop,1,30000.0,38208,12,2023,-8208.0,-27.36
ORD-131,2023-11-23,Shoes,1,2000.0,2783,11,2023,-783.0,-39.15
ORD-133,2023-12-10,Shoes,1,2000.0,6385,12,2023,-4385.0,-219.25
ORD-135,2024-05-06,Mobile,1,50000.0,7982,5,2024,42018.0,84.04
ORD-136,2023-05-16,Shirt,1,50000.0,36351,5,2023,13649.0,27.3
ORD-137,2024-04-16,Laptop,3,50000.0,14407,4,2024,35593.0,71.19
ORD-139,2023-05-19,Mobile,1,2000.0,25838,5,2023,-23838.0,-1191.9
ORD-140,2024-05-13,Shirt,1,30000.0,28207,5,2024,1793.0,5.98
ORD-141,2023-03-22,Laptop,1,30000.0,29402,3,2023,598.0,1.99
ORD-142,2024-01-27,Laptop,3,50000.0,3430,1,2024,46570.0,93.14
ORD-143,2023-06-12,Shirt,3,30000.0,3936,6,2023,26064.0,86.88
ORD-145,2023-10-16,Shirt,3,2000.0,26115,10,2023,-24115.0,-1205.75
ORD-146,2024-01-14,Mobile,2,30000.0,10307,1,2024,19693.0,65.64
ORD-147,2023-09-18,Shoes,3,30000.0,7709,9,2023,22291.0,74.3
ORD-148,2024-05-04,Mobile,3,2000.0,30854,5,2024,-28854.0,-1442.7
ORD-149,2023-08-19,Shoes,3,30000.0,21707,8,2023,8293.0,27.64
ORD-150,2023-02-10,Shirt,1,2000.0,36187,2,2023,-34187.0,-1709.35
ORD-154,2023-11-24,Shoes,1,50000.0,24371,11,2023,25629.0,51.26
ORD-156,2024-02-22,Shirt,1,30000.0,22693,2,2024,7307.0,24.36
ORD-157,2023-02-02,Shoes,1,50000.0,35303,2,2023,14697.0,29.39
ORD-158,2023-02-17,Mobile,1,50000.0,22137,2,2023,27863.0,55.73
ORD-159,2024-02-11,Shoes,3,50000.0,16365,2,2024,33635.0,67.27
ORD-161,2023-08-04,Shirt,3,50000.0,5190,8,2023,44810.0,89.62
ORD-164,2023-06-21,Laptop,1,50000.0,4960,6,2023,45040.0,90.08
ORD-165,2023-12-26,Mobile,1,50000.0,31185,12,2023,18815.0,37.63
ORD-166,2023-08-02,Shirt,1,30000.0,11564,8,2023,18436.0,61.45
ORD-167,2024-04-19,Shirt,3,50000.0,6091,4,2024,43909.0,87.82
ORD-169,2024-03-24,Shirt,2,30000.0,4710,3,2024,25290.0,84.3
ORD-170,2023-08-15,Laptop,3,30000.0,8988,8,2023,21012.0,70.04
ORD-172,2024-03-06,Mobile,3,50000.0,29114,3,2024,20886.0,41.77
ORD-173,2024-04-06,Laptop,2,50000.0,24074,4,2024,25926.0,51.85
ORD-174,2023-05-11,Mobile,2,2000.0,22198,5,2023,-20198.0,-1009.9
ORD-175,2023-09-14,Shoes,1,50000.0,11509,9,2023,38491.0,76.98
ORD-176,2023-01-05,Laptop,2,2000.0,26180,1,2023,-24180.0,-1209.0
ORD-177,2023-08-06,Laptop,3,30000.0,17560,8,2023,12440.0,41.47
ORD-178,2023-09-12,Shirt,1,30000.0,39938,9,2023,-9938.0,-33.13
ORD-179,2024-02-02,Laptop,2,30000.0,36391,2,2024,-6391.0,-21.3
ORD-180,2023-12-25,Mobile,1,2000.0,29731,12,2023,-27731.0,-1386.55
ORD-183,2023-07-26,Mobile,1,30000.0,38133,7,2023,-8133.0,-27.11
ORD-184,2023-01-15,Shoes,1,2000.0,12379,1,2023,-10379.0,-518.95
ORD-185,2023-12-12,Shoes,2,2000.0,5340,12,2023,-3340.0,-167.0
ORD-186,2023-02-11,Shoes,3,30000.0,5755,2,2023,24245.0,80.82
ORD-187,2024-01-15,Laptop,3,50000.0,20905,1,2024,29095.0,58.19
ORD-188,2024-04-05,Mobile,2,30000.0,19259,4,2024,10741.0,35.8
ORD-189,2023-06-28,Mobile,3,2000.0,32255,6,2023,-30255.0,-1512.75
ORD-190,2023-03-04,Laptop,1,50000.0,37726,3,2023,12274.0,24.55
ORD-192,2023-08-19,Shoes,1,50000.0,32614,8,2023,17386.0,34.77
ORD-194,2023-02-21,Laptop,1,2000.0,9599,2,2023,-7599.0,-379.95
ORD-195,2023-04-06,Shoes,2,30000.0,22774,4,2023,7226.0,24.09
ORD-196,2024-01-23,Shirt,1,30000.0,9715,1,2024,20285.0,67.62
ORD-197,2023-08-10,Shirt,1,30000.0,22997,8,2023,7003.0,23.34
ORD-198,2024-04-29,Shoes,2,30000.0,36818,4,2024,-6818.0,-22.73
ORD-199,2024-02-11,Shirt,1,30000.0,15783,2,2024,14217.0,47.39
ORD-200,2023-08-19,Mobile,1,2000.0,32262,8,2023,-30262.0,-1513.1
ORD-201,2023-08-25,Mobile,3,2000.0,24476,8,2023,-22476.0,-1123.8
ORD-202,2023-05-23,Mobile,2,30000.0,3397,5,2023,26603.0,88.68
ORD-203,2023-06-20,Shirt,1,50000.0,28475,6,2023,21525.0,43.05
ORD-204,2023-01-29,Mobile,1,30000.0,35077,1,2023,-5077.0,-16.92
ORD-209,2023-07-06,Mobile,1,30000.0,11233,7,2023,18767.0,62.56
ORD-211,2023-03-27,Laptop,3,50000.0,11726,3,2023,38274.0,76.55
ORD-212,2023-10-11,Shirt,3,30000.0,27768,10,2023,2232.0,7.44
ORD-214,2023-06-19,Shoes,3,30000.0,1145,6,2023,28855.0,96.18
ORD-215,2023-02-14,Shirt,2,30000.0,20958,2,2023,9042.0,30.14
ORD-216,2023-03-03,Shirt,1,30000.0,27203,3,2023,2797.0,9.32
ORD-217,2024-03-16,Mobile,1,2000.0,22307,3,2024,-20307.0,-1015.35
ORD-219,2023-10-11,Shoes,3,2000.0,38490,10,2023,-36490.0,-1824.5
ORD-220,2023-01-28,Shoes,1,50000.0,4598,1,2023,45402.0,90.8
ORD-221,2023-04-18,Shirt,2,50000.0,14583,4,2023,35417.0,70.83
ORD-222,2023-02-13,Mobile,1,2000.0,18013,2,2023,-16013.0,-800.65
ORD-224,2023-10-13,Shirt,1,30000.0,38120,10,2023,-8120.0,-27.07
ORD-225,2024-03-21,Shirt,3,50000.0,10096,3,2024,39904.0,79.81
ORD-226,2023-11-27,Shirt,3,50000.0,6555,11,2023,43445.0,86.89
ORD-227,2023-05-08,Shoes,1,50000.0,33719,5,2023,16281.0,32.56
ORD-229,2024-04-17,Shirt,1,2000.0,11809,4,2024,-9809.0,-490.45
ORD-230,2023-08-19,Shirt,3,2000.0,28365,8,2023,-26365.0,-1318.25
ORD-232,2023-08-13,Shirt,3,50000.0,26964,8,2023,23036.0,46.07
ORD-235,2023-10-10,Shoes,2,2000.0,21639,10,2023,-19639.0,-981.95
ORD-238,2023-04-26,Laptop,1,50000.0,30470,4,2023,19530.0,39.06
ORD-239,2024-04-05,Shirt,1,30000.0,6178,4,2024,23822.0,79.41
ORD-240,2023-08-21,Laptop,2,50000.0,11898,8,2023,38102.0,76.2
ORD-241,2023-09-16,Shirt,1,2000.0,6566,9,2023,-4566.0,-228.3
ORD-242,2023-12-25,Shirt,3,30000.0,21353,12,2023,8647.0,28.82
ORD-243,2023-07-17,Shoes,1,50000.0,39188,7,2023,10812.0,21.62
ORD-246,2023-05-17,Mobile,2,30000.0,23272,5,2023,6728.0,22.43
ORD-247,2023-11-14,Shoes,2,30000.0,22716,11,2023,7284.0,24.28
ORD-249,2023-08-13,Shoes,1,2000.0,24170,8,2023,-22170.0,-1108.5
ORD-250,2023-11-03,Shirt,1,50000.0,36162,11,2023,13838.0,27.68
ORD-252,2023-06-21,Laptop,1,50000.0,9070,6,2023,40930.0,81.86
ORD-253,2023-06-01,Mobile,2,50000.0,30472,6,2023,19528.0,39.06
ORD-254,2024-04-07,Mobile,2,50000.0,35789,4,2024,14211.0,28.42
ORD-255,2023-11-11,Laptop,1,50000.0,21982,11,2023,28018.0,56.04
ORD-256,2024-01-09,Mobile,1,2000.0,32518,1,2024,-30518.0,-1525.9
ORD-257,2023-06-09,Shirt,2,2000.0,20399,6,2023,-18399.0,-919.95
ORD-258,2023-04-06,Shoes,3,2000.0,28313,4,2023,-26313.0,-1315.65
ORD-262,2023-04-23,Laptop,2,2000.0,29530,4,2023,-27530.0,-1376.5
ORD-263,2023-11-14,Shoes,3,50000.0,1893,11,2023,48107.0,96.21
ORD-264,2024-05-11,Shoes,3,2000.0,29724,5,2024,-27724.0,-1386.2
ORD-266,2023-02-21,Shoes,1,30000.0,14613,2,2023,15387.0,51.29
ORD-268,2023-10-22,Mobile,1,50000.0,7087,10,2023,42913.0,85.83
ORD-269,2024-01-21,Shirt,3,2000.0,36701,1,2024,-34701.0,-1735.05
ORD-270,2024-01-22,Mobile,1,30000.0,19665,1,2024,10335.0,34.45
ORD-271,2023-04-23,Laptop,1,30000.0,35148,4,2023,-5148.0,-17.16
ORD-272,2023-04-11,Shoes,1,50000.0,30622,4,2023,19378.0,38.76
ORD-273,2023-04-23,Shirt,1,2000.0,31298,4,2023,-29298.0,-1464.9
ORD-274,2024-03-15,Shirt,3,30000.0,17867,3,2024,12133.0,40.44
ORD-276,2023-07-06,Shoes,1,50000.0,21163,7,2023,28837.0,57.67
ORD-277,2023-04-23,Laptop,3,30000.0,7101,4,2023,22899.0,76.33
ORD-278,2023-01-02,Laptop,1,50000.0,38722,1,2023,11278.0,22.56
ORD-279,2023-05-10,Shirt,3,2000.0,39721,5,2023,-37721.0,-1886.05
ORD-280,2023-08-08,Laptop,1,2000.0,34546,8,2023,-32546.0,-1627.3
ORD-281,2023-02-23,Mobile,1,2000.0,4475,2,2023,-2475.0,-123.75
ORD-283,2024-04-29,Laptop,2,30000.0,15890,4,2024,14110.0,47.03
ORD-284,2023-08-12,Shirt,1,2000.0,24270,8,2023,-22270.0,-1113.5
ORD-286,2024-01-20,Laptop,2,2000.0,28853,1,2024,-26853.0,-1342.65
ORD-287,2024-02-07,Mobile,1,2000.0,9601,2,2024,-7601.0,-380.05
ORD-288,2023-05-06,Mobile,3,30000.0,18443,5,2023,11557.0,38.52
ORD-290,2023-02-22,Shoes,3,2000.0,13735,2,2023,-11735.0,-586.75
ORD-293,2023-06-09,Shoes,1,2000.0,14974,6,2023,-12974.0,-648.7
ORD-294,2023-07-17,Shirt,1,2000.0,11623,7,2023,-9623.0,-481.15
ORD-295,2024-02-20,Laptop,3,50000.0,16395,2,2024,33605.0,67.21
ORD-296,2023-09-04,Shoes,1,30000.0,7469,9,2023,22531.0,75.1
ORD-297,2023-11-20,Shirt,2,2000.0,26040,11,2023,-24040.0,-1202.0
ORD-298,2024-03-14,Laptop,3,50000.0,4166,3,2024,45834.0,91.67
ORD-299,2023-07-22,Shoes,1,30000.0,22637,7,2023,7363.0,24.54
ORD-300,2023-07-03,Laptop,1,2000.0,3209,7,2023,-1209.0,-60.45
ORD-302,2024-02-05,Shirt,1,30000.0,34067,2,2024,-4067.0,-13.56
ORD-304,2023-10-21,Mobile,2,50000.0,25931,10,2023,24069.0,48.14
ORD-305,2023-10-07,Laptop,1,2000.0,34331,10,2023,-32331.0,-1616.55
ORD-306,2023-11-21,Shirt,1,50000.0,13201,11,2023,36799.0,73.6
ORD-307,2024-01-07,Mobile,2,2000.0,32305,1,2024,-30305.0,-1515.25
ORD-308,2023-04-08,Shoes,2,2000.0,18574,4,2023,-16574.0,-828.7
ORD-310,2024-04-14,Laptop,3,50000.0,11096,4,2024,38904.0,77.81
ORD-314,2023-04-07,Mobile,1,50000.0,19802,4,2023,30198.0,60.4
ORD-315,2023-07-20,Mobile,1,2000.0,19947,7,2023,-17947.0,-897.35
ORD-316,2023-05-04,Mobile,1,2000.0,20335,5,2023,-18335.0,-916.75
ORD-317,2023-07-06,Mobile,1,50000.0,30907,7,2023,19093.0,38.19
ORD-318,2023-11-22,Shirt,1,2000.0,17653,11,2023,-15653.0,-782.65
ORD-319,2024-04-08,Shoes,1,50000.0,23031,4,2024,26969.0,53.94
ORD-320,2023-12-15,Shoes,2,50000.0,10119,12,2023,39881.0,79.76
ORD-321,2023-09-16,Shirt,3,2000.0,5555,9,2023,-3555.0,-177.75
ORD-322,2023-05-28,Laptop,1,30000.0,2042,5,2023,27958.0,93.19
ORD-324,2024-03-18,Laptop,2,50000.0,5188,3,2024,44812.0,89.62
ORD-325,2024-02-24,Shoes,2,50000.0,14060,2,2024,35940.0,71.88
ORD-326,2024-02-07,Laptop,3,30000.0,11233,2,2024,18767.0,62.56
ORD-327,2023-12-12,Shirt,3,50000.0,4088,12,2023,45912.0,91.82
ORD-328,2024-03-26,Mobile,3,50000.0,2646,3,2024,47354.0,94.71
ORD-329,2023-05-27,Laptop,2,2000.0,14127,5,2023,-12127.0,-606.35
ORD-330,2023-05-28,Mobile,3,2000.0,33615,5,2023,-31615.0,-1580.75
ORD-331,2023-12-18,Laptop,1,30000.0,1487,12,2023,28513.0,95.04
ORD-332,2023-07-18,Laptop,3,50000.0,16453,7,2023,33547.0,67.09
ORD-334,2024-05-03,Laptop,2,2000.0,17911,5,2024,-15911.0,-795.55
ORD-337,2023-05-08,Laptop,3,30000.0,21856,5,2023,8144.0,27.15
ORD-338,2023-02-08,Mobile,3,30000.0,12931,2,2023,17069.0,56.9
ORD-339,2023-12-04,Shirt,1,50000.0,23188,12,2023,26812.0,53.62
ORD-340,2023-12-26,Shoes,1,30000.0,1483,12,2023,28517.0,95.06
ORD-341,2023-05-09,Laptop,1,2000.0,1451,5,2023,549.0,27.45
ORD-342,2023-09-24,Shoes,1,50000.0,5069,9,2023,44931.0,89.86
ORD-343,2024-04-20,Mobile,2,50000.0,14386,4,2024,35614.0,71.23
ORD-347,2023-05-31,Shoes,1,50000.0,19157,5,2023,30843.0,61.69
ORD-348,2024-02-19,Mobile,3,30000.0,23006,2,2024,6994.0,23.31
ORD-349,2024-04-22,Laptop,1,30000.0,10190,4,2024,19810.0,66.03
ORD-350,2023-10-25,Laptop,3,30000.0,19449,10,2023,10551.0,35.17
ORD-351,2023-04-09,Mobile,3,50000.0,30678,4,2023,19322.0,38.64
ORD-352,2023-09-20,Shoes,2,50000.0,15929,9,2023,34071.0,68.14
ORD-353,2023-09-09,Laptop,2,50000.0,8913,9,2023,41087.0,82.17
ORD-354,2023-05-24,Mobile,2,50000.0,10995,5,2023,39005.0,78.01
ORD-355,2023-12-12,Laptop,2,50000.0,27727,12,2023,22273.0,44.55
ORD-356,2023-04-22,Shirt,1,30000.0,2946,4,2023,27054.0,90.18
ORD-357,2024-05-14,Laptop,2,50000.0,37183,5,2024,12817.0,25.63
ORD-358,2023-03-01,Shoes,1,30000.0,2394,3,2023,27606.0,92.02
ORD-359,2024-01-04,Mobile,2,50000.0,3421,1,2024,46579.0,93.16
ORD-360,2023-01-02,Shoes,3,30000.0,21303,1,2023,8697.0,28.99
ORD-361,2024-01-20,Mobile,1,2000.0,20467,1,2024,-18467.0,-923.35
ORD-362,2023-10-31,Shirt,3,2000.0,25504,10,2023,-23504.0,-1175.2
ORD-363,2023-09-11,Mobile,3,30000.0,11980,9,2023,18020.0,60.07
ORD-364,2023-05-20,Laptop,1,2000.0,2844,5,2023,-844.0,-42.2
ORD-365,2024-03-28,Laptop,2,2000.0,35572,3,2024,-33572.0,-1678.6
ORD-366,2023-02-06,Shirt,1,30000.0,19887,2,2023,10113.0,33.71
ORD-367,2023-06-09,Mobile,1,50000.0,19277,6,2023,30723.0,61.45
ORD-368,2023-01-09,Shirt,2,50000.0,38112,1,2023,11888.0,23.78
ORD-369,2023-08-21,Laptop,1,30000.0,23975,8,2023,6025.0,20.08
ORD-372,2023-10-31,Shoes,1,2000.0,2259,10,2023,-259.0,-12.95
ORD-374,2023-05-11,Mobile,1,2000.0,14859,5,2023,-12859.0,-642.95
ORD-375,2024-02-08,Shirt,1,50000.0,26362,2,2024,23638.0,47.28
ORD-376,2023-06-01,Shoes,1,30000.0,28943,6,2023,1057.0,3.52
ORD-377,2023-02-23,Shoes,3,50000.0,22319,2,2023,27681.0,55.36
ORD-378,2023-04-30,Mobile,1,30000.0,36215,4,2023,-6215.0,-20.72
ORD-380,2024-02-12,Laptop,1,50000.0,8697,2,2024,41303.0,82.61
ORD-381,2023-04-26,Shoes,1,50000.0,24075,4,2023,25925.0,51.85
ORD-382,2023-03-16,Laptop,1,2000.0,32360,3,2023,-30360.0,-1518.0
ORD-383,2023-04-23,Shoes,3,30000.0,29160,4,2023,840.0,2.8
ORD-385,2024-02-24,Mobile,3,50000.0,32293,2,2024,17707.0,35.41
ORD-386,2024-02-26,Shirt,1,30000.0,4949,2,2024,25051.0,83.5
ORD-388,2023-12-06,Laptop,1,50000.0,9010,12,2023,40990.0,81.98
ORD-389,2023-09-11,Laptop,1,30000.0,27769,9,2023,2231.0,7.44
ORD-390,2023-08-15,Shirt,2,2000.0,24823,8,2023,-22823.0,-1141.15
ORD-391,2023-04-22,Shoes,2,50000.0,17400,4,2023,32600.0,65.2
ORD-392,2024-04-17,Laptop,1,30000.0,15787,4,2024,14213.0,47.38
ORD-395,2023-12-15,Shirt,2,2000.0,2266,12,2023,-266.0,-13.3
ORD-396,2024-02-06,Mobile,1,50000.0,34246,2,2024,15754.0,31.51
ORD-397,2024-01-19,Laptop,3,2000.0,4977,1,2024,-2977.0,-148.85
ORD-398,2024-01-01,Shirt,2,30000.0,7068,1,2024,22932.0,76.44
ORD-400,2023-07-13,Shoes,1,2000.0,13740,7,2023,-11740.0,-587.0
ORD-401,2023-11-06,Shirt,1,50000.0,23797,11,2023,26203.0,52.41
ORD-402,2023-06-12,Laptop,1,30000.0,8791,6,2023,21209.0,70.7
ORD-403,2023-07-27,Shirt,3,50000.0,1485,7,2023,48515.0,97.03
ORD-404,2024-03-20,Laptop,1,2000.0,31695,3,2024,-29695.0,-1484.75
ORD-407,2023-06-10,Shirt,2,2000.0,26436,6,2023,-24436.0,-1221.8
ORD-408,2023-03-09,Shoes,1,50000.0,16092,3,2023,33908.0,67.82
ORD-409,2023-10-16,Shoes,2,50000.0,35771,10,2023,14229.0,28.46
ORD-410,2024-02-02,Shoes,1,50000.0,2471,2,2024,47529.0,95.06
ORD-411,2023-10-04,Laptop,1,50000.0,28696,10,2023,21304.0,42.61
ORD-413,2024-02-08,Laptop,2,50000.0,8856,2,2024,41144.0,82.29
ORD-414,2024-01-19,Shoes,3,2000.0,29611,1,2024,-27611.0,-1380.55
ORD-415,2024-01-27,Shirt,3,2000.0,10365,1,2024,-8365.0,-418.25
ORD-416,2023-05-15,Shoes,1,2000.0,35373,5,2023,-33373.0,-1668.65
ORD-417,2023-07-14,Shirt,3,2000.0,6664,7,2023,-4664.0,-233.2
ORD-418,2024-02-05,Mobile,1,50000.0,24323,2,2024,25677.0,51.35
ORD-420,2023-02-02,Laptop,2,30000.0,6379,2,2023,23621.0,78.74
ORD-421,2023-06-25,Laptop,2,50000.0,3124,6,2023,46876.0,93.75
ORD-422,2024-04-04,Laptop,1,30000.0,32536,4,2024,-2536.0,-8.45
ORD-424,2024-01-06,Laptop,3,50000.0,7794,1,2024,42206.0,84.41
ORD-425,2024-04-14,Laptop,2,30000.0,30218,4,2024,-218.0,-0.73
ORD-427,2023-01-22,Mobile,2,30000.0,37074,1,2023,-7074.0,-23.58
ORD-428,2023-08-26,Shirt,2,2000.0,28977,8,2023,-26977.0,-1348.85
ORD-429,2023-06-07,Shirt,2,2000.0,29359,6,2023,-27359.0,-1367.95
ORD-432,2023-12-31,Mobile,1,30000.0,10070,12,2023,19930.0,66.43
ORD-434,2024-03-13,Mobile,1,2000.0,19703,3,2024,-17703.0,-885.15
ORD-435,2023-09-21,Mobile,1,2000.0,20267,9,2023,-18267.0,-913.35
ORD-436,2023-10-10,Shirt,1,50000.0,15133,10,2023,34867.0,69.73
ORD-437,2023-01-27,Shoes,2,30000.0,29571,1,2023,429.0,1.43
ORD-441,2023-04-07,Shirt,2,30000.0,20003,4,2023,9997.0,33.32
ORD-442,2023-10-11,Mobile,1,2000.0,22871,10,2023,-20871.0,-1043.55
ORD-445,2024-04-25,Shoes,2,2000.0,10387,4,2024,-8387.0,-419.35
ORD-447,2023-11-13,Laptop,1,50000.0,27902,11,2023,22098.0,44.2
ORD-448,2023-10-31,Laptop,1,2000.0,15839,10,2023,-13839.0,-691.95
ORD-449,2023-05-27,Shirt,3,2000.0,36373,5,2023,-34373.0,-1718.65
ORD-450,2023-01-04,Mobile,1,2000.0,36306,1,2023,-34306.0,-1715.3
ORD-451,2023-02-04,Laptop,3,50000.0,14896,2,2023,35104.0,70.21
ORD-452,2023-07-11,Mobile,2,2000.0,17198,7,2023,-15198.0,-759.9
ORD-453,2023-02-18,Shirt,1,30000.0,35524,2,2023,-5524.0,-18.41
ORD-454,2023-01-17,Shirt,1,30000.0,29651,1,2023,349.0,1.16
ORD-455,2023-06-21,Laptop,1,30000.0,33636,6,2023,-3636.0,-12.12
ORD-456,2023-08-08,Shirt,1,2000.0,35128,8,2023,-33128.0,-1656.4
ORD-457,2023-06-07,Shoes,3,2000.0,28144,6,2023,-26144.0,-1307.2
ORD-458,2024-04-21,Shoes,1,2000.0,19757,4,2024,-17757.0,-887.85
ORD-459,2023-02-15,Laptop,2,50000.0,34963,2,2023,15037.0,30.07
ORD-460,2024-01-08,Shoes,2,30000.0,19515,1,2024,10485.0,34.95
ORD-463,2024-01-15,Laptop,2,2000.0,16777,1,2024,-14777.0,-738.85
ORD-464,2023-08-21,Mobile,2,50000.0,20794,8,2023,29206.0,58.41
ORD-465,2023-02-06,Shoes,1,2000.0,33544,2,2023,-31544.0,-1577.2
ORD-467,2023-12-15,Shoes,2,30000.0,32023,12,2023,-2023.0,-6.74
ORD-469,2023-10-29,Laptop,1,30000.0,24665,10,2023,5335.0,17.78
ORD-470,2023-06-30,Shoes,3,30000.0,32126,6,2023,-2126.0,-7.09
ORD-471,2023-04-05,Shirt,3,50000.0,20481,4,2023,29519.0,59.04
ORD-473,2023-07-07,Mobile,1,2000.0,35101,7,2023,-33101.0,-1655.05
ORD-474,2024-04-25,Laptop,1,50000.0,24549,4,2024,25451.0,50.9
ORD-475,2023-04-26,Mobile,1,30000.0,4336,4,2023,25664.0,85.55
ORD-477,2023-09-10,Laptop,2,2000.0,37155,9,2023,-35155.0,-1757.75
ORD-478,2024-04-13,Shirt,2,50000.0,38481,4,2024,11519.0,23.04
ORD-479,2024-02-20,Shoes,1,2000.0,32567,2,2024,-30567.0,-1528.35
ORD-481,2023-06-10,Laptop,2,2000.0,3431,6,2023,-1431.0,-71.55
ORD-482,2023-09-13,Mobile,1,50000.0,34784,9,2023,15216.0,30.43
ORD-483,2023-11-19,Shoes,2,2000.0,18025,11,2023,-16025.0,-801.25
ORD-485,2023-01-18,Shirt,1,50000.0,9507,1,2023,40493.0,80.99
ORD-486,2023-10-08,Shirt,1,30000.0,34208,10,2023,-4208.0,-14.03
ORD-487,2024-05-04,Laptop,1,50000.0,18522,5,2024,31478.0,62.96
ORD-489,2023-02-23,Shirt,1,2000.0,39011,2,2023,-37011.0,-1850.55
ORD-490,2023-02-27,Shoes,2,30000.0,36071,2,2023,-6071.0,-20.24
ORD-491,2023-11-19,Shoes,1,30000.0,31413,11,2023,-1413.0,-4.71
ORD-492,2023-12-26,Laptop,3,2000.0,15040,12,2023,-13040.0,-652.0
ORD-494,2023-10-07,Shoes,1,50000.0,8046,10,2023,41954.0,83.91
ORD-496,2023-10-15,Shoes,3,30000.0,19462,10,2023,10538.0,35.13
ORD-497,2024-03-06,Laptop,3,50000.0,39871,3,2024,10129.0,20.26
ORD-498,2023-12-08,Shirt,3,50000.0,21534,12,2023,28466.0,56.93
ORD-499,2023-05-31,Mobile,2,2000.0,35968,5,2023,-33968.0,-1698.4
ORD-501,2023-05-07,Shirt,1,50000.0,10009,5,2023,39991.0,79.98
ORD-502,2023-06-04,Laptop,1,2000.0,2946,6,2023,-946.0,-47.3
ORD-504,2024-01-21,Shoes,3,30000.0,4325,1,2024,25675.0,85.58
ORD-505,2024-04-18,Laptop,1,30000.0,9699,4,2024,20301.0,67.67
ORD-507,2023-04-14,Laptop,1,50000.0,31794,4,2023,18206.0,36.41
ORD-508,2024-02-21,Laptop,3,50000.0,25544,2,2024,24456.0,48.91
ORD-509,2024-01-28,Laptop,1,30000.0,22198,1,2024,7802.0,26.01
ORD-510,2023-10-26,Mobile,2,30000.0,14489,10,2023,15511.0,51.7
ORD-511,2023-09-03,Shirt,1,50000.0,23474,9,2023,26526.0,53.05
ORD-513,2023-02-08,Shirt,1,30000.0,3677,2,2023,26323.0,87.74
ORD-514,2024-04-21,Shoes,3,50000.0,35512,4,2024,14488.0,28.98
ORD-516,2023-09-04,Shirt,3,2000.0,2177,9,2023,-177.0,-8.85
ORD-518,2023-12-21,Mobile,1,50000.0,38546,12,2023,11454.0,22.91
ORD-520,2024-02-13,Shoes,1,50000.0,21110,2,2024,28890.0,57.78
ORD-521,2024-02-12,Mobile,1,30000.0,29253,2,2024,747.0,2.49
ORD-522,2023-01-13,Shoes,1,2000.0,19317,1,2023,-17317.0,-865.85
ORD-523,2023-11-12,Shirt,1,30000.0,29433,11,2023,567.0,1.89
ORD-524,2024-01-26,Shoes,1,30000.0,8179,1,2024,21821.0,72.74
ORD-525,2023-11-09,Mobile,1,50000.0,15849,11,2023,34151.0,68.3
ORD-526,2023-02-05,Shirt,3,50000.0,5444,2,2023,44556.0,89.11
ORD-527,2023-06-22,Shirt,1,50000.0,3964,6,2023,46036.0,92.07
ORD-528,2023-01-20,Laptop,3,50000.0,13811,1,2023,36189.0,72.38
ORD-529,2023-11-17,Laptop,1,30000.0,11067,11,2023,18933.0,63.11
ORD-530,2023-09-21,Mobile,1,50000.0,11472,9,2023,38528.0,77.06
ORD-531,2024-05-08,Shoes,2,50000.0,16126,5,2024,33874.0,67.75
ORD-532,2024-02-04,Shoes,1,30000.0,4101,2,2024,25899.0,86.33
ORD-533,2023-05-22,Mobile,1,2000.0,27990,5,2023,-25990.0,-1299.5
ORD-534,2024-04-04,Shirt,1,2000.0,37665,4,2024,-35665.0,-1783.25
ORD-536,2024-04-15,Mobile,2,30000.0,35611,4,2024,-5611.0,-18.7
ORD-537,2023-05-23,Shirt,2,50000.0,31729,5,2023,18271.0,36.54
ORD-539,2023-12-20,Mobile,1,2000.0,16958,12,2023,-14958.0,-747.9
ORD-540,2023-11-18,Shoes,1,2000.0,25250,11,2023,-23250.0,-1162.5
ORD-541,2023-10-15,Mobile,1,30000.0,8083,10,2023,21917.0,73.06
ORD-542,2023-08-03,Shirt,1,50000.0,22756,8,2023,27244.0,54.49
ORD-543,2024-03-22,Shirt,1,50000.0,2466,3,2024,47534.0,95.07
ORD-545,2023-02-20,Shirt,1,2000.0,22103,2,2023,-20103.0,-1005.15
ORD-549,2023-07-09,Shirt,1,50000.0,27044,7,2023,22956.0,45.91
ORD-550,2023-05-05,Shirt,1,2000.0,11334,5,2023,-9334.0,-466.7
ORD-552,2023-11-10,Mobile,3,2000.0,37259,11,2023,-35259.0,-1762.95
ORD-553,2023-02-27,Laptop,3,2000.0,1789,2,2023,211.0,10.55
ORD-556,2023-06-29,Mobile,3,30000.0,20806,6,2023,9194.0,30.65
ORD-557,2023-06-19,Shoes,3,50000.0,37979,6,2023,12021.0,24.04
ORD-558,2023-11-22,Shirt,2,2000.0,9823,11,2023,-7823.0,-391.15
ORD-561,2024-05-05,Laptop,2,2000.0,1290,5,2024,710.0,35.5
ORD-563,2023-04-11,Shoes,2,30000.0,6870,4,2023,23130.0,77.1
ORD-564,2024-04-25,Mobile,1,2000.0,34397,4,2024,-32397.0,-1619.85
ORD-566,2023-02-22,Mobile,1,2000.0,39711,2,2023,-37711.0,-1885.55
ORD-569,2023-04-18,Shirt,1,50000.0,5080,4,2023,44920.0,89.84
ORD-570,2023-01-05,Shoes,1,2000.0,13972,1,2023,-11972.0,-598.6
ORD-571,2023-04-13,Shoes,1,50000.0,2760,4,2023,47240.0,94.48
ORD-573,2023-09-19,Mobile,1,2000.0,38476,9,2023,-36476.0,-1823.8
ORD-574,2023-12-31,Shirt,1,2000.0,24304,12,2023,-22304.0,-1115.2
ORD-575,2024-04-24,Shoes,1,30000.0,13166,4,2024,16834.0,56.11
ORD-576,2024-01-07,Shirt,1,30000.0,4398,1,2024,25602.0,85.34
ORD-581,2024-02-28,Laptop,2,30000.0,11607,2,2024,18393.0,61.31
ORD-582,2023-11-04,Shirt,3,2000.0,31006,11,2023,-29006.0,-1450.3
ORD-583,2023-05-24,Shoes,3,50000.0,14018,5,2023,35982.0,71.96
ORD-584,2023-09-26,Mobile,1,2000.0,10816,9,2023,-8816.0,-440.8
ORD-585,2024-01-05,Laptop,3,2000.0,21494,1,2024,-19494.0,-974.7
ORD-586,2023-05-04,Shoes,2,30000.0,22237,5,2023,7763.0,25.88
ORD-587,2023-04-16,Mobile,3,2000.0,7831,4,2023,-5831.0,-291.55
ORD-588,2023-06-07,Mobile,3,2000.0,31541,6,2023,-29541.0,-1477.05
ORD-590,2023-05-25,Shoes,3,50000.0,6584,5,2023,43416.0,86.83
ORD-591,2023-04-30,Shoes,1,2000.0,28156,4,2023,-26156.0,-1307.8
ORD-592,2023-11-15,Shirt,2,2000.0,37559,11,2023,-35559.0,-1777.95
ORD-593,2023-10-02,Mobile,2,50000.0,22465,10,2023,27535.0,55.07
ORD-595,2023-02-27,Mobile,1,30000.0,11190,2,2023,18810.0,62.7
ORD-596,2024-03-14,Shirt,2,30000.0,6335,3,2024,23665.0,78.88
ORD-597,2023-12-12,Mobile,2,2000.0,7260,12,2023,-5260.0,-263.0
ORD-599,2024-04-18,Mobile,1,30000.0,16605,4,2024,13395.0,44.65
ORD-600,2023-04-27,Laptop,3,30000.0,19559,4,2023,10441.0,34.8
ORD-601,2023-11-14,Shoes,3,30000.0,21557,11,2023,8443.0,28.14
ORD-602,2023-10-06,Shirt,3,30000.0,36556,10,2023,-6556.0,-21.85
ORD-603,2023-05-07,Mobile,2,30000.0,25917,5,2023,4083.0,13.61
ORD-604,2024-01-28,Laptop,1,2000.0,26937,1,2024,-24937.0,-1246.85
ORD-605,2024-01-31,Shirt,1,30000.0,32538,1,2024,-2538.0,-8.46
ORD-606,2023-05-09,Shirt,1,2000.0,7721,5,2023,-5721.0,-286.05
ORD-607,2023-02-27,Shoes,1,50000.0,21575,2,2023,28425.0,56.85
ORD-608,2023-05-02,Shirt,3,50000.0,8312,5,2023,41688.0,83.38
ORD-610,2023-08-27,Shirt,1,2000.0,34763,8,2023,-32763.0,-1638.15
ORD-612,2023-04-06,Mobile,2,50000.0,25761,4,2023,24239.0,48.48
ORD-613,2023-05-06,Mobile,3,50000.0,2693,5,2023,47307.0,94.61
ORD-614,2023-04-28,Mobile,1,50000.0,3590,4,2023,46410.0,92.82
ORD-615,2023-02-17,Mobile,2,50000.0,31870,2,2023,18130.0,36.26
ORD-616,2023-03-30,Laptop,2,30000.0,10534,3,2023,19466.0,64.89
ORD-617,2024-05-02,Mobile,2,50000.0,8921,5,2024,41079.0,82.16
ORD-618,2023-08-25,Shirt,1,30000.0,2691,8,2023,27309.0,91.03
ORD-619,2024-01-08,Mobile,1,30000.0,3904,1,2024,26096.0,86.99
ORD-621,2023-09-29,Shoes,3,30000.0,19764,9,2023,10236.0,34.12
ORD-623,2024-05-01,Mobile,3,30000.0,16783,5,2024,13217.0,44.06
ORD-624,2023-07-11,Mobile,1,30000.0,9515,7,2023,20485.0,68.28
ORD-625,2024-03-22,Mobile,3,50000.0,3070,3,2024,46930.0,93.86
ORD-626,2023-03-10,Laptop,1,2000.0,18314,3,2023,-16314.0,-815.7
ORD-627,2023-10-05,Mobile,1,30000.0,14771,10,2023,15229.0,50.76
ORD-628,2023-12-15,Shoes,2,2000.0,32240,12,2023,-30240.0,-1512.0
ORD-629,2023-09-04,Shirt,2,2000.0,18828,9,2023,-16828.0,-841.4
ORD-630,2024-03-26,Shirt,3,2000.0,25978,3,2024,-23978.0,-1198.9
ORD-631,2023-03-17,Mobile,1,30000.0,21936,3,2023,8064.0,26.88
ORD-632,2023-06-03,Mobile,2,2000.0,27082,6,2023,-25082.0,-1254.1
ORD-633,2023-05-24,Mobile,2,30000.0,18905,5,2023,11095.0,36.98
ORD-634,2024-03-10,Shirt,1,50000.0,4098,3,2024,45902.0,91.8
ORD-635,2024-04-29,Shirt,1,30000.0,28020,4,2024,1980.0,6.6
ORD-637,2023-07-04,Shoes,3,50000.0,11985,7,2023,38015.0,76.03
ORD-638,2023-10-12,Laptop,3,2000.0,9283,10,2023,-7283.0,-364.15
ORD-639,2024-04-06,Shoes,3,2000.0,38708,4,2024,-36708.0,-1835.4
ORD-641,2023-03-10,Shirt,1,50000.0,35521,3,2023,14479.0,28.96
ORD-643,2024-05-11,Shoes,1,2000.0,14276,5,2024,-12276.0,-613.8
ORD-644,2023-04-04,Mobile,3,30000.0,6781,4,2023,23219.0,77.4
ORD-645,2023-08-26,Shoes,1,2000.0,17471,8,2023,-15471.0,-773.55
ORD-647,2024-05-14,Shirt,2,30000.0,36730,5,2024,-6730.0,-22.43
ORD-648,2024-03-28,Shoes,1,30000.0,6413,3,2024,23587.0,78.62
ORD-649,2023-07-23,Laptop,3,2000.0,8420,7,2023,-6420.0,-321.0
ORD-650,2024-02-04,Shoes,3,30000.0,27527,2,2024,2473.0,8.24
ORD-651,2023-08-06,Mobile,1,50000.0,13029,8,2023,36971.0,73.94
ORD-652,2024-04-18,Shirt,3,2000.0,37525,4,2024,-35525.0,-1776.25
ORD-653,2024-03-07,Laptop,1,2000.0,38564,3,2024,-36564.0,-1828.2
ORD-654,2023-12-07,Shoes,2,50000.0,37060,12,2023,12940.0,25.88
ORD-655,2023-02-08,Mobile,2,2000.0,4832,2,2023,-2832.0,-141.6
ORD-658,2023-09-11,Laptop,2,2000.0,28589,9,2023,-26589.0,-1329.45
ORD-659,2023-08-10,Shirt,1,50000.0,26421,8,2023,23579.0,47.16
ORD-660,2023-12-23,Laptop,2,30000.0,12068,12,2023,17932.0,59.77
ORD-661,2023-01-23,Shoes,1,50000.0,4346,1,2023,45654.0,91.31
ORD-663,2023-01-10,Shoes,1,2000.0,5200,1,2023,-3200.0,-160.0
ORD-664,2023-09-03,Shoes,1,50000.0,9527,9,2023,40473.0,80.95
ORD-665,2023-11-21,Shirt,1,30000.0,11535,11,2023,18465.0,61.55
ORD-666,2023-04-10,Shirt,3,30000.0,18944,4,2023,11056.0,36.85
ORD-667,2023-10-17,Shirt,1,30000.0,5164,10,2023,24836.0,82.79
ORD-668,2023-06-29,Shoes,1,30000.0,31022,6,2023,-1022.0,-3.41
ORD-669,2023-08-11,Laptop,2,50000.0,13438,8,2023,36562.0,73.12
ORD-670,2024-01-29,Laptop,1,30000.0,24104,1,2024,5896.0,19.65
ORD-672,2023-05-27,Shoes,1,30000.0,7713,5,2023,22287.0,74.29
ORD-674,2023-04-06,Shirt,1,50000.0,32354,4,2023,17646.0,35.29
ORD-676,2023-11-21,Shoes,3,50000.0,15275,11,2023,34725.0,69.45
ORD-677,2024-05-07,Shoes,3,30000.0,19793,5,2024,10207.0,34.02
ORD-678,2023-01-04,Laptop,1,2000.0,38066,1,2023,-36066.0,-1803.3
ORD-681,2023-12-02,Shoes,1,2000.0,33771,12,2023,-31771.0,-1588.55
ORD-682,2023-09-04,Mobile,1,50000.0,14440,9,2023,35560.0,71.12
ORD-683,2023-09-15,Mobile,3,50000.0,12289,9,2023,37711.0,75.42
ORD-684,2024-05-11,Laptop,3,30000.0,6161,5,2024,23839.0,79.46
ORD-686,2024-01-19,Mobile,2,50000.0,16942,1,2024,33058.0,66.12
ORD-687,2023-06-09,Laptop,2,30000.0,39369,6,2023,-9369.0,-31.23
ORD-688,2024-04-19,Shoes,2,50000.0,15184,4,2024,34816.0,69.63
ORD-689,2023-12-06,Shoes,3,2000.0,3947,12,2023,-1947.0,-97.35
ORD-690,2023-06-01,Laptop,2,2000.0,7238,6,2023,-5238.0,-261.9
ORD-691,2024-01-31,Shirt,1,2000.0,14156,1,2024,-12156.0,-607.8
ORD-692,2023-06-27,Laptop,1,30000.0,3411,6,2023,26589.0,88.63
ORD-694,2024-01-15,Mobile,2,2000.0,9308,1,2024,-7308.0,-365.4
ORD-695,2023-02-02,Laptop,3,2000.0,3924,2,2023,-1924.0,-96.2
ORD-696,2024-02-21,Laptop,2,50000.0,36605,2,2024,13395.0,26.79
ORD-697,2024-03-20,Shoes,3,2000.0,1576,3,2024,424.0,21.2
ORD-699,2024-03-02,Shoes,1,30000.0,9963,3,2024,20037.0,66.79
ORD-700,2023-04-11,Shoes,2,2000.0,25291,4,2023,-23291.0,-1164.55
ORD-701,2023-09-25,Shirt,1,30000.0,33728,9,2023,-3728.0,-12.43
ORD-702,2023-11-19,Shirt,3,30000.0,19789,11,2023,10211.0,34.04
ORD-704,2024-02-21,Mobile,1,50000.0,16658,2,2024,33342.0,66.68
ORD-705,2023-06-17,Shirt,1,50000.0,39907,6,2023,10093.0,20.19
ORD-706,2023-11-26,Shirt,1,30000.0,15184,11,2023,14816.0,49.39
ORD-707,2023-02-12,Shirt,3,2000.0,32747,2,2023,-30747.0,-1537.35
ORD-708,2023-02-13,Shirt,1,30000.0,13965,2,2023,16035.0,53.45
ORD-709,2023-10-12,Shirt,3,50000.0,11493,10,2023,38507.0,77.01
ORD-710,2024-02-01,Shoes,3,2000.0,27178,2,2024,-25178.0,-1258.9
ORD-711,2023-01-12,Mobile,1,50000.0,34887,1,2023,15113.0,30.23
ORD-713,2023-10-29,Shoes,3,50000.0,9000,10,2023,41000.0,82.0
ORD-714,2024-01-21,Laptop,1,2000.0,9065,1,2024,-7065.0,-353.25
ORD-715,2023-09-10,Shoes,2,2000.0,2085,9,2023,-85.0,-4.25
ORD-716,2024-05-13,Shirt,1,30000.0,4532,5,2024,25468.0,84.89
ORD-717,2023-08-30,Shirt,3,2000.0,18622,8,2023,-16622.0,-831.1
ORD-719,2023-08-03,Laptop,2,50000.0,21197,8,2023,28803.0,57.61
ORD-720,2023-12-03,Laptop,1,30000.0,13008,12,2023,16992.0,56.64
ORD-721,2023-03-31,Laptop,2,30000.0,13962,3,2023,16038.0,53.46
ORD-722,2023-09-21,Laptop,1,2000.0,9012,9,2023,-7012.0,-350.6
ORD-724,2024-02-14,Laptop,1,30000.0,19628,2,2024,10372.0,34.57
ORD-727,2024-02-22,Laptop,2,50000.0,16111,2,2024,33889.0,67.78
ORD-728,2023-04-25,Laptop,3,50000.0,34891,4,2023,15109.0,30.22
ORD-729,2023-04-15,Shoes,1,50000.0,22565,4,2023,27435.0,54.87
ORD-731,2023-07-15,Shoes,1,50000.0,3589,7,2023,46411.0,92.82
ORD-732,2023-11-10,Shoes,1,30000.0,10749,11,2023,19251.0,64.17
ORD-733,2023-04-24,Laptop,1,30000.0,23683,4,2023,6317.0,21.06
ORD-734,2024-05-07,Shirt,3,2000.0,5501,5,2024,-3501.0,-175.05
ORD-736,2024-02-17,Shoes,3,50000.0,20157,2,2024,29843.0,59.69
ORD-737,2024-01-11,Laptop,3,30000.0,20169,1,2024,9831.0,32.77
ORD-740,2023-10-04,Mobile,2,50000.0,29219,10,2023,20781.0,41.56
ORD-742,2023-06-13,Laptop,2,50000.0,17838,6,2023,32162.0,64.32
ORD-743,2024-01-29,Shoes,1,50000.0,38065,1,2024,11935.0,23.87
ORD-744,2023-12-23,Mobile,3,50000.0,31427,12,2023,18573.0,37.15
ORD-747,2023-07-11,Mobile,1,50000.0,26299,7,2023,23701.0,47.4
ORD-749,2023-06-26,Shoes,3,50000.0,33667,6,2023,16333.0,32.67
ORD-750,2023-04-09,Shirt,2,2000.0,16948,4,2023,-14948.0,-747.4
ORD-753,2024-04-10,Shirt,3,2000.0,15157,4,2024,-13157.0,-657.85
ORD-754,2024-05-11,Laptop,3,2000.0,18021,5,2024,-16021.0,-801.05
ORD-755,2024-05-01,Mobile,1,2000.0,9356,5,2024,-7356.0,-367.8
ORD-756,2023-04-06,Mobile,1,50000.0,36573,4,2023,13427.0,26.85
ORD-757,2023-06-01,Laptop,1,50000.0,2223,6,2023,47777.0,95.55
ORD-758,2023-05-31,Shirt,1,30000.0,37110,5,2023,-7110.0,-23.7
ORD-759,2023-07-09,Shoes,1,2000.0,25626,7,2023,-23626.0,-1181.3
ORD-760,2023-08-12,Shoes,2,30000.0,31917,8,2023,-1917.0,-6.39
ORD-761,2023-02-06,Laptop,3,50000.0,22526,2,2023,27474.0,54.95
ORD-763,2024-01-04,Mobile,1,2000.0,39829,1,2024,-37829.0,-1891.45
ORD-765,2023-01-13,Laptop,1,50000.0,21745,1,2023,28255.0,56.51
ORD-766,2023-10-06,Shoes,3,2000.0,21336,10,2023,-19336.0,-966.8
ORD-767,2023-08-05,Shirt,3,30000.0,31796,8,2023,-1796.0,-5.99
ORD-768,2023-12-21,Shirt,1,30000.0,28167,12,2023,1833.0,6.11
ORD-769,2023-12-27,Laptop,2,50000.0,1880,12,2023,48120.0,96.24
ORD-771,2023-09-30,Shirt,3,50000.0,39892,9,2023,10108.0,20.22
ORD-773,2023-03-03,Laptop,1,50000.0,38952,3,2023,11048.0,22.1
ORD-774,2023-03-25,Shirt,3,30000.0,19368,3,2023,10632.0,35.44
ORD-776,2023-08-05,Mobile,1,50000.0,14223,8,2023,35777.0,71.55
ORD-777,2023-12-08,Mobile,1,2000.0,32395,12,2023,-30395.0,-1519.75
ORD-778,2024-02-01,Mobile,1,30000.0,31261,2,2024,-1261.0,-4.2
ORD-779,2023-07-06,Mobile,1,30000.0,10984,7,2023,19016.0,63.39
ORD-780,2023-01-19,Shoes,1,2000.0,3798,1,2023,-1798.0,-89.9
ORD-781,2023-06-26,Mobile,1,50000.0,8603,6,2023,41397.0,82.79
ORD-783,2024-01-31,Laptop,1,30000.0,35261,1,2024,-5261.0,-17.54
ORD-784,2024-03-20,Shirt,1,50000.0,16707,3,2024,33293.0,66.59
ORD-785,2023-08-21,Shoes,2,2000.0,19009,8,2023,-17009.0,-850.45
ORD-787,2023-03-17,Laptop,1,50000.0,4246,3,2023,45754.0,91.51
ORD-788,2023-09-22,Shoes,3,50000.0,30825,9,2023,19175.0,38.35
ORD-789,2024-03-30,Laptop,2,30000.0,16925,3,2024,13075.0,43.58
ORD-790,2023-10-11,Laptop,3,30000.0,2316,10,2023,27684.0,92.28
ORD-792,2023-08-11,Laptop,1,50000.0,32072,8,2023,17928.0,35.86
ORD-793,2024-01-19,Mobile,3,2000.0,3026,1,2024,-1026.0,-51.3
ORD-794,2023-02-21,Mobile,1,2000.0,2547,2,2023,-547.0,-27.35
ORD-796,2024-01-02,Laptop,2,50000.0,37546,1,2024,12454.0,24.91
ORD-797,2023-05-24,Shirt,2,30000.0,23169,5,2023,6831.0,22.77
ORD-798,2024-01-08,Mobile,3,50000.0,21107,1,2024,28893.0,57.79
ORD-799,2023-03-10,Mobile,3,30000.0,35291,3,2023,-5291.0,-17.64
ORD-800,2023-04-09,Mobile,2,2000.0,28279,4,2023,-26279.0,-1313.95
ORD-804,2024-01-14,Shirt,2,30000.0,13795,1,2024,16205.0,54.02
ORD-805,2024-04-13,Shirt,1,2000.0,18000,4,2024,-16000.0,-800.0
ORD-806,2024-04-28,Shoes,2,2000.0,21899,4,2024,-19899.0,-994.95
ORD-809,2023-05-24,Mobile,2,30000.0,20005,5,2023,9995.0,33.32
ORD-810,2023-02-26,Shirt,1,30000.0,19477,2,2023,10523.0,35.08
ORD-811,2023-02-08,Shoes,3,50000.0,20560,2,2023,29440.0,58.88
ORD-812,2023-04-19,Shoes,2,30000.0,26708,4,2023,3292.0,10.97
ORD-813,2023-06-30,Mobile,1,50000.0,20954,6,2023,29046.0,58.09
ORD-815,2023-07-05,Laptop,1,2000.0,19530,7,2023,-17530.0,-876.5
ORD-816,2024-02-27,Shoes,2,30000.0,1705,2,2024,28295.0,94.32
ORD-817,2024-02-02,Mobile,1,2000.0,37580,2,2024,-35580.0,-1779.0
ORD-818,2023-08-11,Mobile,1,30000.0,28046,8,2023,1954.0,6.51
ORD-819,2023-05-02,Shirt,1,30000.0,21152,5,2023,8848.0,29.49
ORD-820,2023-05-13,Mobile,1,50000.0,32855,5,2023,17145.0,34.29
ORD-821,2023-06-12,Shoes,3,30000.0,3319,6,2023,26681.0,88.94
ORD-823,2023-08-09,Mobile,1,2000.0,22605,8,2023,-20605.0,-1030.25
ORD-824,2023-08-23,Laptop,3,30000.0,1209,8,2023,28791.0,95.97
ORD-825,2023-11-27,Laptop,1,2000.0,5834,11,2023,-3834.0,-191.7
ORD-826,2023-05-26,Shoes,1,2000.0,32512,5,2023,-30512.0,-1525.6
ORD-827,2023-08-27,Shirt,2,2000.0,13446,8,2023,-11446.0,-572.3
ORD-828,2023-03-17,Laptop,1,30000.0,4962,3,2023,25038.0,83.46
ORD-829,2023-01-09,Shirt,3,50000.0,14028,1,2023,35972.0,71.94
ORD-830,2023-03-15,Shoes,1,2000.0,22903,3,2023,-20903.0,-1045.15
ORD-831,2024-03-17,Laptop,1,2000.0,12717,3,2024,-10717.0,-535.85
ORD-832,2024-05-06,Shirt,1,30000.0,38562,5,2024,-8562.0,-28.54
ORD-833,2024-02-05,Laptop,1,30000.0,31545,2,2024,-1545.0,-5.15
ORD-836,2023-01-07,Laptop,2,50000.0,21320,1,2023,28680.0,57.36
ORD-837,2023-06-23,Shirt,3,50000.0,20301,6,2023,29699.0,59.4
ORD-838,2023-05-21,Mobile,3,50000.0,19181,5,2023,30819.0,61.64
ORD-839,2023-06-17,Mobile,3,50000.0,10168,6,2023,39832.0,79.66
ORD-840,2023-06-19,Laptop,1,2000.0,3573,6,2023,-1573.0,-78.65
ORD-841,2024-01-28,Shirt,3,30000.0,19973,1,2024,10027.0,33.42
ORD-843,2023-10-10,Shoes,2,2000.0,21801,10,2023,-19801.0,-990.05
ORD-844,2023-05-02,Shirt,3,30000.0,29644,5,2023,356.0,1.19
ORD-845,2023-07-13,Mobile,1,30000.0,28523,7,2023,1477.0,4.92
ORD-846,2023-01-05,Shirt,3,2000.0,34481,1,2023,-32481.0,-1624.05
ORD-847,2023-01-29,Laptop,3,2000.0,19807,1,2023,-17807.0,-890.35
ORD-849,2024-02-26,Mobile,1,50000.0,20951,2,2024,29049.0,58.1
ORD-850,2023-12-05,Laptop,3,50000.0,6375,12,2023,43625.0,87.25
ORD-853,2023-12-31,Mobile,3,50000.0,10870,12,2023,39130.0,78.26
ORD-854,2023-11-17,Laptop,3,2000.0,19531,11,2023,-17531.0,-876.55
ORD-855,2023-12-08,Shirt,3,50000.0,10109,12,2023,39891.0,79.78
ORD-856,2024-05-14,Shoes,1,30000.0,27842,5,2024,2158.0,7.19
ORD-857,2023-05-25,Mobile,1,30000.0,11716,5,2023,18284.0,60.95
ORD-859,2023-08-05,Shirt,3,50000.0,37819,8,2023,12181.0,24.36
ORD-860,2023-10-28,Shirt,2,50000.0,33433,10,2023,16567.0,33.13
ORD-861,2023-05-12,Laptop,2,30000.0,26204,5,2023,3796.0,12.65
ORD-862,2023-10-19,Shoes,1,50000.0,37530,10,2023,12470.0,24.94
ORD-865,2024-02-19,Laptop,1,30000.0,13122,2,2024,16878.0,56.26
ORD-866,2023-10-02,Mobile,2,50000.0,31898,10,2023,18102.0,36.2
ORD-867,2024-03-20,Shirt,1,50000.0,16841,3,2024,33159.0,66.32
ORD-868,2023-12-30,Shirt,1,30000.0,26582,12,2023,3418.0,11.39
ORD-869,2023-07-01,Shoes,3,2000.0,11042,7,2023,-9042.0,-452.1
ORD-870,2023-06-16,Mobile,3,2000.0,27505,6,2023,-25505.0,-1275.25
ORD-871,2023-04-01,Shirt,2,50000.0,24294,4,2023,25706.0,51.41
ORD-873,2023-12-12,Shoes,2,2000.0,19516,12,2023,-17516.0,-875.8
ORD-874,2023-01-19,Laptop,2,50000.0,7932,1,2023,42068.0,84.14
ORD-875,2023-02-08,Shoes,1,2000.0,18909,2,2023,-16909.0,-845.45
ORD-876,2023-05-06,Shirt,1,30000.0,31241,5,2023,-1241.0,-4.14
ORD-877,2024-03-26,Laptop,1,2000.0,17712,3,2024,-15712.0,-785.6
ORD-878,2023-06-22,Mobile,1,2000.0,3657,6,2023,-1657.0,-82.85
ORD-879,2023-05-21,Mobile,1,30000.0,30105,5,2023,-105.0,-0.35
ORD-881,2023-08-08,Shirt,3,50000.0,23356,8,2023,26644.0,53.29
ORD-884,2023-05-28,Shirt,2,2000.0,35366,5,2023,-33366.0,-1668.3
ORD-885,2024-04-20,Shirt,1,50000.0,4851,4,2024,45149.0,90.3
ORD-886,2024-03-31,Mobile,1,2000.0,28048,3,2024,-26048.0,-1302.4
ORD-887,2023-11-13,Mobile,2,30000.0,8582,11,2023,21418.0,71.39
ORD-890,2024-02-27,Shoes,3,30000.0,6934,2,2024,23066.0,76.89
ORD-891,2023-01-01,Shirt,2,50000.0,22952,1,2023,27048.0,54.1
ORD-894,2023-12-14,Shirt,1,50000.0,7242,12,2023,42758.0,85.52
ORD-895,2023-07-09,Laptop,1,2000.0,29620,7,2023,-27620.0,-1381.0
ORD-896,2023-07-10,Shirt,1,30000.0,26905,7,2023,3095.0,10.32
ORD-897,2024-01-04,Shirt,2,50000.0,11796,1,2024,38204.0,76.41
ORD-898,2024-02-13,Shirt,3,30000.0,38275,2,2024,-8275.0,-27.58
ORD-899,2023-11-08,Shirt,1,30000.0,14937,11,2023,15063.0,50.21
ORD-901,2024-02-26,Shirt,2,50000.0,20569,2,2024,29431.0,58.86
ORD-902,2023-04-27,Laptop,1,30000.0,13343,4,2023,16657.0,55.52
ORD-903,2023-05-14,Laptop,1,2000.0,12533,5,2023,-10533.0,-526.65
ORD-904,2023-02-27,Shirt,2,30000.0,32132,2,2023,-2132.0,-7.11
ORD-906,2023-06-22,Shoes,3,2000.0,16438,6,2023,-14438.0,-721.9
ORD-907,2023-06-09,Shirt,1,2000.0,27366,6,2023,-25366.0,-1268.3
ORD-908,2023-06-22,Shirt,1,50000.0,14968,6,2023,35032.0,70.06
ORD-909,2023-11-13,Shirt,3,2000.0,18490,11,2023,-16490.0,-824.5
ORD-910,2023-10-30,Mobile,1,50000.0,20173,10,2023,29827.0,59.65
ORD-911,2023-05-29,Mobile,1,50000.0,11376,5,2023,38624.0,77.25
ORD-912,2023-03-21,Mobile,2,2000.0,26114,3,2023,-24114.0,-1205.7
ORD-913,2024-01-09,Shoes,1,50000.0,22168,1,2024,27832.0,55.66
ORD-914,2023-08-01,Laptop,1,50000.0,1718,8,2023,48282.0,96.56
ORD-915,2023-07-22,Shoes,1,2000.0,37763,7,2023,-35763.0,-1788.15
ORD-917,2023-08-17,Laptop,2,30000.0,22814,8,2023,7186.0,23.95
ORD-918,2023-06-13,Laptop,1,50000.0,31711,6,2023,18289.0,36.58
ORD-919,2023-08-15,Mobile,1,50000.0,15177,8,2023,34823.0,69.65
ORD-920,2023-05-27,Mobile,1,2000.0,25570,5,2023,-23570.0,-1178.5
ORD-921,2023-01-20,Shoes,2,30000.0,36364,1,2023,-6364.0,-21.21
ORD-922,2024-03-16,Mobile,3,30000.0,19819,3,2024,10181.0,33.94
ORD-923,2024-02-06,Laptop,1,50000.0,32391,2,2024,17609.0,35.22
ORD-924,2023-02-16,Shirt,3,2000.0,16788,2,2023,-14788.0,-739.4
ORD-926,2023-11-01,Mobile,2,30000.0,21559,11,2023,8441.0,28.14
ORD-928,2023-05-23,Shoes,1,2000.0,21926,5,2023,-19926.0,-996.3
ORD-930,2023-01-01,Laptop,1,2000.0,22875,1,2023,-20875.0,-1043.75
ORD-931,2024-01-08,Laptop,3,50000.0,13857,1,2024,36143.0,72.29
ORD-933,2024-01-09,Mobile,1,50000.0,15920,1,2024,34080.0,68.16
ORD-934,2023-09-16,Shoes,1,50000.0,1247,9,2023,48753.0,97.51
ORD-935,2023-05-24,Laptop,2,2000.0,31846,5,2023,-29846.0,-1492.3
ORD-937,2024-03-16,Mobile,3,30000.0,18365,3,2024,11635.0,38.78
ORD-939,2023-01-12,Mobile,1,30000.0,18949,1,2023,11051.0,36.84
ORD-940,2023-11-26,Mobile,2,50000.0,34503,11,2023,15497.0,30.99
ORD-941,2023-08-12,Laptop,1,50000.0,11851,8,2023,38149.0,76.3
ORD-942,2023-09-29,Laptop,1,2000.0,15406,9,2023,-13406.0,-670.3
ORD-943,2024-03-31,Laptop,2,30000.0,15928,3,2024,14072.0,46.91
ORD-945,2024-04-04,Mobile,1,2000.0,8534,4,2024,-6534.0,-326.7
ORD-946,2024-02-12,Shirt,1,2000.0,2835,2,2024,-835.0,-41.75
ORD-947,2023-06-05,Shoes,1,2000.0,5715,6,2023,-3715.0,-185.75
ORD-949,2023-01-08,Shoes,2,2000.0,23618,1,2023,-21618.0,-1080.9
ORD-951,2023-12-14,Mobile,2,2000.0,10325,12,2023,-8325.0,-416.25
ORD-952,2023-06-13,Shirt,1,30000.0,30446,6,2023,-446.0,-1.49
ORD-953,2023-03-31,Shirt,1,50000.0,34439,3,2023,15561.0,31.12
ORD-954,2023-05-16,Shoes,2,30000.0,2630,5,2023,27370.0,91.23
ORD-955,2023-07-05,Laptop,3,30000.0,34128,7,2023,-4128.0,-13.76
ORD-956,2023-11-12,Shoes,1,2000.0,15713,11,2023,-13713.0,-685.65
ORD-957,2023-06-27,Laptop,2,30000.0,11584,6,2023,18416.0,61.39
ORD-958,2023-01-28,Shirt,3,30000.0,4901,1,2023,25099.0,83.66
ORD-959,2023-08-08,Shoes,1,30000.0,17450,8,2023,12550.0,41.83
ORD-960,2023-12-23,Shirt,3,2000.0,28610,12,2023,-26610.0,-1330.5
ORD-962,2023-08-16,Laptop,2,50000.0,16314,8,2023,33686.0,67.37
ORD-963,2023-07-11,Shoes,3,50000.0,3090,7,2023,46910.0,93.82
ORD-966,2023-05-25,Shirt,3,30000.0,12707,5,2023,17293.0,57.64
ORD-967,2023-07-20,Laptop,1,50000.0,32567,7,2023,17433.0,34.87
ORD-969,2023-07-31,Mobile,3,30000.0,33007,7,2023,-3007.0,-10.02
ORD-970,2024-04-05,Shirt,3,50000.0,15141,4,2024,34859.0,69.72
ORD-971,2023-08-08,Mobile,3,2000.0,13746,8,2023,-11746.0,-587.3
ORD-972,2023-08-28,Mobile,1,2000.0,4347,8,2023,-2347.0,-117.35
ORD-973,2024-02-17,Mobile,1,50000.0,10361,2,2024,39639.0,79.28
ORD-974,2024-02-01,Mobile,1,50000.0,5101,2,2024,44899.0,89.8
ORD-975,2023-02-15,Shirt,3,2000.0,36947,2,2023,-34947.0,-1747.35
ORD-976,2023-02-04,Mobile,1,2000.0,33668,2,2023,-31668.0,-1583.4
ORD-977,2023-09-10,Mobile,1,50000.0,30610,9,2023,19390.0,38.78
ORD-978,2024-01-25,Laptop,1,30000.0,18747,1,2024,11253.0,37.51
ORD-981,2023-09-13,Shoes,1,50000.0,2056,9,2023,47944.0,95.89
ORD-983,2023-10-30,Laptop,1,2000.0,12507,10,2023,-10507.0,-525.35
ORD-984,2024-02-13,Shirt,2,2000.0,22215,2,2024,-20215.0,-1010.75
ORD-986,2023-01-10,Mobile,3,50000.0,31375,1,2023,18625.0,37.25
ORD-987,2023-11-08,Laptop,1,2000.0,11076,11,2023,-9076.0,-453.8
ORD-988,2023-10-13,Shoes,2,30000.0,36249,10,2023,-6249.0,-20.83
ORD-989,2023-08-30,Shirt,3,30000.0,11082,8,2023,18918.0,63.06
ORD-990,2023-09-08,Mobile,2,2000.0,20509,9,2023,-18509.0,-925.45
ORD-991,2023-12-31,Shirt,1,2000.0,8050,12,2023,-6050.0,-302.5
ORD-993,2023-04-29,Shoes,1,50000.0,12414,4,2023,37586.0,75.17
ORD-995,2024-01-09,Shoes,3,50000.0,16876,1,2024,33124.0,66.25
ORD-996,2023-03-06,Shoes,3,30000.0,8004,3,2023,21996.0,73.32
ORD-997,2023-05-26,Mobile,2,30000.0,10198,5,2023,19802.0,66.01
ORD-998,2023-08-12,Mobile,1,50000.0,28766,8,2023,21234.0,42.47
ORD-1000,2023-06-26,Mobile,2,2000.0,38429,6,2023,-36429.0,-1821.45
ORD-1001,2023-09-24,Laptop,2,50000.0,38634,9,2023,11366.0,22.73
ORD-1003,2023-10-09,Shoes,1,30000.0,39742,10,2023,-9742.0,-32.47
ORD-1004,2023-03-04,Laptop,1,2000.0,14165,3,2023,-12165.0,-608.25
ORD-1005,2023-08-05,Shirt,2,30000.0,20255,8,2023,9745.0,32.48
ORD-1006,2023-12-08,Mobile,1,50000.0,5612,12,2023,44388.0,88.78
ORD-1007,2023-11-11,Mobile,2,30000.0,26280,11,2023,3720.0,12.4
ORD-1008,2023-10-10,Mobile,3,30000.0,32528,10,2023,-2528.0,-8.43
ORD-1009,2023-06-26,Laptop,1,50000.0,11283,6,2023,38717.0,77.43
ORD-1010,2024-04-05,Mobile,3,2000.0,5953,4,2024,-3953.0,-197.65
ORD-1011,2024-02-21,Shoes,1,50000.0,21698,2,2024,28302.0,56.6
ORD-1013,2023-04-15,Shoes,1,50000.0,14248,4,2023,35752.0,71.5
ORD-1014,2023-04-09,Laptop,2,50000.0,18276,4,2023,31724.0,63.45
ORD-1015,2024-01-20,Mobile,1,2000.0,32008,1,2024,-30008.0,-1500.4
ORD-1017,2024-05-10,Mobile,1,30000.0,18355,5,2024,11645.0,38.82
ORD-1018,2023-11-07,Shirt,1,30000.0,17486,11,2023,12514.0,41.71
ORD-1019,2023-01-06,Shirt,1,30000.0,16139,1,2023,13861.0,46.2
ORD-1020,2024-04-20,Laptop,2,30000.0,22529,4,2024,7471.0,24.9
ORD-1021,2024-04-09,Shoes,3,2000.0,37014,4,2024,-35014.0,-1750.7
ORD-1023,2023-12-17,Shoes,1,2000.0,31117,12,2023,-29117.0,-1455.85
ORD-1024,2023-05-13,Mobile,1,50000.0,4417,5,2023,45583.0,91.17
ORD-1027,2024-03-12,Mobile,1,30000.0,16494,3,2024,13506.0,45.02
ORD-1028,2023-01-23,Shirt,2,30000.0,14302,1,2023,15698.0,52.33
ORD-1029,2024-04-29,Mobile,1,30000.0,37427,4,2024,-7427.0,-24.76
ORD-1030,2023-02-22,Laptop,1,30000.0,33098,2,2023,-3098.0,-10.33
ORD-1031,2023-06-14,Laptop,1,50000.0,29803,6,2023,20197.0,40.39
ORD-1032,2023-07-21,Laptop,1,30000.0,30164,7,2023,-164.0,-0.55
ORD-1033,2024-04-02,Laptop,1,2000.0,39441,4,2024,-37441.0,-1872.05
ORD-1035,2023-05-25,Shirt,1,50000.0,34563,5,2023,15437.0,30.87
ORD-1036,2023-03-26,Shirt,2,50000.0,12389,3,2023,37611.0,75.22
ORD-1040,2023-01-01,Laptop,1,50000.0,28844,1,2023,21156.0,42.31
ORD-1041,2023-02-20,Shirt,3,2000.0,22604,2,2023,-20604.0,-1030.2
ORD-1042,2023-06-22,Laptop,1,2000.0,28560,6,2023,-26560.0,-1328.0
ORD-1044,2023-09-17,Shoes,3,50000.0,2206,9,2023,47794.0,95.59
ORD-1045,2024-03-21,Shoes,1,30000.0,14096,3,2024,15904.0,53.01
ORD-1046,2024-03-24,Shoes,3,50000.0,30550,3,2024,19450.0,38.9
ORD-1048,2024-05-02,Laptop,3,50000.0,21389,5,2024,28611.0,57.22
ORD-1049,2023-10-15,Laptop,3,50000.0,38693,10,2023,11307.0,22.61
ORD-1050,2023-02-03,Mobile,2,50000.0,19997,2,2023,30003.0,60.01
ORD-1051,2023-12-14,Shirt,3,30000.0,35483,12,2023,-5483.0,-18.28
ORD-1055,2023-06-03,Shirt,1,2000.0,15605,6,2023,-13605.0,-680.25
ORD-1056,2023-09-07,Mobile,3,2000.0,36281,9,2023,-34281.0,-1714.05
ORD-1058,2024-03-13,Mobile,1,50000.0,30787,3,2024,19213.0,38.43
ORD-1059,2023-04-28,Laptop,1,50000.0,14923,4,2023,35077.0,70.15
ORD-1061,2024-01-14,Laptop,2,30000.0,5329,1,2024,24671.0,82.24
ORD-1062,2023-11-02,Shirt,1,30000.0,6322,11,2023,23678.0,78.93
ORD-1063,2023-09-25,Laptop,2,50000.0,34823,9,2023,15177.0,30.35
ORD-1064,2024-03-24,Shirt,1,50000.0,32076,3,2024,17924.0,35.85
ORD-1065,2023-02-23,Mobile,2,2000.0,39438,2,2023,-37438.0,-1871.9
ORD-1066,2023-08-24,Mobile,2,30000.0,14833,8,2023,15167.0,50.56
ORD-1067,2024-01-24,Shoes,2,50000.0,19134,1,2024,30866.0,61.73
ORD-1068,2024-04-22,Laptop,2,50000.0,8575,4,2024,41425.0,82.85
ORD-1070,2023-09-08,Laptop,1,2000.0,23771,9,2023,-21771.0,-1088.55
ORD-1071,2023-11-09,Shirt,1,30000.0,29729,11,2023,271.0,0.9
ORD-1072,2024-02-05,Mobile,2,30000.0,36780,2,2024,-6780.0,-22.6
ORD-1073,2023-04-22,Laptop,2,2000.0,20812,4,2023,-18812.0,-940.6
ORD-1074,2023-09-12,Mobile,1,50000.0,23847,9,2023,26153.0,52.31
ORD-1075,2023-10-30,Mobile,1,30000.0,6138,10,2023,23862.0,79.54
ORD-1076,2024-02-11,Laptop,3,30000.0,25932,2,2024,4068.0,13.56
ORD-1077,2023-07-26,Mobile,1,30000.0,22639,7,2023,7361.0,24.54
ORD-1079,2023-12-07,Mobile,1,2000.0,27199,12,2023,-25199.0,-1259.95
ORD-1080,2024-02-02,Mobile,2,30000.0,38992,2,2024,-8992.0,-29.97
ORD-1081,2023-03-07,Shirt,1,2000.0,27241,3,2023,-25241.0,-1262.05
ORD-1082,2023-03-16,Mobile,2,50000.0,8951,3,2023,41049.0,82.1
ORD-1083,2024-03-10,Shoes,1,2000.0,14837,3,2024,-12837.0,-641.85
ORD-1086,2023-07-11,Shoes,3,2000.0,35757,7,2023,-33757.0,-1687.85
ORD-1088,2023-08-14,Shoes,1,30000.0,3604,8,2023,26396.0,87.99
ORD-1090,2023-11-02,Shoes,1,50000.0,1063,11,2023,48937.0,97.87
ORD-1091,2023-04-08,Laptop,1,2000.0,13152,4,2023,-11152.0,-557.6
ORD-1092,2023-12-04,Laptop,1,2000.0,20196,12,2023,-18196.0,-909.8
ORD-1093,2023-10-13,Laptop,1,50000.0,37795,10,2023,12205.0,24.41
ORD-1094,2023-12-01,Shirt,3,50000.0,15959,12,2023,34041.0,68.08
ORD-1095,2023-12-13,Laptop,3,50000.0,33869,12,2023,16131.0,32.26
ORD-1096,2024-03-10,Laptop,1,50000.0,32280,3,2024,17720.0,35.44
ORD-1097,2024-03-22,Shoes,3,30000.0,28924,3,2024,1076.0,3.59
ORD-1100,2023-09-06,Laptop,3,30000.0,4135,9,2023,25865.0,86.22
ORD-1101,2023-06-15,Shirt,1,50000.0,18564,6,2023,31436.0,62.87
ORD-1102,2024-04-25,Shirt,1,2000.0,39277,4,2024,-37277.0,-1863.85
ORD-1103,2024-04-16,Mobile,3,2000.0,28462,4,2024,-26462.0,-1323.1
ORD-1104,2023-12-01,Shirt,1,2000.0,3728,12,2023,-1728.0,-86.4
ORD-1105,2023-01-30,Shirt,3,50000.0,8631,1,2023,41369.0,82.74
ORD-1106,2023-09-04,Shoes,2,30000.0,11884,9,2023,18116.0,60.39
ORD-1107,2023-04-16,Mobile,1,30000.0,25974,4,2023,4026.0,13.42
ORD-1108,2023-02-20,Shoes,1,30000.0,36641,2,2023,-6641.0,-22.14
ORD-1113,2023-05-18,Laptop,2,2000.0,4959,5,2023,-2959.0,-147.95
ORD-1114,2023-07-03,Shoes,1,2000.0,24224,7,2023,-22224.0,-1111.2
ORD-1115,2024-02-05,Shirt,1,30000.0,14894,2,2024,15106.0,50.35
ORD-1117,2023-09-30,Shirt,2,30000.0,38616,9,2023,-8616.0,-28.72
ORD-1118,2023-12-06,Shoes,2,50000.0,31558,12,2023,18442.0,36.88
ORD-1121,2023-02-03,Shoes,1,30000.0,18131,2,2023,11869.0,39.56
ORD-1122,2023-09-19,Shoes,1,30000.0,28429,9,2023,1571.0,5.24
ORD-1123,2023-02-22,Shoes,2,50000.0,18705,2,2023,31295.0,62.59
ORD-1124,2024-03-25,Shirt,1,30000.0,23246,3,2024,6754.0,22.51
ORD-1126,2023-05-06,Shirt,1,2000.0,1533,5,2023,467.0,23.35
ORD-1127,2023-08-23,Mobile,2,50000.0,29776,8,2023,20224.0,40.45
ORD-1128,2023-02-12,Shirt,1,50000.0,19725,2,2023,30275.0,60.55
ORD-1130,2024-04-03,Shirt,2,2000.0,6006,4,2024,-4006.0,-200.3
ORD-1131,2024-01-06,Laptop,2,30000.0,27998,1,2024,2002.0,6.67
ORD-1132,2023-04-21,Mobile,3,30000.0,38313,4,2023,-8313.0,-27.71
ORD-1133,2023-09-06,Shirt,2,2000.0,31087,9,2023,-29087.0,-1454.35
ORD-1134,2023-05-31,Laptop,1,2000.0,38675,5,2023,-36675.0,-1833.75
ORD-1136,2023-12-02,Mobile,1,30000.0,5485,12,2023,24515.0,81.72
ORD-1138,2024-04-03,Shoes,1,30000.0,32983,4,2024,-2983.0,-9.94
ORD-1139,2024-01-09,Shirt,1,30000.0,25039,1,2024,4961.0,16.54
ORD-1140,2024-02-04,Laptop,1,2000.0,31416,2,2024,-29416.0,-1470.8
ORD-1142,2024-01-23,Laptop,3,2000.0,24804,1,2024,-22804.0,-1140.2
ORD-1144,2024-01-23,Shirt,2,30000.0,11047,1,2024,18953.0,63.18
ORD-1145,2023-07-03,Mobile,1,50000.0,13156,7,2023,36844.0,73.69
ORD-1146,2023-10-08,Mobile,1,50000.0,31421,10,2023,18579.0,37.16
ORD-1149,2023-07-14,Mobile,2,2000.0,22799,7,2023,-20799.0,-1039.95
ORD-1150,2023-06-04,Mobile,3,30000.0,22322,6,2023,7678.0,25.59
ORD-1151,2023-04-03,Shirt,1,50000.0,35372,4,2023,14628.0,29.26
ORD-1152,2023-06-09,Shirt,1,2000.0,15932,6,2023,-13932.0,-696.6
ORD-1154,2023-03-02,Shirt,2,30000.0,25003,3,2023,4997.0,16.66
ORD-1155,2023-05-02,Shirt,1,2000.0,23501,5,2023,-21501.0,-1075.05
ORD-1156,2023-02-20,Shoes,2,2000.0,32092,2,2023,-30092.0,-1504.6
ORD-1158,2023-10-04,Laptop,3,30000.0,30768,10,2023,-768.0,-2.56
ORD-1159,2023-01-05,Mobile,3,50000.0,35604,1,2023,14396.0,28.79
ORD-1160,2024-04-10,Laptop,2,2000.0,23288,4,2024,-21288.0,-1064.4
ORD-1162,2023-06-19,Shoes,3,2000.0,33602,6,2023,-31602.0,-1580.1
ORD-1166,2023-11-22,Shirt,2,30000.0,25440,11,2023,4560.0,15.2
ORD-1167,2023-01-01,Shirt,3,50000.0,25610,1,2023,24390.0,48.78
ORD-1168,2023-05-13,Shoes,3,30000.0,30575,5,2023,-575.0,-1.92
ORD-1169,2023-08-21,Shoes,3,50000.0,20728,8,2023,29272.0,58.54
ORD-1171,2023-12-12,Mobile,2,50000.0,25303,12,2023,24697.0,49.39
ORD-1172,2023-02-15,Laptop,2,30000.0,2628,2,2023,27372.0,91.24
ORD-1173,2023-02-03,Shoes,2,2000.0,10521,2,2023,-8521.0,-426.05
ORD-1174,2024-03-08,Shoes,1,30000.0,39513,3,2024,-9513.0,-31.71
ORD-1175,2023-03-19,Shoes,2,30000.0,26380,3,2023,3620.0,12.07
ORD-1176,2023-08-06,Laptop,1,30000.0,29923,8,2023,77.0,0.26
ORD-1177,2023-10-28,Laptop,2,30000.0,35058,10,2023,-5058.0,-16.86
ORD-1178,2024-02-15,Shoes,2,30000.0,29880,2,2024,120.0,0.4
ORD-1179,2023-03-14,Shoes,2,50000.0,19970,3,2023,30030.0,60.06
ORD-1180,2023-10-09,Shirt,1,50000.0,39891,10,2023,10109.0,20.22
ORD-1181,2023-09-06,Shoes,1,2000.0,5930,9,2023,-3930.0,-196.5
ORD-1182,2023-02-16,Mobile,1,30000.0,36318,2,2023,-6318.0,-21.06
ORD-1183,2023-05-01,Mobile,3,30000.0,30843,5,2023,-843.0,-2.81
ORD-1184,2023-08-02,Shoes,3,2000.0,33574,8,2023,-31574.0,-1578.7
ORD-1185,2023-08-27,Laptop,1,2000.0,10857,8,2023,-8857.0,-442.85
ORD-1187,2023-12-16,Laptop,2,2000.0,35898,12,2023,-33898.0,-1694.9
ORD-1188,2023-04-17,Shoes,2,2000.0,24593,4,2023,-22593.0,-1129.65
ORD-1189,2023-11-15,Mobile,1,2000.0,23683,11,2023,-21683.0,-1084.15
ORD-1191,2023-03-02,Laptop,1,50000.0,19884,3,2023,30116.0,60.23
ORD-1193,2023-01-26,Shoes,2,50000.0,13904,1,2023,36096.0,72.19
ORD-1194,2023-10-19,Shirt,2,2000.0,18881,10,2023,-16881.0,-844.05
ORD-1197,2023-04-23,Shirt,2,50000.0,36912,4,2023,13088.0,26.18
ORD-1200,2023-06-29,Laptop,3,30000.0,8604,6,2023,21396.0,71.32
ORD-1201,2023-07-26,Laptop,1,50000.0,28290,7,2023,21710.0,43.42
ORD-1204,2023-02-25,Shoes,1,2000.0,15662,2,2023,-13662.0,-683.1
ORD-1205,2023-08-02,Shoes,1,30000.0,37782,8,2023,-7782.0,-25.94
ORD-1206,2023-01-14,Shoes,3,30000.0,12445,1,2023,17555.0,58.52
ORD-1207,2024-04-18,Laptop,1,2000.0,12038,4,2024,-10038.0,-501.9
ORD-1208,2023-01-28,Mobile,1,2000.0,4505,1,2023,-2505.0,-125.25
ORD-1209,2024-04-15,Mobile,1,2000.0,20069,4,2024,-18069.0,-903.45
ORD-1210,2023-03-19,Shoes,2,2000.0,15418,3,2023,-13418.0,-670.9
ORD-1211,2023-08-04,Laptop,1,30000.0,17411,8,2023,12589.0,41.96
ORD-1214,2023-06-03,Mobile,2,2000.0,22459,6,2023,-20459.0,-1022.95
ORD-1215,2023-01-14,Laptop,1,50000.0,23203,1,2023,26797.0,53.59
ORD-1216,2023-07-06,Shoes,1,2000.0,29030,7,2023,-27030.0,-1351.5
ORD-1218,2024-01-06,Shoes,1,50000.0,20774,1,2024,29226.0,58.45
ORD-1219,2023-01-07,Shirt,1,2000.0,34378,1,2023,-32378.0,-1618.9
ORD-1220,2023-01-03,Shirt,1,50000.0,21930,1,2023,28070.0,56.14
ORD-1221,2023-04-21,Shirt,3,2000.0,14493,4,2023,-12493.0,-624.65
ORD-1222,2024-02-11,Laptop,1,30000.0,38795,2,2024,-8795.0,-29.32
ORD-1224,2023-12-29,Mobile,1,2000.0,6724,12,2023,-4724.0,-236.2
ORD-1225,2023-08-27,Laptop,1,50000.0,1202,8,2023,48798.0,97.6
ORD-1227,2023-10-01,Shoes,2,2000.0,3027,10,2023,-1027.0,-51.35
ORD-1228,2023-10-21,Shoes,3,2000.0,15807,10,2023,-13807.0,-690.35
ORD-1229,2023-08-15,Shirt,1,2000.0,29426,8,2023,-27426.0,-1371.3
ORD-1230,2024-01-06,Shirt,1,2000.0,1178,1,2024,822.0,41.1
ORD-1231,2023-01-15,Laptop,2,30000.0,6817,1,2023,23183.0,77.28
ORD-1233,2024-04-17,Mobile,1,30000.0,8185,4,2024,21815.0,72.72
ORD-1235,2024-04-29,Laptop,1,2000.0,23049,4,2024,-21049.0,-1052.45
ORD-1237,2023-07-21,Shoes,3,50000.0,11236,7,2023,38764.0,77.53
ORD-1239,2024-03-16,Mobile,1,50000.0,36751,3,2024,13249.0,26.5
ORD-1240,2023-09-30,Mobile,1,50000.0,15635,9,2023,34365.0,68.73
ORD-1241,2023-08-19,Shirt,3,30000.0,9542,8,2023,20458.0,68.19
ORD-1243,2024-04-18,Shirt,1,2000.0,32342,4,2024,-30342.0,-1517.1
ORD-1245,2023-10-27,Shirt,1,30000.0,33070,10,2023,-3070.0,-10.23
ORD-1246,2023-01-25,Mobile,1,50000.0,32955,1,2023,17045.0,34.09
ORD-1247,2023-05-25,Shirt,2,50000.0,13596,5,2023,36404.0,72.81
ORD-1248,2023-01-13,Shirt,2,30000.0,24659,1,2023,5341.0,17.8
ORD-1249,2023-07-31,Shoes,1,30000.0,11416,7,2023,18584.0,61.95
ORD-1251,2023-03-09,Shirt,2,50000.0,33577,3,2023,16423.0,32.85
ORD-1252,2024-01-29,Laptop,1,30000.0,23736,1,2024,6264.0,20.88
ORD-1255,2023-04-19,Laptop,1,2000.0,6737,4,2023,-4737.0,-236.85
ORD-1256,2023-05-26,Mobile,1,50000.0,36126,5,2023,13874.0,27.75
ORD-1258,2023-08-16,Shoes,2,30000.0,6390,8,2023,23610.0,78.7
ORD-1259,2023-04-21,Shoes,1,50000.0,21600,4,2023,28400.0,56.8
ORD-1260,2024-04-14,Laptop,1,30000.0,1406,4,2024,28594.0,95.31
ORD-1261,2023-02-03,Shirt,2,30000.0,33764,2,2023,-3764.0,-12.55
ORD-1264,2024-02-28,Shoes,1,2000.0,11433,2,2024,-9433.0,-471.65
ORD-1265,2024-01-04,Shirt,1,30000.0,30377,1,2024,-377.0,-1.26
ORD-1267,2023-03-24,Laptop,1,2000.0,10121,3,2023,-8121.0,-406.05
ORD-1268,2023-02-11,Mobile,1,50000.0,29612,2,2023,20388.0,40.78
ORD-1269,2024-02-29,Mobile,1,2000.0,23207,2,2024,-21207.0,-1060.35
ORD-1270,2023-04-11,Shoes,1,2000.0,11795,4,2023,-9795.0,-489.75
ORD-1271,2023-01-06,Mobile,1,30000.0,18564,1,2023,11436.0,38.12
ORD-1272,2023-06-29,Shirt,1,50000.0,2101,6,2023,47899.0,95.8
ORD-1273,2023-10-09,Laptop,1,30000.0,35867,10,2023,-5867.0,-19.56
ORD-1274,2023-11-16,Laptop,1,30000.0,1513,11,2023,28487.0,94.96
ORD-1275,2023-08-14,Laptop,3,2000.0,12324,8,2023,-10324.0,-516.2
ORD-1276,2024-03-18,Mobile,1,2000.0,16491,3,2024,-14491.0,-724.55
ORD-1278,2023-11-11,Laptop,1,2000.0,16923,11,2023,-14923.0,-746.15
ORD-1280,2024-03-29,Shoes,1,30000.0,11872,3,2024,18128.0,60.43
ORD-1281,2023-08-17,Shoes,1,2000.0,8137,8,2023,-6137.0,-306.85
ORD-1282,2024-01-12,Mobile,2,50000.0,12358,1,2024,37642.0,75.28
ORD-1283,2023-10-16,Laptop,2,50000.0,6807,10,2023,43193.0,86.39
ORD-1284,2024-03-12,Mobile,2,30000.0,27503,3,2024,2497.0,8.32
ORD-1285,2023-05-30,Laptop,3,30000.0,15859,5,2023,14141.0,47.14
ORD-1286,2023-10-04,Laptop,1,2000.0,23234,10,2023,-21234.0,-1061.7
ORD-1288,2023-03-11,Mobile,1,2000.0,31975,3,2023,-29975.0,-1498.75
ORD-1290,2023-01-04,Laptop,1,2000.0,5628,1,2023,-3628.0,-181.4
ORD-1291,2023-12-16,Shirt,1,50000.0,23568,12,2023,26432.0,52.86
ORD-1292,2023-11-27,Mobile,3,50000.0,29106,11,2023,20894.0,41.79
ORD-1294,2023-11-14,Mobile,3,2000.0,35068,11,2023,-33068.0,-1653.4
ORD-1295,2023-12-16,Laptop,2,30000.0,35715,12,2023,-5715.0,-19.05
ORD-1297,2023-06-01,Laptop,2,50000.0,37424,6,2023,12576.0,25.15
ORD-1299,2023-05-17,Mobile,3,2000.0,3842,5,2023,-1842.0,-92.1
ORD-1300,2023-09-04,Mobile,1,30000.0,17017,9,2023,12983.0,43.28
ORD-1301,2024-01-22,Laptop,1,30000.0,14836,1,2024,15164.0,50.55
ORD-1303,2023-01-31,Shoes,1,2000.0,35432,1,2023,-33432.0,-1671.6
ORD-1304,2023-02-09,Shirt,1,2000.0,23757,2,2023,-21757.0,-1087.85
ORD-1305,2023-08-17,Shoes,2,30000.0,32116,8,2023,-2116.0,-7.05
ORD-1306,2023-02-05,Shirt,2,50000.0,37716,2,2023,12284.0,24.57
ORD-1307,2024-02-12,Mobile,3,2000.0,21456,2,2024,-19456.0,-972.8
ORD-1308,2023-08-11,Shirt,2,30000.0,4634,8,2023,25366.0,84.55
ORD-1309,2023-01-06,Shirt,1,30000.0,36840,1,2023,-6840.0,-22.8
ORD-1310,2023-11-18,Mobile,1,2000.0,21856,11,2023,-19856.0,-992.8
ORD-1311,2024-04-12,Mobile,3,2000.0,3459,4,2024,-1459.0,-72.95
ORD-1313,2023-03-16,Shoes,3,50000.0,32519,3,2023,17481.0,34.96
ORD-1316,2023-05-14,Mobile,2,30000.0,4469,5,2023,25531.0,85.1
ORD-1317,2023-04-28,Mobile,2,30000.0,25791,4,2023,4209.0,14.03
ORD-1318,2024-01-04,Mobile,2,50000.0,38615,1,2024,11385.0,22.77
ORD-1321,2024-03-10,Mobile,1,30000.0,3878,3,2024,26122.0,87.07
ORD-1322,2023-03-03,Shoes,3,30000.0,12857,3,2023,17143.0,57.14
ORD-1323,2024-03-16,Laptop,1,2000.0,38517,3,2024,-36517.0,-1825.85
ORD-1325,2023-12-01,Mobile,2,50000.0,1002,12,2023,48998.0,98.0
ORD-1327,2024-01-27,Shoes,3,30000.0,24267,1,2024,5733.0,19.11
ORD-1328,2023-01-26,Shirt,1,2000.0,15353,1,2023,-13353.0,-667.65
ORD-1330,2023-06-22,Laptop,1,50000.0,20963,6,2023,29037.0,58.07
ORD-1331,2023-10-27,Shoes,1,30000.0,14175,10,2023,15825.0,52.75
ORD-1332,2023-05-13,Shoes,1,2000.0,31367,5,2023,-29367.0,-1468.35
ORD-1334,2024-02-14,Shoes,1,50000.0,38804,2,2024,11196.0,22.39
ORD-1335,2023-04-28,Shoes,1,30000.0,27468,4,2023,2532.0,8.44
ORD-1336,2023-11-20,Mobile,2,50000.0,1520,11,2023,48480.0,96.96
ORD-1338,2023-07-31,Laptop,2,30000.0,27927,7,2023,2073.0,6.91
ORD-1340,2023-01-20,Laptop,2,2000.0,35902,1,2023,-33902.0,-1695.1
ORD-1342,2023-05-20,Laptop,1,2000.0,38606,5,2023,-36606.0,-1830.3
ORD-1344,2023-01-01,Mobile,1,50000.0,25177,1,2023,24823.0,49.65
ORD-1345,2023-03-31,Shoes,1,50000.0,1785,3,2023,48215.0,96.43
ORD-1346,2023-05-22,Laptop,2,30000.0,9143,5,2023,20857.0,69.52
ORD-1347,2023-11-16,Mobile,2,50000.0,25092,11,2023,24908.0,49.82
ORD-1348,2023-02-07,Shirt,1,50000.0,14635,2,2023,35365.0,70.73
ORD-1349,2023-10-20,Mobile,2,2000.0,11982,10,2023,-9982.0,-499.1
ORD-1350,2024-01-17,Mobile,1,50000.0,14409,1,2024,35591.0,71.18
ORD-1351,2023-05-19,Shoes,1,2000.0,19541,5,2023,-17541.0,-877.05
ORD-1352,2023-12-22,Laptop,3,2000.0,4528,12,2023,-2528.0,-126.4
ORD-1353,2023-11-29,Shirt,2,2000.0,37327,11,2023,-35327.0,-1766.35
ORD-1355,2023-09-16,Laptop,3,2000.0,25946,9,2023,-23946.0,-1197.3
ORD-1357,2024-01-25,Mobile,2,2000.0,36705,1,2024,-34705.0,-1735.25
ORD-1359,2023-01-10,Mobile,1,30000.0,38909,1,2023,-8909.0,-29.7
ORD-1360,2023-09-18,Mobile,3,30000.0,22775,9,2023,7225.0,24.08
ORD-1362,2023-05-18,Shirt,1,30000.0,1835,5,2023,28165.0,93.88
ORD-1363,2023-06-21,Mobile,2,50000.0,36747,6,2023,13253.0,26.51
ORD-1364,2024-01-21,Shoes,3,2000.0,36192,1,2024,-34192.0,-1709.6
ORD-1366,2023-06-17,Shirt,1,30000.0,15927,6,2023,14073.0,46.91
ORD-1367,2023-05-10,Laptop,1,30000.0,5521,5,2023,24479.0,81.6
ORD-1368,2023-03-25,Shirt,3,50000.0,15280,3,2023,34720.0,69.44
ORD-1369,2023-11-17,Shoes,2,2000.0,31753,11,2023,-29753.0,-1487.65
ORD-1370,2023-11-15,Shirt,1,50000.0,4459,11,2023,45541.0,91.08
ORD-1372,2023-11-25,Shirt,3,30000.0,29077,11,2023,923.0,3.08
ORD-1373,2023-09-30,Laptop,2,30000.0,2148,9,2023,27852.0,92.84
ORD-1374,2023-09-22,Mobile,1,30000.0,38345,9,2023,-8345.0,-27.82
ORD-1375,2024-04-03,Laptop,2,50000.0,32036,4,2024,17964.0,35.93
ORD-1376,2024-02-03,Mobile,3,50000.0,21002,2,2024,28998.0,58.0
ORD-1377,2024-02-12,Laptop,3,2000.0,37490,2,2024,-35490.0,-1774.5
ORD-1379,2024-02-23,Shoes,3,2000.0,14388,2,2024,-12388.0,-619.4
ORD-1380,2023-04-04,Shirt,3,2000.0,20691,4,2023,-18691.0,-934.55
ORD-1381,2023-04-05,Shoes,1,30000.0,4642,4,2023,25358.0,84.53
ORD-1382,2023-11-01,Shirt,1,50000.0,20201,11,2023,29799.0,59.6
ORD-1384,2023-11-14,Shoes,1,2000.0,14554,11,2023,-12554.0,-627.7
ORD-1386,2023-08-24,Laptop,2,30000.0,24771,8,2023,5229.0,17.43
ORD-1387,2024-03-09,Mobile,2,2000.0,26824,3,2024,-24824.0,-1241.2
ORD-1388,2023-11-30,Laptop,1,50000.0,10316,11,2023,39684.0,79.37
ORD-1389,2024-01-08,Mobile,2,2000.0,29234,1,2024,-27234.0,-1361.7
ORD-1390,2024-01-11,Mobile,3,30000.0,20786,1,2024,9214.0,30.71
ORD-1391,2024-04-03,Shoes,1,2000.0,38100,4,2024,-36100.0,-1805.0
ORD-1392,2023-05-17,Mobile,1,30000.0,16329,5,2023,13671.0,45.57
ORD-1393,2024-02-22,Shoes,2,2000.0,16698,2,2024,-14698.0,-734.9
ORD-1395,2024-04-27,Shirt,1,50000.0,17548,4,2024,32452.0,64.9
ORD-1396,2023-02-04,Shirt,2,30000.0,19340,2,2023,10660.0,35.53
ORD-1398,2023-10-23,Mobile,1,30000.0,20159,10,2023,9841.0,32.8
ORD-1399,2023-11-16,Laptop,1,2000.0,28865,11,2023,-26865.0,-1343.25
ORD-1400,2024-02-10,Mobile,1,30000.0,35536,2,2024,-5536.0,-18.45
ORD-1401,2023-03-01,Shirt,3,30000.0,32755,3,2023,-2755.0,-9.18
ORD-1402,2023-11-16,Shirt,1,50000.0,14743,11,2023,35257.0,70.51
ORD-1404,2023-11-24,Mobile,2,2000.0,13718,11,2023,-11718.0,-585.9
ORD-1405,2023-09-24,Shirt,1,50000.0,26530,9,2023,23470.0,46.94
ORD-1406,2023-12-27,Shirt,3,30000.0,33908,12,2023,-3908.0,-13.03
ORD-1407,2023-08-17,Laptop,2,50000.0,2650,8,2023,47350.0,94.7
ORD-1408,2023-09-27,Shirt,3,30000.0,34783,9,2023,-4783.0,-15.94
ORD-1409,2023-11-12,Mobile,1,2000.0,7292,11,2023,-5292.0,-264.6
ORD-1410,2023-10-13,Laptop,3,30000.0,23737,10,2023,6263.0,20.88
ORD-1411,2023-10-18,Mobile,3,50000.0,26551,10,2023,23449.0,46.9
ORD-1412,2023-08-01,Shoes,1,50000.0,20504,8,2023,29496.0,58.99
ORD-1413,2023-06-14,Laptop,1,30000.0,17371,6,2023,12629.0,42.1
ORD-1415,2023-12-05,Shirt,2,50000.0,30036,12,2023,19964.0,39.93
ORD-1420,2023-05-12,Shoes,3,50000.0,1900,5,2023,48100.0,96.2
ORD-1421,2023-03-30,Laptop,2,50000.0,4747,3,2023,45253.0,90.51
ORD-1423,2023-02-11,Mobile,1,50000.0,4103,2,2023,45897.0,91.79
ORD-1427,2023-11-24,Mobile,2,30000.0,22012,11,2023,7988.0,26.63
ORD-1428,2023-10-22,Mobile,1,2000.0,9487,10,2023,-7487.0,-374.35
ORD-1429,2023-04-14,Laptop,1,50000.0,31023,4,2023,18977.0,37.95
ORD-1430,2023-01-14,Shoes,1,50000.0,25877,1,2023,24123.0,48.25
ORD-1432,2023-06-28,Shoes,1,30000.0,6615,6,2023,23385.0,77.95
ORD-1433,2023-05-05,Mobile,3,30000.0,11468,5,2023,18532.0,61.77
ORD-1434,2024-02-26,Shoes,1,50000.0,11879,2,2024,38121.0,76.24
ORD-1436,2023-01-23,Laptop,2,50000.0,14078,1,2023,35922.0,71.84
ORD-1439,2024-04-25,Mobile,3,2000.0,32976,4,2024,-30976.0,-1548.8
ORD-1441,2023-05-25,Shirt,2,2000.0,23716,5,2023,-21716.0,-1085.8
ORD-1442,2023-08-13,Laptop,2,50000.0,34430,8,2023,15570.0,31.14
ORD-1443,2024-05-09,Shoes,2,50000.0,9199,5,2024,40801.0,81.6
ORD-1444,2024-03-25,Mobile,3,30000.0,34436,3,2024,-4436.0,-14.79
ORD-1445,2024-04-06,Shoes,2,2000.0,28740,4,2024,-26740.0,-1337.0
ORD-1446,2023-11-05,Mobile,3,50000.0,10477,11,2023,39523.0,79.05
ORD-1447,2023-04-14,Laptop,2,2000.0,1160,4,2023,840.0,42.0
ORD-1448,2023-04-14,Shirt,1,50000.0,7460,4,2023,42540.0,85.08
ORD-1449,2024-03-10,Laptop,1,2000.0,17401,3,2024,-15401.0,-770.05
ORD-1450,2023-02-08,Shirt,2,2000.0,36301,2,2023,-34301.0,-1715.05
ORD-1452,2023-07-17,Shoes,3,50000.0,38214,7,2023,11786.0,23.57
ORD-1453,2023-05-14,Laptop,1,30000.0,39322,5,2023,-9322.0,-31.07
ORD-1455,2024-01-26,Laptop,1,30000.0,26629,1,2024,3371.0,11.24
ORD-1456,2023-06-28,Shirt,1,2000.0,17699,6,2023,-15699.0,-784.95
ORD-1458,2023-02-11,Shoes,1,2000.0,5527,2,2023,-3527.0,-176.35
ORD-1459,2024-03-23,Shoes,1,50000.0,20099,3,2024,29901.0,59.8
ORD-1460,2024-05-14,Shirt,2,50000.0,16622,5,2024,33378.0,66.76
ORD-1461,2023-01-15,Shirt,1,30000.0,27281,1,2023,2719.0,9.06
ORD-1462,2023-04-21,Shirt,1,50000.0,16531,4,2023,33469.0,66.94
ORD-1463,2023-06-06,Shoes,3,30000.0,6132,6,2023,23868.0,79.56
ORD-1464,2023-10-16,Shoes,3,2000.0,30396,10,2023,-28396.0,-1419.8
ORD-1466,2024-04-22,Shirt,2,50000.0,28196,4,2024,21804.0,43.61
ORD-1467,2023-08-19,Mobile,2,2000.0,16993,8,2023,-14993.0,-749.65
ORD-1469,2024-02-24,Shoes,1,2000.0,39402,2,2024,-37402.0,-1870.1
ORD-1470,2023-06-06,Mobile,1,30000.0,15945,6,2023,14055.0,46.85
ORD-1471,2023-02-07,Mobile,1,2000.0,18569,2,2023,-16569.0,-828.45
ORD-1472,2024-03-16,Laptop,1,30000.0,24379,3,2024,5621.0,18.74
ORD-1473,2023-04-07,Shirt,1,30000.0,39877,4,2023,-9877.0,-32.92
ORD-1474,2024-04-29,Shoes,2,50000.0,23825,4,2024,26175.0,52.35
ORD-1475,2024-02-15,Laptop,1,30000.0,1915,2,2024,28085.0,93.62
ORD-1476,2024-03-14,Laptop,3,30000.0,24848,3,2024,5152.0,17.17
ORD-1477,2023-10-16,Shirt,1,2000.0,14669,10,2023,-12669.0,-633.45
ORD-1478,2023-09-11,Laptop,2,30000.0,10875,9,2023,19125.0,63.75
ORD-1479,2023-07-15,Shirt,3,30000.0,15853,7,2023,14147.0,47.16
ORD-1480,2023-03-27,Laptop,2,2000.0,3425,3,2023,-1425.0,-71.25
ORD-1482,2023-01-10,Shoes,1,50000.0,34193,1,2023,15807.0,31.61
ORD-1483,2023-01-05,Shirt,2,2000.0,35555,1,2023,-33555.0,-1677.75
ORD-1484,2023-05-03,Shirt,1,30000.0,36352,5,2023,-6352.0,-21.17
ORD-1485,2023-11-26,Mobile,1,2000.0,38416,11,2023,-36416.0,-1820.8
ORD-1487,2023-04-28,Shoes,2,2000.0,34282,4,2023,-32282.0,-1614.1
ORD-1488,2023-10-21,Shoes,2,2000.0,37203,10,2023,-35203.0,-1760.15
ORD-1489,2024-02-01,Laptop,1,2000.0,38293,2,2024,-36293.0,-1814.65
ORD-1490,2023-06-08,Mobile,3,2000.0,20000,6,2023,-18000.0,-900.0
ORD-1491,2023-10-30,Shoes,1,30000.0,31802,10,2023,-1802.0,-6.01
ORD-1492,2023-08-16,Laptop,3,2000.0,11569,8,2023,-9569.0,-478.45
ORD-1494,2023-08-04,Laptop,2,2000.0,4204,8,2023,-2204.0,-110.2
ORD-1495,2024-03-11,Mobile,2,2000.0,8765,3,2024,-6765.0,-338.25
ORD-1496,2023-07-03,Laptop,1,30000.0,11696,7,2023,18304.0,61.01
ORD-1497,2023-01-15,Mobile,1,30000.0,25928,1,2023,4072.0,13.57
ORD-1498,2023-06-06,Shirt,3,2000.0,15679,6,2023,-13679.0,-683.95
ORD-1499,2023-05-16,Laptop,3,30000.0,34885,5,2023,-4885.0,-16.28
ORD-1500,2023-09-18,Shoes,1,30000.0,35173,9,2023,-5173.0,-17.24
ORD-1501,2023-06-06,Laptop,1,2000.0,39182,6,2023,-37182.0,-1859.1
ORD-1502,2023-02-16,Shirt,3,30000.0,5174,2,2023,24826.0,82.75
ORD-1503,2023-11-20,Shirt,2,50000.0,18061,11,2023,31939.0,63.88
ORD-1504,2023-11-28,Laptop,2,50000.0,26395,11,2023,23605.0,47.21
ORD-1505,2023-06-22,Shirt,1,50000.0,1213,6,2023,48787.0,97.57
ORD-1506,2023-05-10,Mobile,1,30000.0,35434,5,2023,-5434.0,-18.11
ORD-1507,2024-02-15,Mobile,3,50000.0,14276,2,2024,35724.0,71.45
ORD-1509,2023-04-25,Mobile,1,50000.0,29481,4,2023,20519.0,41.04
ORD-1511,2024-02-24,Shoes,1,30000.0,25597,2,2024,4403.0,14.68
ORD-1512,2023-10-19,Laptop,2,50000.0,23244,10,2023,26756.0,53.51
ORD-1514,2023-10-26,Laptop,1,30000.0,35029,10,2023,-5029.0,-16.76
ORD-1515,2023-10-10,Mobile,1,50000.0,22264,10,2023,27736.0,55.47
ORD-1516,2023-03-10,Shoes,3,2000.0,14890,3,2023,-12890.0,-644.5
ORD-1517,2023-05-28,Laptop,1,50000.0,22058,5,2023,27942.0,55.88
ORD-1518,2023-01-11,Laptop,3,50000.0,17121,1,2023,32879.0,65.76
ORD-1519,2023-09-11,Mobile,3,50000.0,38964,9,2023,11036.0,22.07
ORD-1520,2023-11-26,Mobile,1,2000.0,38352,11,2023,-36352.0,-1817.6
ORD-1523,2023-05-14,Mobile,2,2000.0,3631,5,2023,-1631.0,-81.55
ORD-1524,2023-07-19,Mobile,1,50000.0,7345,7,2023,42655.0,85.31
ORD-1525,2023-01-23,Mobile,2,50000.0,27844,1,2023,22156.0,44.31
ORD-1526,2023-10-30,Mobile,2,50000.0,7300,10,2023,42700.0,85.4
ORD-1529,2023-12-29,Shirt,2,2000.0,6362,12,2023,-4362.0,-218.1
ORD-1530,2024-01-31,Laptop,2,30000.0,9097,1,2024,20903.0,69.68
ORD-1531,2023-08-06,Shoes,2,2000.0,6599,8,2023,-4599.0,-229.95
ORD-1533,2023-04-14,Mobile,2,50000.0,5258,4,2023,44742.0,89.48
ORD-1534,2024-03-21,Laptop,1,50000.0,26530,3,2024,23470.0,46.94
ORD-1535,2023-07-29,Shirt,1,50000.0,7640,7,2023,42360.0,84.72
ORD-1536,2024-04-17,Mobile,1,50000.0,38056,4,2024,11944.0,23.89
ORD-1537,2024-04-25,Laptop,1,30000.0,18261,4,2024,11739.0,39.13
ORD-1538,2023-04-21,Mobile,1,2000.0,38827,4,2023,-36827.0,-1841.35
ORD-1539,2023-04-14,Mobile,1,2000.0,16141,4,2023,-14141.0,-707.05
ORD-1541,2023-06-20,Mobile,1,2000.0,24548,6,2023,-22548.0,-1127.4
ORD-1542,2024-04-04,Mobile,2,30000.0,36368,4,2024,-6368.0,-21.23
ORD-1543,2024-05-06,Mobile,3,30000.0,16902,5,2024,13098.0,43.66
ORD-1544,2023-12-22,Mobile,3,30000.0,28683,12,2023,1317.0,4.39
ORD-1545,2024-05-10,Shirt,1,50000.0,19792,5,2024,30208.0,60.42
ORD-1547,2023-05-13,Shirt,1,30000.0,3334,5,2023,26666.0,88.89
ORD-1548,2024-01-11,Mobile,3,2000.0,1767,1,2024,233.0,11.65
ORD-1549,2023-10-20,Mobile,1,2000.0,32644,10,2023,-30644.0,-1532.2
ORD-1550,2023-11-24,Shirt,2,2000.0,27992,11,2023,-25992.0,-1299.6
ORD-1551,2023-05-07,Shirt,3,30000.0,30570,5,2023,-570.0,-1.9
ORD-1552,2023-04-16,Shoes,1,30000.0,12737,4,2023,17263.0,57.54
ORD-1553,2024-05-11,Shirt,1,2000.0,14372,5,2024,-12372.0,-618.6
ORD-1554,2023-04-02,Shoes,1,30000.0,27885,4,2023,2115.0,7.05
ORD-1555,2023-10-14,Mobile,2,2000.0,21590,10,2023,-19590.0,-979.5
ORD-1556,2024-01-13,Laptop,1,50000.0,1744,1,2024,48256.0,96.51
ORD-1557,2024-01-28,Laptop,1,30000.0,28158,1,2024,1842.0,6.14
ORD-1558,2023-02-20,Laptop,1,50000.0,21558,2,2023,28442.0,56.88
ORD-1559,2023-01-29,Laptop,1,50000.0,33259,1,2023,16741.0,33.48
ORD-1560,2024-04-06,Mobile,3,30000.0,22450,4,2024,7550.0,25.17
ORD-1561,2023-10-23,Laptop,1,2000.0,37929,10,2023,-35929.0,-1796.45
ORD-1563,2023-08-02,Shirt,1,50000.0,1286,8,2023,48714.0,97.43
ORD-1564,2023-09-24,Laptop,1,30000.0,4247,9,2023,25753.0,85.84
ORD-1565,2024-02-11,Shirt,3,50000.0,32974,2,2024,17026.0,34.05
ORD-1566,2023-09-14,Shoes,3,2000.0,6099,9,2023,-4099.0,-204.95
ORD-1567,2023-10-29,Mobile,3,30000.0,17387,10,2023,12613.0,42.04
ORD-1569,2024-02-09,Laptop,2,30000.0,1411,2,2024,28589.0,95.3
ORD-1570,2023-12-12,Mobile,1,50000.0,21729,12,2023,28271.0,56.54
ORD-1571,2023-04-20,Shirt,1,30000.0,21111,4,2023,8889.0,29.63
ORD-1572,2024-02-24,Mobile,1,30000.0,16704,2,2024,13296.0,44.32
ORD-1573,2023-07-01,Mobile,3,50000.0,11109,7,2023,38891.0,77.78
ORD-1575,2023-11-09,Mobile,2,2000.0,32172,11,2023,-30172.0,-1508.6
ORD-1576,2023-01-01,Shirt,3,30000.0,9349,1,2023,20651.0,68.84
ORD-1578,2024-03-13,Mobile,1,2000.0,28460,3,2024,-26460.0,-1323.0
ORD-1579,2023-02-24,Shoes,2,50000.0,39474,2,2023,10526.0,21.05
ORD-1582,2024-02-03,Shirt,1,30000.0,14549,2,2024,15451.0,51.5
ORD-1583,2023-05-29,Shoes,2,50000.0,10821,5,2023,39179.0,78.36
ORD-1584,2024-03-06,Shoes,1,30000.0,36564,3,2024,-6564.0,-21.88
ORD-1585,2024-04-01,Laptop,2,50000.0,12073,4,2024,37927.0,75.85
ORD-1586,2023-11-05,Shirt,3,2000.0,8282,11,2023,-6282.0,-314.1
ORD-1587,2023-05-17,Shirt,1,30000.0,20189,5,2023,9811.0,32.7
ORD-1588,2023-07-21,Mobile,2,50000.0,37848,7,2023,12152.0,24.3
ORD-1589,2024-03-11,Shirt,2,50000.0,10247,3,2024,39753.0,79.51
ORD-1591,2023-04-27,Shoes,2,30000.0,23234,4,2023,6766.0,22.55
ORD-1592,2023-06-03,Shoes,3,30000.0,24746,6,2023,5254.0,17.51
ORD-1593,2024-02-29,Laptop,1,2000.0,35096,2,2024,-33096.0,-1654.8
ORD-1594,2023-10-18,Shirt,1,50000.0,13236,10,2023,36764.0,73.53
ORD-1596,2023-09-01,Laptop,1,50000.0,25576,9,2023,24424.0,48.85
ORD-1597,2023-01-25,Mobile,1,50000.0,1166,1,2023,48834.0,97.67
ORD-1598,2023-03-31,Shoes,2,50000.0,15652,3,2023,34348.0,68.7
ORD-1599,2023-03-16,Laptop,3,30000.0,20638,3,2023,9362.0,31.21
ORD-1600,2023-10-21,Laptop,3,50000.0,22444,10,2023,27556.0,55.11
ORD-1601,2024-01-21,Shirt,2,2000.0,16233,1,2024,-14233.0,-711.65
ORD-1604,2024-04-19,Laptop,3,50000.0,15708,4,2024,34292.0,68.58
ORD-1606,2023-12-13,Shoes,1,50000.0,36016,12,2023,13984.0,27.97
ORD-1607,2023-01-17,Laptop,1,30000.0,4412,1,2023,25588.0,85.29
ORD-1609,2024-03-02,Mobile,3,30000.0,16947,3,2024,13053.0,43.51
ORD-1610,2024-03-18,Laptop,3,30000.0,7449,3,2024,22551.0,75.17
ORD-1611,2023-12-30,Laptop,1,2000.0,36900,12,2023,-34900.0,-1745.0
ORD-1612,2023-09-08,Shoes,1,2000.0,9136,9,2023,-7136.0,-356.8
ORD-1614,2023-07-01,Shoes,1,50000.0,7450,7,2023,42550.0,85.1
ORD-1615,2023-06-01,Shirt,1,50000.0,25031,6,2023,24969.0,49.94
ORD-1616,2023-01-25,Mobile,1,50000.0,32052,1,2023,17948.0,35.9
ORD-1617,2024-03-30,Shoes,3,50000.0,12346,3,2024,37654.0,75.31
ORD-1618,2023-06-29,Shirt,2,2000.0,15852,6,2023,-13852.0,-692.6
ORD-1619,2023-07-17,Shirt,1,50000.0,8067,7,2023,41933.0,83.87
ORD-1620,2023-12-10,Mobile,2,50000.0,32485,12,2023,17515.0,35.03
ORD-1621,2023-06-10,Mobile,1,30000.0,10689,6,2023,19311.0,64.37
ORD-1622,2023-06-26,Laptop,1,50000.0,18801,6,2023,31199.0,62.4
ORD-1623,2023-10-12,Shirt,2,50000.0,25272,10,2023,24728.0,49.46
ORD-1624,2023-03-04,Shoes,1,2000.0,4763,3,2023,-2763.0,-138.15
ORD-1626,2023-05-30,Shirt,1,30000.0,29692,5,2023,308.0,1.03
ORD-1627,2023-06-03,Shoes,2,30000.0,27549,6,2023,2451.0,8.17
ORD-1629,2024-01-05,Mobile,2,30000.0,29848,1,2024,152.0,0.51
ORD-1630,2024-04-13,Laptop,1,50000.0,31741,4,2024,18259.0,36.52
ORD-1631,2023-02-18,Shirt,3,50000.0,20268,2,2023,29732.0,59.46
ORD-1633,2023-12-03,Mobile,2,2000.0,32671,12,2023,-30671.0,-1533.55
ORD-1634,2023-03-25,Laptop,3,2000.0,12336,3,2023,-10336.0,-516.8
ORD-1635,2023-12-27,Shoes,1,30000.0,28738,12,2023,1262.0,4.21
ORD-1636,2023-06-26,Shoes,2,2000.0,14487,6,2023,-12487.0,-624.35
ORD-1637,2023-05-28,Shoes,3,2000.0,35037,5,2023,-33037.0,-1651.85
ORD-1638,2023-04-28,Shirt,3,2000.0,13898,4,2023,-11898.0,-594.9
ORD-1639,2023-12-08,Mobile,2,2000.0,18678,12,2023,-16678.0,-833.9
ORD-1640,2024-04-20,Shoes,3,2000.0,19141,4,2024,-17141.0,-857.05
ORD-1641,2023-03-04,Shirt,3,2000.0,11156,3,2023,-9156.0,-457.8
ORD-1642,2023-07-08,Mobile,2,2000.0,25160,7,2023,-23160.0,-1158.0
ORD-1643,2023-12-26,Mobile,3,30000.0,13835,12,2023,16165.0,53.88
ORD-1644,2023-02-18,Shirt,3,50000.0,10383,2,2023,39617.0,79.23
ORD-1645,2023-11-23,Shirt,3,2000.0,25564,11,2023,-23564.0,-1178.2
ORD-1646,2023-09-14,Shoes,3,50000.0,20225,9,2023,29775.0,59.55
ORD-1648,2023-05-21,Laptop,2,50000.0,20946,5,2023,29054.0,58.11
ORD-1650,2023-08-03,Mobile,1,30000.0,27295,8,2023,2705.0,9.02
ORD-1651,2024-03-10,Mobile,1,50000.0,33700,3,2024,16300.0,32.6
ORD-1653,2024-03-15,Laptop,1,50000.0,33609,3,2024,16391.0,32.78
ORD-1654,2023-07-30,Shoes,1,30000.0,10751,7,2023,19249.0,64.16
ORD-1655,2023-11-14,Laptop,3,50000.0,9928,11,2023,40072.0,80.14
ORD-1657,2023-06-07,Shirt,1,2000.0,17257,6,2023,-15257.0,-762.85
ORD-1658,2023-10-12,Mobile,1,2000.0,23650,10,2023,-21650.0,-1082.5
ORD-1659,2023-11-01,Mobile,3,2000.0,39181,11,2023,-37181.0,-1859.05
ORD-1660,2024-03-04,Mobile,1,30000.0,24212,3,2024,5788.0,19.29
ORD-1661,2024-04-21,Laptop,2,2000.0,3190,4,2024,-1190.0,-59.5
ORD-1662,2023-10-13,Mobile,2,30000.0,2002,10,2023,27998.0,93.33
ORD-1663,2023-05-24,Shirt,2,2000.0,24038,5,2023,-22038.0,-1101.9
ORD-1664,2024-02-28,Laptop,2,30000.0,9094,2,2024,20906.0,69.69
ORD-1665,2023-01-19,Laptop,1,30000.0,23451,1,2023,6549.0,21.83
ORD-1666,2023-01-18,Laptop,2,50000.0,4752,1,2023,45248.0,90.5
ORD-1667,2023-09-14,Laptop,2,2000.0,21521,9,2023,-19521.0,-976.05
ORD-1668,2023-03-19,Shirt,1,50000.0,28768,3,2023,21232.0,42.46
ORD-1670,2023-06-24,Shirt,1,2000.0,38206,6,2023,-36206.0,-1810.3
ORD-1671,2024-05-12,Mobile,1,2000.0,5427,5,2024,-3427.0,-171.35
ORD-1672,2023-07-13,Shirt,2,2000.0,6556,7,2023,-4556.0,-227.8
ORD-1673,2024-04-20,Shoes,3,2000.0,19772,4,2024,-17772.0,-888.6
ORD-1674,2023-04-23,Shoes,3,50000.0,29063,4,2023,20937.0,41.87
ORD-1675,2023-04-24,Shoes,2,50000.0,23709,4,2023,26291.0,52.58
ORD-1676,2023-08-10,Shoes,2,30000.0,16319,8,2023,13681.0,45.6
ORD-1677,2023-06-15,Laptop,1,50000.0,6383,6,2023,43617.0,87.23
ORD-1678,2024-03-10,Laptop,1,30000.0,2233,3,2024,27767.0,92.56
ORD-1680,2023-05-12,Shirt,2,50000.0,25713,5,2023,24287.0,48.57
ORD-1681,2024-01-20,Shoes,2,30000.0,15789,1,2024,14211.0,47.37
ORD-1682,2023-09-21,Mobile,2,2000.0,3930,9,2023,-1930.0,-96.5
ORD-1684,2023-02-24,Shirt,1,30000.0,13374,2,2023,16626.0,55.42
ORD-1686,2023-05-11,Shirt,2,2000.0,19523,5,2023,-17523.0,-876.15
ORD-1687,2023-10-15,Shoes,3,2000.0,25783,10,2023,-23783.0,-1189.15
ORD-1688,2023-09-23,Mobile,1,30000.0,16563,9,2023,13437.0,44.79
ORD-1689,2024-04-02,Shoes,2,30000.0,11042,4,2024,18958.0,63.19
ORD-1690,2024-04-11,Mobile,3,2000.0,23820,4,2024,-21820.0,-1091.0
ORD-1691,2024-01-01,Mobile,3,30000.0,32252,1,2024,-2252.0,-7.51
ORD-1692,2023-06-11,Shirt,1,2000.0,3208,6,2023,-1208.0,-60.4
ORD-1693,2024-01-15,Mobile,1,50000.0,14796,1,2024,35204.0,70.41
ORD-1694,2024-04-25,Laptop,1,30000.0,39390,4,2024,-9390.0,-31.3
ORD-1696,2023-02-24,Laptop,2,2000.0,23670,2,2023,-21670.0,-1083.5
ORD-1697,2024-04-20,Shirt,1,50000.0,25320,4,2024,24680.0,49.36
ORD-1698,2023-10-15,Laptop,2,30000.0,21074,10,2023,8926.0,29.75
ORD-1699,2023-06-27,Shirt,2,2000.0,28931,6,2023,-26931.0,-1346.55
ORD-1700,2024-01-26,Shirt,3,50000.0,19993,1,2024,30007.0,60.01
ORD-1701,2023-12-15,Laptop,1,30000.0,33991,12,2023,-3991.0,-13.3
ORD-1702,2023-01-08,Mobile,1,2000.0,16003,1,2023,-14003.0,-700.15
ORD-1703,2023-11-17,Shoes,1,2000.0,15743,11,2023,-13743.0,-687.15
ORD-1704,2023-11-09,Shirt,2,2000.0,15007,11,2023,-13007.0,-650.35
ORD-1705,2023-09-04,Laptop,2,30000.0,25300,9,2023,4700.0,15.67
ORD-1706,2023-11-19,Shirt,1,50000.0,17175,11,2023,32825.0,65.65
ORD-1707,2024-04-16,Mobile,2,2000.0,6973,4,2024,-4973.0,-248.65
ORD-1708,2024-04-15,Mobile,2,50000.0,10703,4,2024,39297.0,78.59
ORD-1709,2024-03-18,Laptop,1,50000.0,33313,3,2024,16687.0,33.37
ORD-1711,2023-11-24,Shoes,1,50000.0,30176,11,2023,19824.0,39.65
ORD-1712,2023-02-23,Shoes,1,50000.0,24280,2,2023,25720.0,51.44
ORD-1713,2023-09-06,Shirt,1,50000.0,24867,9,2023,25133.0,50.27
ORD-1714,2023-08-27,Shirt,2,50000.0,22845,8,2023,27155.0,54.31
ORD-1715,2023-08-17,Shirt,2,50000.0,17241,8,2023,32759.0,65.52
ORD-1716,2023-03-08,Laptop,3,30000.0,36055,3,2023,-6055.0,-20.18
ORD-1718,2023-04-07,Shoes,1,2000.0,11209,4,2023,-9209.0,-460.45
ORD-1721,2023-09-21,Shirt,3,2000.0,36302,9,2023,-34302.0,-1715.1
ORD-1722,2024-02-22,Mobile,2,50000.0,12004,2,2024,37996.0,75.99
ORD-1723,2023-10-18,Shirt,1,2000.0,31587,10,2023,-29587.0,-1479.35
ORD-1724,2023-04-06,Laptop,1,50000.0,34390,4,2023,15610.0,31.22
ORD-1725,2023-03-29,Laptop,1,2000.0,29400,3,2023,-27400.0,-1370.0
ORD-1726,2023-03-19,Mobile,2,30000.0,11975,3,2023,18025.0,60.08
ORD-1728,2023-04-30,Shoes,3,50000.0,7876,4,2023,42124.0,84.25
ORD-1730,2024-05-05,Laptop,1,50000.0,26239,5,2024,23761.0,47.52
ORD-1731,2024-02-04,Laptop,1,2000.0,21378,2,2024,-19378.0,-968.9
ORD-1732,2024-03-27,Shoes,3,2000.0,27568,3,2024,-25568.0,-1278.4
ORD-1733,2024-05-14,Shirt,1,2000.0,32510,5,2024,-30510.0,-1525.5
ORD-1734,2023-06-14,Laptop,1,30000.0,36462,6,2023,-6462.0,-21.54
ORD-1735,2023-07-01,Mobile,1,2000.0,21688,7,2023,-19688.0,-984.4
ORD-1736,2024-04-13,Shoes,3,2000.0,22796,4,2024,-20796.0,-1039.8
ORD-1737,2024-02-02,Mobile,1,30000.0,31796,2,2024,-1796.0,-5.99
ORD-1740,2024-03-07,Laptop,3,50000.0,25401,3,2024,24599.0,49.2
ORD-1742,2023-01-07,Mobile,1,50000.0,34680,1,2023,15320.0,30.64
ORD-1743,2023-11-26,Mobile,3,50000.0,24826,11,2023,25174.0,50.35
ORD-1746,2023-05-31,Shirt,3,30000.0,11663,5,2023,18337.0,61.12
ORD-1747,2023-03-26,Laptop,3,50000.0,14967,3,2023,35033.0,70.07
ORD-1750,2024-01-16,Laptop,1,30000.0,21417,1,2024,8583.0,28.61
ORD-1752,2023-02-05,Shirt,3,2000.0,38610,2,2023,-36610.0,-1830.5
ORD-1753,2023-10-12,Shoes,3,2000.0,22925,10,2023,-20925.0,-1046.25
ORD-1754,2023-07-07,Shoes,3,50000.0,31002,7,2023,18998.0,38.0
ORD-1755,2023-03-23,Laptop,3,30000.0,37795,3,2023,-7795.0,-25.98
ORD-1757,2024-01-20,Shirt,3,50000.0,1260,1,2024,48740.0,97.48
ORD-1759,2023-07-16,Shoes,3,2000.0,37978,7,2023,-35978.0,-1798.9
ORD-1763,2024-01-21,Mobile,3,2000.0,3921,1,2024,-1921.0,-96.05
ORD-1764,2023-07-14,Shirt,2,2000.0,4888,7,2023,-2888.0,-144.4
ORD-1765,2024-04-15,Laptop,1,30000.0,1177,4,2024,28823.0,96.08
ORD-1766,2023-04-29,Laptop,3,2000.0,8426,4,2023,-6426.0,-321.3
ORD-1767,2024-01-31,Shirt,1,50000.0,5495,1,2024,44505.0,89.01
ORD-1769,2023-09-18,Shirt,1,2000.0,11047,9,2023,-9047.0,-452.35
ORD-1770,2023-10-20,Shoes,2,50000.0,19039,10,2023,30961.0,61.92
ORD-1771,2024-02-26,Laptop,2,2000.0,36301,2,2024,-34301.0,-1715.05
ORD-1773,2023-08-10,Shirt,3,50000.0,21745,8,2023,28255.0,56.51
ORD-1774,2024-01-28,Laptop,3,2000.0,12353,1,2024,-10353.0,-517.65
ORD-1775,2023-08-14,Shoes,2,2000.0,26080,8,2023,-24080.0,-1204.0
ORD-1776,2023-02-22,Shoes,1,50000.0,19788,2,2023,30212.0,60.42
ORD-1777,2024-03-03,Mobile,3,30000.0,35969,3,2024,-5969.0,-19.9
ORD-1778,2023-12-21,Laptop,2,50000.0,6659,12,2023,43341.0,86.68
ORD-1779,2024-05-14,Shoes,1,50000.0,34921,5,2024,15079.0,30.16
ORD-1780,2023-12-08,Shoes,1,50000.0,5161,12,2023,44839.0,89.68
ORD-1781,2023-12-30,Mobile,1,50000.0,16503,12,2023,33497.0,66.99
ORD-1782,2023-10-07,Shoes,1,2000.0,28003,10,2023,-26003.0,-1300.15
ORD-1783,2023-03-22,Shoes,2,50000.0,25982,3,2023,24018.0,48.04
ORD-1784,2023-07-21,Shoes,1,50000.0,4478,7,2023,45522.0,91.04
ORD-1786,2023-04-30,Shoes,3,2000.0,36129,4,2023,-34129.0,-1706.45
ORD-1788,2024-05-08,Laptop,3,2000.0,11160,5,2024,-9160.0,-458.0
ORD-1789,2023-08-03,Laptop,3,30000.0,36214,8,2023,-6214.0,-20.71
ORD-1790,2023-05-08,Mobile,1,30000.0,12931,5,2023,17069.0,56.9
ORD-1791,2023-08-12,Shirt,1,2000.0,32170,8,2023,-30170.0,-1508.5
ORD-1792,2023-07-28,Laptop,1,30000.0,32190,7,2023,-2190.0,-7.3
ORD-1793,2024-01-05,Mobile,1,30000.0,8601,1,2024,21399.0,71.33
ORD-1794,2023-04-25,Shoes,3,2000.0,38819,4,2023,-36819.0,-1840.95
ORD-1795,2023-07-28,Shoes,1,50000.0,4517,7,2023,45483.0,90.97
ORD-1797,2023-01-09,Shoes,2,2000.0,19759,1,2023,-17759.0,-887.95
ORD-1798,2023-02-09,Shoes,1,2000.0,8850,2,2023,-6850.0,-342.5
ORD-1799,2024-03-25,Shirt,1,2000.0,7744,3,2024,-5744.0,-287.2
ORD-1801,2023-10-08,Laptop,1,2000.0,7248,10,2023,-5248.0,-262.4
ORD-1804,2023-09-03,Shirt,3,30000.0,14417,9,2023,15583.0,51.94
ORD-1805,2023-10-05,Shoes,3,50000.0,26305,10,2023,23695.0,47.39
ORD-1806,2023-08-23,Mobile,1,30000.0,37735,8,2023,-7735.0,-25.78
ORD-1807,2024-05-08,Laptop,3,2000.0,38719,5,2024,-36719.0,-1835.95
ORD-1808,2023-01-04,Shoes,1,2000.0,5002,1,2023,-3002.0,-150.1
ORD-1810,2024-03-17,Shoes,3,30000.0,27149,3,2024,2851.0,9.5
ORD-1812,2023-04-19,Shirt,2,30000.0,30458,4,2023,-458.0,-1.53
ORD-1813,2023-04-08,Shoes,1,30000.0,34453,4,2023,-4453.0,-14.84
ORD-1814,2023-08-03,Laptop,1,30000.0,21272,8,2023,8728.0,29.09
ORD-1815,2023-10-20,Shirt,2,30000.0,18352,10,2023,11648.0,38.83
ORD-1816,2023-03-16,Laptop,1,30000.0,3033,3,2023,26967.0,89.89
ORD-1817,2023-11-22,Mobile,1,50000.0,22645,11,2023,27355.0,54.71
ORD-1818,2023-05-26,Shoes,2,2000.0,26343,5,2023,-24343.0,-1217.15
ORD-1819,2023-05-08,Laptop,2,30000.0,1645,5,2023,28355.0,94.52
ORD-1820,2023-12-07,Mobile,2,30000.0,32775,12,2023,-2775.0,-9.25
ORD-1822,2023-12-22,Mobile,1,2000.0,9112,12,2023,-7112.0,-355.6
ORD-1823,2023-02-10,Laptop,1,2000.0,10271,2,2023,-8271.0,-413.55
ORD-1824,2024-02-26,Mobile,1,2000.0,26212,2,2024,-24212.0,-1210.6
ORD-1825,2023-02-03,Shirt,3,30000.0,11292,2,2023,18708.0,62.36
ORD-1827,2023-06-14,Mobile,3,2000.0,39354,6,2023,-37354.0,-1867.7
ORD-1829,2024-04-30,Shoes,1,50000.0,30475,4,2024,19525.0,39.05
ORD-1830,2024-01-13,Shirt,1,50000.0,1868,1,2024,48132.0,96.26
ORD-1832,2023-03-28,Shirt,1,30000.0,9213,3,2023,20787.0,69.29
ORD-1833,2023-04-27,Shoes,1,2000.0,23739,4,2023,-21739.0,-1086.95
ORD-1834,2023-12-28,Mobile,1,50000.0,2903,12,2023,47097.0,94.19
ORD-1835,2023-12-08,Mobile,2,50000.0,36344,12,2023,13656.0,27.31
ORD-1837,2023-01-27,Shirt,1,30000.0,21998,1,2023,8002.0,26.67
ORD-1843,2023-04-08,Laptop,3,30000.0,25862,4,2023,4138.0,13.79
ORD-1845,2023-08-25,Laptop,1,30000.0,12510,8,2023,17490.0,58.3
ORD-1846,2023-11-05,Shirt,1,2000.0,35691,11,2023,-33691.0,-1684.55
ORD-1847,2024-03-30,Laptop,2,2000.0,14402,3,2024,-12402.0,-620.1
ORD-1848,2024-01-29,Shirt,1,2000.0,7455,1,2024,-5455.0,-272.75
ORD-1849,2023-06-22,Laptop,1,2000.0,3773,6,2023,-1773.0,-88.65
ORD-1850,2024-02-05,Mobile,1,50000.0,28377,2,2024,21623.0,43.25
ORD-1851,2024-02-14,Mobile,1,30000.0,10776,2,2024,19224.0,64.08
ORD-1852,2024-04-13,Laptop,1,2000.0,33059,4,2024,-31059.0,-1552.95
ORD-1853,2024-04-20,Shoes,2,50000.0,30405,4,2024,19595.0,39.19
ORD-1854,2023-07-09,Mobile,1,30000.0,1143,7,2023,28857.0,96.19
ORD-1855,2023-05-02,Shirt,3,50000.0,26698,5,2023,23302.0,46.6
ORD-1856,2023-02-15,Laptop,2,50000.0,18083,2,2023,31917.0,63.83
ORD-1858,2023-05-10,Shoes,2,50000.0,34038,5,2023,15962.0,31.92
ORD-1859,2023-11-06,Laptop,1,50000.0,2007,11,2023,47993.0,95.99
ORD-1860,2023-12-29,Mobile,1,30000.0,28419,12,2023,1581.0,5.27
ORD-1861,2023-07-12,Shirt,3,50000.0,11174,7,2023,38826.0,77.65
ORD-1863,2023-06-30,Mobile,1,2000.0,8203,6,2023,-6203.0,-310.15
ORD-1864,2023-10-19,Laptop,2,2000.0,37492,10,2023,-35492.0,-1774.6
ORD-1865,2024-01-06,Shirt,1,30000.0,29989,1,2024,11.0,0.04
ORD-1866,2023-10-09,Shoes,1,30000.0,28331,10,2023,1669.0,5.56
ORD-1867,2023-01-29,Mobile,3,50000.0,23983,1,2023,26017.0,52.03
ORD-1868,2023-05-29,Laptop,3,30000.0,30735,5,2023,-735.0,-2.45
ORD-1869,2023-09-24,Laptop,1,50000.0,21893,9,2023,28107.0,56.21
ORD-1870,2023-10-23,Shoes,1,30000.0,16739,10,2023,13261.0,44.2
ORD-1871,2023-01-11,Laptop,2,2000.0,30917,1,2023,-28917.0,-1445.85
ORD-1872,2023-06-13,Mobile,1,2000.0,21704,6,2023,-19704.0,-985.2
ORD-1873,2023-04-23,Laptop,2,2000.0,31152,4,2023,-29152.0,-1457.6
ORD-1874,2023-07-06,Shirt,3,2000.0,39240,7,2023,-37240.0,-1862.0
ORD-1875,2023-10-22,Shirt,1,50000.0,8206,10,2023,41794.0,83.59
ORD-1876,2023-08-20,Mobile,3,50000.0,24256,8,2023,25744.0,51.49
ORD-1877,2023-08-15,Shirt,2,50000.0,25307,8,2023,24693.0,49.39
ORD-1878,2023-11-06,Shoes,2,2000.0,5716,11,2023,-3716.0,-185.8
ORD-1880,2023-02-24,Mobile,1,2000.0,19920,2,2023,-17920.0,-896.0
ORD-1881,2023-04-21,Shoes,1,2000.0,38871,4,2023,-36871.0,-1843.55
ORD-1884,2024-02-10,Mobile,2,30000.0,14587,2,2024,15413.0,51.38
ORD-1885,2023-03-10,Mobile,3,2000.0,2195,3,2023,-195.0,-9.75
ORD-1887,2023-10-16,Laptop,1,30000.0,23438,10,2023,6562.0,21.87
ORD-1890,2023-08-27,Shoes,1,30000.0,22143,8,2023,7857.0,26.19
ORD-1891,2023-05-28,Mobile,3,2000.0,14696,5,2023,-12696.0,-634.8
ORD-1892,2024-04-11,Laptop,2,30000.0,8564,4,2024,21436.0,71.45
ORD-1893,2023-08-15,Laptop,2,2000.0,4637,8,2023,-2637.0,-131.85
ORD-1895,2024-05-05,Shirt,2,30000.0,18790,5,2024,11210.0,37.37
ORD-1896,2023-12-03,Laptop,3,50000.0,29159,12,2023,20841.0,41.68
ORD-1898,2023-12-31,Shirt,2,30000.0,35345,12,2023,-5345.0,-17.82
ORD-1900,2024-04-26,Shirt,3,30000.0,13568,4,2024,16432.0,54.77
ORD-1901,2023-07-20,Mobile,1,2000.0,29003,7,2023,-27003.0,-1350.15
ORD-1902,2023-06-03,Shoes,3,50000.0,6311,6,2023,43689.0,87.38
ORD-1904,2023-03-14,Mobile,1,50000.0,18191,3,2023,31809.0,63.62
ORD-1905,2023-07-20,Shoes,3,2000.0,21908,7,2023,-19908.0,-995.4
ORD-1906,2023-10-23,Shirt,3,30000.0,2415,10,2023,27585.0,91.95
ORD-1907,2023-01-17,Laptop,1,50000.0,19833,1,2023,30167.0,60.33
ORD-1908,2023-05-09,Laptop,3,30000.0,16406,5,2023,13594.0,45.31
ORD-1909,2023-08-05,Mobile,1,2000.0,30336,8,2023,-28336.0,-1416.8
ORD-1911,2024-03-02,Shoes,2,2000.0,37264,3,2024,-35264.0,-1763.2
ORD-1912,2023-04-14,Shoes,1,50000.0,12780,4,2023,37220.0,74.44
ORD-1913,2023-02-11,Laptop,1,50000.0,13221,2,2023,36779.0,73.56
ORD-1914,2023-01-25,Shoes,1,50000.0,22116,1,2023,27884.0,55.77
ORD-1915,2023-02-08,Laptop,3,30000.0,15422,2,2023,14578.0,48.59
ORD-1917,2023-05-11,Shoes,1,50000.0,6416,5,2023,43584.0,87.17
ORD-1918,2024-05-12,Shirt,1,50000.0,16251,5,2024,33749.0,67.5
ORD-1919,2023-08-17,Shoes,1,50000.0,28074,8,2023,21926.0,43.85
ORD-1920,2023-04-18,Laptop,3,2000.0,13164,4,2023,-11164.0,-558.2
ORD-1921,2023-06-21,Mobile,2,50000.0,3468,6,2023,46532.0,93.06
ORD-1922,2024-03-10,Laptop,3,2000.0,3027,3,2024,-1027.0,-51.35
ORD-1923,2024-04-22,Shoes,1,50000.0,24555,4,2024,25445.0,50.89
ORD-1924,2023-04-12,Laptop,3,2000.0,12944,4,2023,-10944.0,-547.2
ORD-1925,2023-12-20,Laptop,1,30000.0,1315,12,2023,28685.0,95.62
ORD-1926,2023-01-12,Mobile,1,30000.0,15133,1,2023,14867.0,49.56
ORD-1927,2023-10-02,Shirt,1,2000.0,37757,10,2023,-35757.0,-1787.85
ORD-1930,2024-03-18,Shirt,1,2000.0,5757,3,2024,-3757.0,-187.85
ORD-1931,2023-11-01,Laptop,1,30000.0,30967,11,2023,-967.0,-3.22
ORD-1932,2024-03-20,Shirt,2,2000.0,26795,3,2024,-24795.0,-1239.75
ORD-1934,2023-11-26,Laptop,3,2000.0,34835,11,2023,-32835.0,-1641.75
ORD-1935,2023-02-26,Mobile,3,30000.0,32461,2,2023,-2461.0,-8.2
ORD-1938,2023-10-30,Shirt,1,50000.0,27361,10,2023,22639.0,45.28
ORD-1939,2023-01-12,Shirt,1,50000.0,1711,1,2023,48289.0,96.58
ORD-1942,2023-08-04,Laptop,1,2000.0,8924,8,2023,-6924.0,-346.2
ORD-1943,2023-12-05,Mobile,2,30000.0,16549,12,2023,13451.0,44.84
ORD-1945,2024-04-23,Mobile,3,30000.0,3560,4,2024,26440.0,88.13
ORD-1947,2023-03-22,Mobile,2,30000.0,20944,3,2023,9056.0,30.19
ORD-1948,2023-08-03,Shirt,1,50000.0,3177,8,2023,46823.0,93.65
ORD-1950,2024-01-09,Shirt,1,2000.0,36846,1,2024,-34846.0,-1742.3
ORD-1951,2024-04-08,Shoes,2,30000.0,28475,4,2024,1525.0,5.08
ORD-1953,2023-07-19,Shirt,1,50000.0,22416,7,2023,27584.0,55.17
ORD-1954,2023-01-25,Laptop,3,50000.0,15120,1,2023,34880.0,69.76
ORD-1955,2024-04-10,Mobile,2,50000.0,3948,4,2024,46052.0,92.1
ORD-1956,2023-03-30,Shoes,3,50000.0,3520,3,2023,46480.0,92.96
ORD-1958,2023-05-23,Mobile,1,2000.0,27961,5,2023,-25961.0,-1298.05
ORD-1959,2023-02-28,Shoes,3,30000.0,14336,2,2023,15664.0,52.21
ORD-1960,2024-02-14,Shoes,3,2000.0,15020,2,2024,-13020.0,-651.0
ORD-1961,2024-05-03,Shoes,3,30000.0,28280,5,2024,1720.0,5.73
ORD-1962,2023-12-31,Mobile,1,2000.0,17746,12,2023,-15746.0,-787.3
ORD-1965,2023-10-15,Laptop,1,30000.0,13836,10,2023,16164.0,53.88
ORD-1967,2023-01-16,Mobile,1,30000.0,5358,1,2023,24642.0,82.14
ORD-1968,2023-07-18,Shirt,3,2000.0,12339,7,2023,-10339.0,-516.95
ORD-1971,2023-10-09,Shoes,1,30000.0,18259,10,2023,11741.0,39.14
ORD-1972,2024-04-13,Shoes,3,30000.0,8129,4,2024,21871.0,72.9
ORD-1973,2023-03-27,Mobile,1,30000.0,12211,3,2023,17789.0,59.3
ORD-1974,2023-09-07,Mobile,1,30000.0,31197,9,2023,-1197.0,-3.99
ORD-1975,2024-01-26,Mobile,1,50000.0,16628,1,2024,33372.0,66.74
ORD-1976,2023-09-27,Laptop,1,30000.0,27300,9,2023,2700.0,9.0
ORD-1977,2023-12-01,Mobile,1,50000.0,18512,12,2023,31488.0,62.98
ORD-1978,2023-04-27,Laptop,1,2000.0,21945,4,2023,-19945.0,-997.25
ORD-1979,2023-01-07,Shoes,1,30000.0,34787,1,2023,-4787.0,-15.96
ORD-1980,2023-05-17,Shirt,1,50000.0,22408,5,2023,27592.0,55.18
ORD-1981,2024-01-06,Shoes,1,50000.0,21311,1,2024,28689.0,57.38
ORD-1982,2023-06-25,Shoes,1,50000.0,36609,6,2023,13391.0,26.78
ORD-1984,2024-05-12,Mobile,1,50000.0,39245,5,2024,10755.0,21.51
ORD-1985,2023-11-11,Mobile,1,30000.0,18610,11,2023,11390.0,37.97
ORD-1986,2023-08-03,Mobile,1,30000.0,29952,8,2023,48.0,0.16
ORD-1987,2024-04-21,Shirt,1,30000.0,14568,4,2024,15432.0,51.44
ORD-1988,2023-03-23,Mobile,1,50000.0,25899,3,2023,24101.0,48.2
ORD-1989,2023-08-11,Laptop,3,50000.0,13002,8,2023,36998.0,74.0
ORD-1991,2024-01-07,Shirt,3,2000.0,19069,1,2024,-17069.0,-853.45
ORD-1993,2024-04-27,Shirt,1,30000.0,20328,4,2024,9672.0,32.24
ORD-1994,2024-02-06,Shirt,3,30000.0,18711,2,2024,11289.0,37.63
ORD-1995,2024-03-18,Shirt,1,30000.0,6906,3,2024,23094.0,76.98
ORD-1997,2023-04-13,Shoes,2,30000.0,18813,4,2023,11187.0,37.29
ORD-1998,2023-09-30,Shirt,1,30000.0,10153,9,2023,19847.0,66.16
ORD-1999,2023-01-14,Shoes,2,30000.0,32679,1,2023,-2679.0,-8.93
ORD-2000,2023-06-08,Mobile,1,50000.0,30588,6,2023,19412.0,38.82
ORD-2001,2023-06-01,Shirt,1,2000.0,24770,6,2023,-22770.0,-1138.5
ORD-2002,2024-04-27,Shirt,1,50000.0,19852,4,2024,30148.0,60.3
ORD-2003,2023-04-18,Shoes,2,50000.0,20612,4,2023,29388.0,58.78
ORD-2004,2023-07-07,Shirt,2,2000.0,31907,7,2023,-29907.0,-1495.35
ORD-2005,2023-10-28,Shirt,2,2000.0,31171,10,2023,-29171.0,-1458.55
ORD-2007,2023-05-11,Laptop,2,2000.0,4966,5,2023,-2966.0,-148.3
ORD-2010,2024-02-28,Laptop,3,50000.0,35018,2,2024,14982.0,29.96
ORD-2011,2024-04-18,Mobile,3,30000.0,5688,4,2024,24312.0,81.04
ORD-2012,2023-07-02,Shirt,2,50000.0,21457,7,2023,28543.0,57.09
ORD-2013,2024-04-15,Mobile,2,50000.0,37555,4,2024,12445.0,24.89
ORD-2014,2023-12-30,Shoes,2,2000.0,32379,12,2023,-30379.0,-1518.95
ORD-2015,2023-02-08,Mobile,2,2000.0,11470,2,2023,-9470.0,-473.5
ORD-2019,2023-01-04,Shoes,2,2000.0,23077,1,2023,-21077.0,-1053.85
ORD-2022,2024-02-13,Mobile,2,2000.0,15735,2,2024,-13735.0,-686.75
ORD-2023,2024-02-01,Shirt,1,30000.0,4032,2,2024,25968.0,86.56
ORD-2024,2023-07-29,Shirt,1,50000.0,37671,7,2023,12329.0,24.66
ORD-2025,2023-06-10,Mobile,2,2000.0,30897,6,2023,-28897.0,-1444.85
ORD-2027,2024-05-07,Shirt,2,50000.0,37438,5,2024,12562.0,25.12
ORD-2028,2024-03-01,Shoes,2,2000.0,22278,3,2024,-20278.0,-1013.9
ORD-2029,2023-04-18,Shoes,3,50000.0,22902,4,2023,27098.0,54.2
ORD-2030,2024-01-17,Mobile,1,50000.0,37091,1,2024,12909.0,25.82
ORD-2031,2024-03-25,Shirt,1,30000.0,8120,3,2024,21880.0,72.93
ORD-2033,2023-08-15,Laptop,1,2000.0,33867,8,2023,-31867.0,-1593.35
ORD-2035,2023-02-03,Laptop,1,30000.0,37424,2,2023,-7424.0,-24.75
ORD-2036,2024-02-18,Mobile,3,30000.0,7786,2,2024,22214.0,74.05
ORD-2037,2023-09-08,Shirt,1,2000.0,34461,9,2023,-32461.0,-1623.05
ORD-2038,2023-09-04,Mobile,1,2000.0,22185,9,2023,-20185.0,-1009.25
ORD-2039,2023-09-26,Mobile,2,30000.0,32190,9,2023,-2190.0,-7.3
ORD-2040,2023-05-21,Mobile,1,2000.0,4709,5,2023,-2709.0,-135.45
ORD-2041,2023-10-01,Mobile,1,50000.0,20154,10,2023,29846.0,59.69
ORD-2042,2024-02-20,Mobile,3,50000.0,21859,2,2024,28141.0,56.28
ORD-2043,2023-04-06,Shirt,2,30000.0,5209,4,2023,24791.0,82.64
ORD-2045,2024-01-14,Shirt,3,2000.0,15846,1,2024,-13846.0,-692.3
ORD-2046,2023-02-08,Shirt,1,2000.0,19003,2,2023,-17003.0,-850.15
ORD-2047,2023-10-29,Shirt,1,50000.0,26426,10,2023,23574.0,47.15
ORD-2048,2024-05-14,Shoes,1,2000.0,26551,5,2024,-24551.0,-1227.55
ORD-2050,2024-03-21,Shirt,3,2000.0,13380,3,2024,-11380.0,-569.0
ORD-2051,2024-05-11,Laptop,1,2000.0,10707,5,2024,-8707.0,-435.35
ORD-2052,2024-04-21,Shirt,3,50000.0,25379,4,2024,24621.0,49.24
ORD-2053,2023-11-14,Mobile,2,2000.0,26068,11,2023,-24068.0,-1203.4
ORD-2054,2023-09-02,Shoes,3,30000.0,7906,9,2023,22094.0,73.65
ORD-2055,2023-08-24,Shoes,1,30000.0,16895,8,2023,13105.0,43.68
ORD-2060,2023-08-27,Mobile,3,50000.0,8348,8,2023,41652.0,83.3
ORD-2061,2024-01-12,Shirt,1,2000.0,1575,1,2024,425.0,21.25
ORD-2062,2023-09-23,Shirt,2,50000.0,16748,9,2023,33252.0,66.5
ORD-2064,2024-02-13,Shoes,1,2000.0,26391,2,2024,-24391.0,-1219.55
ORD-2065,2023-12-25,Mobile,1,30000.0,23407,12,2023,6593.0,21.98
ORD-2066,2023-12-06,Laptop,1,50000.0,10154,12,2023,39846.0,79.69
ORD-2067,2024-01-24,Shoes,1,2000.0,22555,1,2024,-20555.0,-1027.75
ORD-2068,2023-03-06,Shoes,3,30000.0,27623,3,2023,2377.0,7.92
ORD-2069,2024-04-22,Shoes,3,30000.0,39177,4,2024,-9177.0,-30.59
ORD-2071,2023-01-03,Mobile,1,30000.0,21244,1,2023,8756.0,29.19
ORD-2072,2024-03-04,Shirt,3,30000.0,28927,3,2024,1073.0,3.58
ORD-2074,2024-01-11,Laptop,2,2000.0,18265,1,2024,-16265.0,-813.25
ORD-2075,2023-06-07,Shoes,1,2000.0,7909,6,2023,-5909.0,-295.45
ORD-2077,2023-11-20,Mobile,2,50000.0,15236,11,2023,34764.0,69.53
ORD-2079,2024-03-21,Laptop,3,2000.0,27125,3,2024,-25125.0,-1256.25
ORD-2080,2023-10-20,Laptop,1,50000.0,11929,10,2023,38071.0,76.14
ORD-2082,2024-03-07,Shirt,3,2000.0,16319,3,2024,-14319.0,-715.95
ORD-2083,2023-07-12,Laptop,1,2000.0,36584,7,2023,-34584.0,-1729.2
ORD-2084,2024-03-12,Laptop,3,2000.0,7411,3,2024,-5411.0,-270.55
ORD-2085,2024-05-08,Mobile,1,30000.0,32602,5,2024,-2602.0,-8.67
ORD-2086,2024-04-07,Mobile,2,30000.0,8204,4,2024,21796.0,72.65
ORD-2087,2023-03-14,Laptop,3,50000.0,19899,3,2023,30101.0,60.2
ORD-2088,2024-02-03,Shoes,1,50000.0,25517,2,2024,24483.0,48.97
ORD-2089,2023-11-01,Shirt,1,50000.0,35507,11,2023,14493.0,28.99
ORD-2090,2024-01-12,Laptop,3,30000.0,5052,1,2024,24948.0,83.16
ORD-2091,2023-12-10,Shoes,3,50000.0,39554,12,2023,10446.0,20.89
ORD-2092,2024-03-27,Laptop,1,2000.0,13013,3,2024,-11013.0,-550.65
ORD-2093,2023-05-20,Shirt,2,2000.0,38488,5,2023,-36488.0,-1824.4
ORD-2094,2023-07-06,Shirt,2,50000.0,37494,7,2023,12506.0,25.01
ORD-2095,2023-10-20,Mobile,2,50000.0,1678,10,2023,48322.0,96.64
ORD-2096,2023-03-02,Mobile,2,30000.0,31352,3,2023,-1352.0,-4.51
ORD-2097,2024-04-29,Mobile,1,2000.0,10098,4,2024,-8098.0,-404.9
ORD-2100,2023-07-17,Shoes,3,30000.0,28679,7,2023,1321.0,4.4
ORD-2101,2023-10-22,Shoes,2,30000.0,33666,10,2023,-3666.0,-12.22
ORD-2102,2024-03-15,Shoes,1,30000.0,14227,3,2024,15773.0,52.58
ORD-2103,2023-11-15,Laptop,1,2000.0,5906,11,2023,-3906.0,-195.3
ORD-2104,2023-10-29,Mobile,1,50000.0,8898,10,2023,41102.0,82.2
ORD-2105,2023-12-10,Mobile,3,50000.0,34884,12,2023,15116.0,30.23
ORD-2106,2023-01-11,Shirt,2,30000.0,7344,1,2023,22656.0,75.52
ORD-2107,2023-03-03,Shirt,3,2000.0,28366,3,2023,-26366.0,-1318.3
ORD-2109,2023-08-14,Laptop,1,30000.0,18442,8,2023,11558.0,38.53
ORD-2110,2023-06-02,Shoes,1,2000.0,13686,6,2023,-11686.0,-584.3
ORD-2111,2023-07-18,Shirt,1,30000.0,11356,7,2023,18644.0,62.15
ORD-2112,2023-02-21,Mobile,3,2000.0,28793,2,2023,-26793.0,-1339.65
ORD-2113,2023-09-17,Shoes,2,2000.0,3491,9,2023,-1491.0,-74.55
ORD-2114,2023-02-28,Mobile,2,30000.0,22206,2,2023,7794.0,25.98
ORD-2115,2023-03-13,Shoes,1,50000.0,14928,3,2023,35072.0,70.14
ORD-2116,2023-05-28,Mobile,1,30000.0,12560,5,2023,17440.0,58.13
ORD-2117,2023-12-15,Laptop,1,50000.0,8011,12,2023,41989.0,83.98
ORD-2118,2023-03-04,Shoes,3,50000.0,23084,3,2023,26916.0,53.83
ORD-2120,2024-01-08,Mobile,1,2000.0,5862,1,2024,-3862.0,-193.1
ORD-2121,2023-08-31,Shirt,2,30000.0,39118,8,2023,-9118.0,-30.39
ORD-2122,2024-05-07,Shoes,2,2000.0,13682,5,2024,-11682.0,-584.1
ORD-2124,2023-11-26,Shirt,3,50000.0,16096,11,2023,33904.0,67.81
ORD-2125,2023-04-17,Mobile,1,30000.0,15106,4,2023,14894.0,49.65
ORD-2126,2023-08-14,Shoes,2,2000.0,1355,8,2023,645.0,32.25
ORD-2128,2023-08-06,Shoes,2,50000.0,16700,8,2023,33300.0,66.6
ORD-2129,2024-02-29,Shoes,1,50000.0,26196,2,2024,23804.0,47.61
ORD-2130,2023-08-29,Mobile,3,2000.0,32650,8,2023,-30650.0,-1532.5
ORD-2131,2023-09-16,Mobile,1,50000.0,18238,9,2023,31762.0,63.52
ORD-2133,2023-09-19,Shirt,1,50000.0,7704,9,2023,42296.0,84.59
ORD-2134,2023-01-05,Shirt,1,30000.0,21008,1,2023,8992.0,29.97
ORD-2135,2023-09-18,Shirt,1,30000.0,16379,9,2023,13621.0,45.4
ORD-2136,2023-02-23,Mobile,1,2000.0,9573,2,2023,-7573.0,-378.65
ORD-2138,2023-08-03,Shoes,3,50000.0,23566,8,2023,26434.0,52.87
ORD-2139,2023-06-26,Laptop,1,50000.0,2132,6,2023,47868.0,95.74
ORD-2140,2023-01-09,Mobile,1,50000.0,35847,1,2023,14153.0,28.31
ORD-2141,2023-04-09,Shoes,3,30000.0,1944,4,2023,28056.0,93.52
ORD-2143,2024-01-13,Laptop,2,50000.0,34602,1,2024,15398.0,30.8
ORD-2144,2023-08-29,Shirt,1,2000.0,21134,8,2023,-19134.0,-956.7
ORD-2147,2024-05-04,Shoes,1,50000.0,8178,5,2024,41822.0,83.64
ORD-2148,2024-02-23,Shirt,1,30000.0,6168,2,2024,23832.0,79.44
ORD-2150,2023-12-04,Laptop,1,2000.0,5991,12,2023,-3991.0,-199.55
ORD-2152,2023-05-25,Shirt,1,30000.0,6290,5,2023,23710.0,79.03
ORD-2153,2023-08-04,Mobile,2,2000.0,25549,8,2023,-23549.0,-1177.45
ORD-2154,2023-01-03,Mobile,2,30000.0,15844,1,2023,14156.0,47.19
ORD-2155,2023-06-09,Shirt,2,50000.0,29882,6,2023,20118.0,40.24
ORD-2157,2024-04-30,Laptop,3,2000.0,19244,4,2024,-17244.0,-862.2
ORD-2158,2023-09-26,Mobile,2,30000.0,8934,9,2023,21066.0,70.22
ORD-2159,2023-04-30,Shoes,3,50000.0,30845,4,2023,19155.0,38.31
ORD-2160,2024-01-16,Shirt,1,2000.0,36340,1,2024,-34340.0,-1717.0
ORD-2163,2023-11-25,Mobile,3,30000.0,3127,11,2023,26873.0,89.58
ORD-2164,2023-03-09,Shoes,1,2000.0,11083,3,2023,-9083.0,-454.15
ORD-2165,2024-02-02,Shoes,1,50000.0,20091,2,2024,29909.0,59.82
ORD-2166,2023-12-23,Shoes,2,50000.0,10933,12,2023,39067.0,78.13
ORD-2167,2023-04-08,Mobile,1,50000.0,16877,4,2023,33123.0,66.25
ORD-2168,2023-09-24,Mobile,1,30000.0,35581,9,2023,-5581.0,-18.6
ORD-2169,2023-04-15,Laptop,1,50000.0,13519,4,2023,36481.0,72.96
ORD-2170,2024-03-15,Laptop,2,2000.0,8816,3,2024,-6816.0,-340.8
ORD-2171,2023-11-19,Shoes,2,30000.0,9351,11,2023,20649.0,68.83
ORD-2173,2024-04-20,Shirt,1,30000.0,28461,4,2024,1539.0,5.13
ORD-2174,2023-01-29,Shoes,1,30000.0,16441,1,2023,13559.0,45.2
ORD-2175,2023-05-17,Laptop,3,30000.0,10177,5,2023,19823.0,66.08
ORD-2176,2023-07-14,Laptop,1,2000.0,35573,7,2023,-33573.0,-1678.65
ORD-2179,2023-11-28,Mobile,1,30000.0,35864,11,2023,-5864.0,-19.55
ORD-2180,2023-06-19,Shoes,1,30000.0,13493,6,2023,16507.0,55.02
ORD-2181,2023-01-09,Shirt,1,30000.0,6337,1,2023,23663.0,78.88
ORD-2182,2024-04-07,Shirt,2,2000.0,17035,4,2024,-15035.0,-751.75
ORD-2183,2023-02-09,Shirt,1,2000.0,24318,2,2023,-22318.0,-1115.9
ORD-2184,2023-01-25,Mobile,2,50000.0,4782,1,2023,45218.0,90.44
ORD-2186,2024-01-30,Laptop,3,50000.0,20884,1,2024,29116.0,58.23
ORD-2187,2024-03-18,Mobile,1,50000.0,10074,3,2024,39926.0,79.85
ORD-2188,2023-08-14,Shirt,1,30000.0,28349,8,2023,1651.0,5.5
ORD-2189,2024-04-16,Shirt,2,2000.0,27907,4,2024,-25907.0,-1295.35
ORD-2190,2023-05-04,Shoes,2,50000.0,22989,5,2023,27011.0,54.02
ORD-2191,2024-04-07,Shoes,2,50000.0,9624,4,2024,40376.0,80.75
ORD-2192,2023-02-07,Shirt,3,50000.0,8889,2,2023,41111.0,82.22
ORD-2193,2023-11-24,Mobile,2,30000.0,28256,11,2023,1744.0,5.81
ORD-2194,2023-09-08,Shirt,1,30000.0,11455,9,2023,18545.0,61.82
ORD-2195,2024-01-24,Shoes,1,2000.0,12194,1,2024,-10194.0,-509.7
ORD-2196,2023-06-25,Shirt,3,50000.0,22622,6,2023,27378.0,54.76
ORD-2197,2023-03-31,Mobile,2,50000.0,27988,3,2023,22012.0,44.02
ORD-2198,2024-02-06,Laptop,2,2000.0,8570,2,2024,-6570.0,-328.5
ORD-2199,2024-03-29,Mobile,1,2000.0,22487,3,2024,-20487.0,-1024.35
ORD-2200,2023-02-06,Mobile,1,2000.0,1617,2,2023,383.0,19.15
ORD-2202,2023-06-25,Mobile,2,2000.0,34224,6,2023,-32224.0,-1611.2
ORD-2203,2024-04-05,Mobile,1,30000.0,1500,4,2024,28500.0,95.0
ORD-2205,2024-03-28,Shoes,3,2000.0,37642,3,2024,-35642.0,-1782.1
ORD-2206,2024-04-05,Laptop,1,30000.0,24014,4,2024,5986.0,19.95
ORD-2207,2023-03-22,Shirt,2,2000.0,5973,3,2023,-3973.0,-198.65
ORD-2208,2023-04-24,Mobile,3,2000.0,5774,4,2023,-3774.0,-188.7
ORD-2210,2023-10-28,Laptop,1,30000.0,21580,10,2023,8420.0,28.07
ORD-2211,2023-08-12,Shirt,3,50000.0,24099,8,2023,25901.0,51.8
ORD-2212,2023-11-14,Shoes,1,2000.0,38484,11,2023,-36484.0,-1824.2
ORD-2214,2023-04-25,Shirt,1,30000.0,4234,4,2023,25766.0,85.89
ORD-2215,2023-07-05,Mobile,3,2000.0,7494,7,2023,-5494.0,-274.7
ORD-2216,2023-11-19,Mobile,3,50000.0,15239,11,2023,34761.0,69.52
ORD-2217,2023-02-25,Shoes,3,30000.0,5498,2,2023,24502.0,81.67
ORD-2218,2023-02-09,Shirt,1,30000.0,6267,2,2023,23733.0,79.11
ORD-2220,2023-02-09,Shoes,1,2000.0,25479,2,2023,-23479.0,-1173.95
ORD-2221,2023-12-13,Shirt,3,2000.0,37437,12,2023,-35437.0,-1771.85
ORD-2222,2024-04-05,Shoes,2,30000.0,10657,4,2024,19343.0,64.48
ORD-2223,2023-08-25,Shirt,2,2000.0,23453,8,2023,-21453.0,-1072.65
ORD-2224,2023-10-16,Shirt,1,30000.0,35729,10,2023,-5729.0,-19.1
ORD-2225,2023-09-19,Shirt,3,50000.0,18259,9,2023,31741.0,63.48
ORD-2227,2023-05-27,Laptop,3,2000.0,13093,5,2023,-11093.0,-554.65
ORD-2228,2023-12-02,Shirt,2,2000.0,9734,12,2023,-7734.0,-386.7
ORD-2230,2023-04-02,Mobile,1,50000.0,16032,4,2023,33968.0,67.94
ORD-2231,2023-12-19,Mobile,1,50000.0,21883,12,2023,28117.0,56.23
ORD-2232,2023-02-28,Shirt,1,50000.0,26594,2,2023,23406.0,46.81
ORD-2233,2023-02-28,Mobile,3,50000.0,27004,2,2023,22996.0,45.99
ORD-2234,2023-10-31,Laptop,1,50000.0,14170,10,2023,35830.0,71.66
ORD-2235,2023-06-18,Shoes,3,30000.0,39715,6,2023,-9715.0,-32.38
ORD-2236,2023-09-26,Shirt,1,2000.0,17958,9,2023,-15958.0,-797.9
ORD-2237,2023-12-29,Mobile,1,2000.0,18842,12,2023,-16842.0,-842.1
ORD-2238,2023-02-14,Laptop,2,2000.0,27075,2,2023,-25075.0,-1253.75
ORD-2239,2023-12-11,Shoes,3,30000.0,27067,12,2023,2933.0,9.78
ORD-2241,2023-06-19,Mobile,1,50000.0,37195,6,2023,12805.0,25.61
ORD-2243,2023-07-10,Shoes,2,50000.0,32268,7,2023,17732.0,35.46
ORD-2244,2023-06-04,Mobile,2,50000.0,5206,6,2023,44794.0,89.59
ORD-2246,2023-07-07,Laptop,2,2000.0,37081,7,2023,-35081.0,-1754.05
ORD-2247,2023-01-07,Shirt,1,30000.0,25854,1,2023,4146.0,13.82
ORD-2249,2023-08-23,Shirt,3,2000.0,19032,8,2023,-17032.0,-851.6
ORD-2250,2023-02-14,Shirt,1,50000.0,30272,2,2023,19728.0,39.46
ORD-2251,2023-11-10,Shoes,1,2000.0,36109,11,2023,-34109.0,-1705.45
ORD-2252,2023-09-06,Shirt,1,50000.0,35606,9,2023,14394.0,28.79
ORD-2253,2024-05-13,Shoes,1,50000.0,6538,5,2024,43462.0,86.92
ORD-2254,2023-01-31,Mobile,3,2000.0,10533,1,2023,-8533.0,-426.65
ORD-2255,2023-01-23,Shirt,3,50000.0,31792,1,2023,18208.0,36.42
ORD-2256,2024-03-01,Shoes,3,30000.0,6477,3,2024,23523.0,78.41
ORD-2257,2024-01-29,Shirt,2,2000.0,10363,1,2024,-8363.0,-418.15
ORD-2259,2023-12-29,Shirt,1,50000.0,12819,12,2023,37181.0,74.36
ORD-2260,2024-03-12,Shoes,1,50000.0,13191,3,2024,36809.0,73.62
ORD-2261,2023-06-07,Laptop,1,30000.0,7499,6,2023,22501.0,75.0
ORD-2262,2023-02-08,Shirt,3,30000.0,18668,2,2023,11332.0,37.77
ORD-2264,2023-03-23,Mobile,1,50000.0,32292,3,2023,17708.0,35.42
ORD-2267,2023-07-25,Mobile,3,50000.0,12333,7,2023,37667.0,75.33
ORD-2270,2023-01-12,Mobile,3,30000.0,26856,1,2023,3144.0,10.48
ORD-2271,2023-10-22,Shirt,1,30000.0,32628,10,2023,-2628.0,-8.76
ORD-2273,2023-08-12,Laptop,3,50000.0,24423,8,2023,25577.0,51.15
ORD-2274,2023-01-13,Mobile,2,30000.0,26212,1,2023,3788.0,12.63
ORD-2276,2023-06-04,Shoes,1,2000.0,5626,6,2023,-3626.0,-181.3
ORD-2277,2023-04-23,Mobile,3,2000.0,3292,4,2023,-1292.0,-64.6
ORD-2279,2023-01-17,Mobile,3,2000.0,31585,1,2023,-29585.0,-1479.25
ORD-2280,2023-12-26,Mobile,1,30000.0,17807,12,2023,12193.0,40.64
ORD-2281,2023-08-11,Shirt,2,50000.0,4819,8,2023,45181.0,90.36
ORD-2283,2023-07-07,Shoes,2,30000.0,2280,7,2023,27720.0,92.4
ORD-2284,2024-03-23,Shoes,1,50000.0,14241,3,2024,35759.0,71.52
ORD-2285,2023-12-10,Laptop,2,2000.0,15147,12,2023,-13147.0,-657.35
ORD-2286,2023-12-31,Shirt,3,2000.0,20816,12,2023,-18816.0,-940.8
ORD-2287,2023-06-12,Mobile,3,2000.0,2629,6,2023,-629.0,-31.45
ORD-2288,2024-05-10,Mobile,1,2000.0,39267,5,2024,-37267.0,-1863.35
ORD-2289,2023-11-22,Laptop,2,30000.0,9634,11,2023,20366.0,67.89
ORD-2290,2024-04-11,Shirt,1,30000.0,4014,4,2024,25986.0,86.62
ORD-2291,2024-02-18,Mobile,1,50000.0,11773,2,2024,38227.0,76.45
ORD-2293,2023-03-15,Laptop,1,50000.0,9280,3,2023,40720.0,81.44
ORD-2295,2023-08-12,Mobile,3,2000.0,20936,8,2023,-18936.0,-946.8
ORD-2296,2024-04-26,Shoes,3,2000.0,28332,4,2024,-26332.0,-1316.6
ORD-2297,2023-11-15,Shirt,1,2000.0,28077,11,2023,-26077.0,-1303.85
ORD-2298,2024-02-16,Shoes,1,2000.0,8637,2,2024,-6637.0,-331.85
ORD-2299,2023-03-01,Laptop,3,30000.0,25955,3,2023,4045.0,13.48
ORD-2300,2023-12-01,Mobile,3,50000.0,21880,12,2023,28120.0,56.24
ORD-2303,2024-04-21,Shirt,3,30000.0,3950,4,2024,26050.0,86.83
ORD-2304,2023-10-05,Mobile,3,2000.0,24802,10,2023,-22802.0,-1140.1
ORD-2305,2023-07-15,Shoes,2,50000.0,7063,7,2023,42937.0,85.87
ORD-2306,2024-02-08,Shirt,2,2000.0,15205,2,2024,-13205.0,-660.25
ORD-2307,2023-12-18,Shoes,2,30000.0,27507,12,2023,2493.0,8.31
ORD-2309,2023-08-30,Shirt,3,30000.0,37189,8,2023,-7189.0,-23.96
ORD-2311,2023-08-07,Shirt,1,50000.0,14057,8,2023,35943.0,71.89
ORD-2313,2023-01-17,Shirt,2,50000.0,35250,1,2023,14750.0,29.5
ORD-2314,2023-01-12,Shoes,1,2000.0,36313,1,2023,-34313.0,-1715.65
ORD-2315,2024-02-10,Laptop,1,2000.0,37988,2,2024,-35988.0,-1799.4
ORD-2316,2024-02-05,Mobile,1,30000.0,13491,2,2024,16509.0,55.03
ORD-2317,2024-01-29,Shoes,2,50000.0,34410,1,2024,15590.0,31.18
ORD-2318,2024-01-09,Shoes,2,2000.0,14332,1,2024,-12332.0,-616.6
ORD-2319,2023-07-12,Laptop,3,50000.0,21302,7,2023,28698.0,57.4
ORD-2320,2023-01-22,Laptop,1,2000.0,35354,1,2023,-33354.0,-1667.7
ORD-2321,2024-04-18,Mobile,2,2000.0,19793,4,2024,-17793.0,-889.65
ORD-2323,2023-07-29,Laptop,3,30000.0,29425,7,2023,575.0,1.92
ORD-2325,2023-09-27,Mobile,2,50000.0,30746,9,2023,19254.0,38.51
ORD-2326,2023-07-11,Laptop,3,2000.0,18225,7,2023,-16225.0,-811.25
ORD-2327,2023-06-24,Shoes,2,30000.0,31973,6,2023,-1973.0,-6.58
ORD-2328,2023-10-12,Shirt,1,2000.0,38355,10,2023,-36355.0,-1817.75
ORD-2329,2023-07-23,Shirt,1,2000.0,28196,7,2023,-26196.0,-1309.8
ORD-2331,2023-09-08,Shirt,1,50000.0,11124,9,2023,38876.0,77.75
ORD-2332,2023-08-15,Shirt,1,30000.0,38824,8,2023,-8824.0,-29.41
ORD-2333,2024-03-11,Laptop,3,30000.0,39750,3,2024,-9750.0,-32.5
ORD-2334,2024-01-16,Mobile,2,30000.0,3272,1,2024,26728.0,89.09
ORD-2335,2024-04-04,Shoes,3,50000.0,7141,4,2024,42859.0,85.72
ORD-2336,2023-01-07,Mobile,1,30000.0,25678,1,2023,4322.0,14.41
ORD-2337,2023-01-29,Laptop,1,50000.0,10161,1,2023,39839.0,79.68
ORD-2338,2024-01-30,Shirt,3,30000.0,2071,1,2024,27929.0,93.1
ORD-2339,2023-02-02,Shoes,1,2000.0,18120,2,2023,-16120.0,-806.0
ORD-2340,2023-05-14,Mobile,1,50000.0,26941,5,2023,23059.0,46.12
ORD-2342,2023-03-20,Mobile,3,30000.0,4630,3,2023,25370.0,84.57
ORD-2344,2024-03-10,Mobile,2,50000.0,15008,3,2024,34992.0,69.98
ORD-2345,2024-04-03,Mobile,1,2000.0,20954,4,2024,-18954.0,-947.7
ORD-2348,2023-01-26,Shoes,2,2000.0,13885,1,2023,-11885.0,-594.25
ORD-2349,2024-04-26,Shoes,1,2000.0,3204,4,2024,-1204.0,-60.2
ORD-2350,2024-03-05,Shirt,1,50000.0,12694,3,2024,37306.0,74.61
ORD-2351,2023-08-14,Shirt,2,30000.0,10373,8,2023,19627.0,65.42
ORD-2354,2024-04-09,Mobile,3,50000.0,26410,4,2024,23590.0,47.18
ORD-2355,2023-04-09,Mobile,1,30000.0,30028,4,2023,-28.0,-0.09
ORD-2356,2024-02-01,Shoes,2,50000.0,3764,2,2024,46236.0,92.47
ORD-2359,2023-09-28,Shirt,2,2000.0,28095,9,2023,-26095.0,-1304.75
ORD-2360,2024-01-10,Shoes,1,2000.0,33463,1,2024,-31463.0,-1573.15
ORD-2361,2023-10-12,Shoes,1,30000.0,14617,10,2023,15383.0,51.28
ORD-2364,2024-01-07,Shirt,2,2000.0,32193,1,2024,-30193.0,-1509.65
ORD-2365,2023-10-15,Shoes,1,50000.0,12563,10,2023,37437.0,74.87
ORD-2366,2023-05-10,Shirt,3,50000.0,6584,5,2023,43416.0,86.83
ORD-2369,2023-03-25,Shirt,3,30000.0,10089,3,2023,19911.0,66.37
ORD-2370,2023-01-22,Mobile,1,30000.0,14639,1,2023,15361.0,51.2
ORD-2371,2024-04-03,Shoes,1,2000.0,25685,4,2024,-23685.0,-1184.25
ORD-2373,2023-07-14,Shoes,2,50000.0,34928,7,2023,15072.0,30.14
ORD-2374,2023-12-03,Laptop,3,30000.0,22128,12,2023,7872.0,26.24
ORD-2375,2024-01-17,Laptop,1,2000.0,15684,1,2024,-13684.0,-684.2
ORD-2376,2023-08-24,Laptop,1,2000.0,25419,8,2023,-23419.0,-1170.95
ORD-2377,2024-03-15,Shoes,2,50000.0,2527,3,2024,47473.0,94.95
ORD-2378,2023-04-02,Laptop,3,30000.0,16220,4,2023,13780.0,45.93
ORD-2379,2024-04-21,Laptop,1,50000.0,24702,4,2024,25298.0,50.6
ORD-2380,2023-01-21,Laptop,1,2000.0,28757,1,2023,-26757.0,-1337.85
ORD-2382,2024-04-08,Mobile,3,50000.0,16205,4,2024,33795.0,67.59
ORD-2383,2023-12-23,Laptop,1,2000.0,21994,12,2023,-19994.0,-999.7
ORD-2386,2023-09-19,Mobile,1,30000.0,31569,9,2023,-1569.0,-5.23
ORD-2387,2023-05-27,Shoes,2,30000.0,31175,5,2023,-1175.0,-3.92
ORD-2388,2024-03-16,Shirt,1,2000.0,7626,3,2024,-5626.0,-281.3
ORD-2389,2024-03-28,Laptop,2,50000.0,36623,3,2024,13377.0,26.75
ORD-2391,2023-09-14,Laptop,1,30000.0,19058,9,2023,10942.0,36.47
ORD-2392,2023-02-27,Shoes,1,30000.0,26766,2,2023,3234.0,10.78
ORD-2393,2024-01-15,Laptop,1,50000.0,36160,1,2024,13840.0,27.68
ORD-2394,2024-02-26,Shirt,1,30000.0,17262,2,2024,12738.0,42.46
ORD-2395,2023-01-15,Mobile,1,2000.0,35689,1,2023,-33689.0,-1684.45
ORD-2396,2023-06-11,Shoes,2,50000.0,29965,6,2023,20035.0,40.07
ORD-2398,2023-06-12,Laptop,3,2000.0,5433,6,2023,-3433.0,-171.65
ORD-2401,2023-10-08,Shirt,3,30000.0,32063,10,2023,-2063.0,-6.88
ORD-2402,2023-10-07,Shirt,1,2000.0,34484,10,2023,-32484.0,-1624.2
ORD-2403,2023-01-12,Shoes,2,2000.0,22244,1,2023,-20244.0,-1012.2
ORD-2404,2023-10-01,Mobile,2,50000.0,25660,10,2023,24340.0,48.68
ORD-2405,2023-09-28,Laptop,2,2000.0,37536,9,2023,-35536.0,-1776.8
ORD-2406,2024-05-06,Laptop,2,50000.0,36475,5,2024,13525.0,27.05
ORD-2407,2023-07-27,Laptop,3,2000.0,31084,7,2023,-29084.0,-1454.2
ORD-2409,2023-03-13,Shirt,2,50000.0,21614,3,2023,28386.0,56.77
ORD-2410,2023-03-01,Mobile,1,2000.0,6033,3,2023,-4033.0,-201.65
ORD-2411,2024-03-05,Mobile,1,50000.0,5386,3,2024,44614.0,89.23
ORD-2412,2024-04-17,Shoes,1,30000.0,13150,4,2024,16850.0,56.17
ORD-2413,2023-05-25,Shirt,1,30000.0,9157,5,2023,20843.0,69.48
ORD-2414,2023-04-03,Laptop,1,50000.0,31408,4,2023,18592.0,37.18
ORD-2415,2023-11-05,Mobile,1,50000.0,8675,11,2023,41325.0,82.65
ORD-2417,2023-03-20,Shirt,2,2000.0,19251,3,2023,-17251.0,-862.55
ORD-2418,2023-01-27,Shoes,2,30000.0,24349,1,2023,5651.0,18.84
ORD-2419,2023-06-23,Shoes,1,30000.0,16826,6,2023,13174.0,43.91
ORD-2420,2023-02-19,Laptop,2,2000.0,10124,2,2023,-8124.0,-406.2
ORD-2421,2024-05-14,Shoes,3,30000.0,7588,5,2024,22412.0,74.71
ORD-2422,2023-07-18,Mobile,2,30000.0,31943,7,2023,-1943.0,-6.48
ORD-2423,2024-01-22,Shoes,3,50000.0,29034,1,2024,20966.0,41.93
ORD-2424,2023-12-15,Laptop,3,30000.0,23151,12,2023,6849.0,22.83
ORD-2425,2024-03-23,Mobile,3,30000.0,33400,3,2024,-3400.0,-11.33
ORD-2426,2024-03-03,Shoes,1,30000.0,14536,3,2024,15464.0,51.55
ORD-2427,2023-06-30,Shoes,2,2000.0,3700,6,2023,-1700.0,-85.0
ORD-2429,2023-11-12,Laptop,1,50000.0,9809,11,2023,40191.0,80.38
ORD-2431,2024-01-22,Shirt,2,30000.0,20071,1,2024,9929.0,33.1
ORD-2432,2024-02-08,Mobile,1,30000.0,39100,2,2024,-9100.0,-30.33
ORD-2433,2023-02-15,Shirt,1,30000.0,24190,2,2023,5810.0,19.37
ORD-2435,2023-06-02,Shoes,1,2000.0,27080,6,2023,-25080.0,-1254.0
ORD-2436,2023-08-10,Shoes,3,2000.0,33947,8,2023,-31947.0,-1597.35
ORD-2437,2023-07-25,Shoes,1,50000.0,8996,7,2023,41004.0,82.01
ORD-2439,2023-09-30,Mobile,3,2000.0,39232,9,2023,-37232.0,-1861.6
ORD-2440,2024-01-17,Laptop,1,50000.0,24104,1,2024,25896.0,51.79
ORD-2441,2023-08-24,Shirt,2,30000.0,18305,8,2023,11695.0,38.98
ORD-2442,2023-12-06,Shoes,1,30000.0,36860,12,2023,-6860.0,-22.87
ORD-2443,2023-08-16,Laptop,1,50000.0,6527,8,2023,43473.0,86.95
ORD-2444,2023-01-09,Mobile,1,2000.0,14727,1,2023,-12727.0,-636.35
ORD-2446,2024-03-07,Shoes,1,50000.0,24849,3,2024,25151.0,50.3
ORD-2447,2024-03-19,Shirt,1,2000.0,3719,3,2024,-1719.0,-85.95
ORD-2448,2023-11-15,Shirt,2,50000.0,13924,11,2023,36076.0,72.15
ORD-2449,2023-08-02,Shoes,1,2000.0,10215,8,2023,-8215.0,-410.75
ORD-2450,2023-04-27,Shirt,1,30000.0,25588,4,2023,4412.0,14.71
ORD-2451,2024-01-21,Shoes,1,50000.0,26290,1,2024,23710.0,47.42
ORD-2453,2023-03-13,Shirt,3,50000.0,32912,3,2023,17088.0,34.18
ORD-2454,2024-01-30,Shirt,3,30000.0,2144,1,2024,27856.0,92.85
ORD-2455,2023-03-05,Mobile,1,30000.0,38302,3,2023,-8302.0,-27.67
ORD-2456,2023-07-24,Mobile,1,2000.0,15635,7,2023,-13635.0,-681.75
ORD-2457,2023-07-28,Shoes,1,30000.0,34488,7,2023,-4488.0,-14.96
ORD-2458,2023-03-13,Mobile,3,2000.0,2006,3,2023,-6.0,-0.3
ORD-2459,2023-10-04,Shoes,3,30000.0,12490,10,2023,17510.0,58.37
ORD-2460,2023-10-01,Laptop,3,2000.0,28044,10,2023,-26044.0,-1302.2
ORD-2462,2023-11-16,Mobile,3,2000.0,24500,11,2023,-22500.0,-1125.0
ORD-2463,2023-12-04,Laptop,3,2000.0,1537,12,2023,463.0,23.15
ORD-2465,2024-05-09,Shirt,2,2000.0,36453,5,2024,-34453.0,-1722.65
ORD-2466,2023-04-05,Shirt,2,2000.0,2980,4,2023,-980.0,-49.0
ORD-2468,2023-02-01,Laptop,2,30000.0,34307,2,2023,-4307.0,-14.36
ORD-2469,2023-01-11,Shoes,2,50000.0,24430,1,2023,25570.0,51.14
ORD-2470,2023-10-28,Shoes,1,2000.0,29629,10,2023,-27629.0,-1381.45
ORD-2471,2023-08-05,Laptop,3,30000.0,28775,8,2023,1225.0,4.08
ORD-2472,2023-10-16,Mobile,3,50000.0,31398,10,2023,18602.0,37.2
ORD-2474,2024-02-29,Shirt,3,2000.0,25818,2,2024,-23818.0,-1190.9
ORD-2475,2024-01-27,Laptop,3,2000.0,2686,1,2024,-686.0,-34.3
ORD-2477,2023-08-02,Shoes,3,2000.0,23947,8,2023,-21947.0,-1097.35
ORD-2478,2023-06-28,Shoes,2,50000.0,9096,6,2023,40904.0,81.81
ORD-2479,2023-03-29,Shirt,1,50000.0,9616,3,2023,40384.0,80.77
ORD-2481,2024-02-05,Shirt,1,2000.0,37458,2,2024,-35458.0,-1772.9
ORD-2482,2023-03-17,Shoes,1,30000.0,9484,3,2023,20516.0,68.39
ORD-2483,2024-01-12,Shirt,1,2000.0,1716,1,2024,284.0,14.2
ORD-2485,2023-06-09,Shoes,2,30000.0,30200,6,2023,-200.0,-0.67
ORD-2486,2024-04-07,Mobile,1,50000.0,5575,4,2024,44425.0,88.85
ORD-2487,2023-03-21,Shoes,2,50000.0,21956,3,2023,28044.0,56.09
ORD-2488,2023-11-06,Laptop,1,30000.0,11670,11,2023,18330.0,61.1
ORD-2489,2023-03-27,Laptop,2,30000.0,16637,3,2023,13363.0,44.54
ORD-2491,2023-05-28,Shoes,2,2000.0,27940,5,2023,-25940.0,-1297.0
ORD-2492,2023-06-10,Shoes,1,50000.0,34405,6,2023,15595.0,31.19
ORD-2493,2023-07-21,Shoes,2,2000.0,10491,7,2023,-8491.0,-424.55
ORD-2494,2024-02-28,Mobile,1,50000.0,13631,2,2024,36369.0,72.74
ORD-2495,2024-02-20,Shirt,1,2000.0,22934,2,2024,-20934.0,-1046.7
ORD-2496,2023-08-30,Laptop,1,50000.0,28182,8,2023,21818.0,43.64
ORD-2497,2023-12-19,Laptop,1,2000.0,9903,12,2023,-7903.0,-395.15
ORD-2499,2023-08-13,Laptop,2,50000.0,12725,8,2023,37275.0,74.55
ORD-2501,2023-08-21,Shirt,1,50000.0,37109,8,2023,12891.0,25.78
ORD-2502,2024-04-05,Laptop,1,50000.0,17068,4,2024,32932.0,65.86
ORD-2503,2024-02-18,Shoes,1,50000.0,6550,2,2024,43450.0,86.9
ORD-2504,2024-02-21,Mobile,2,2000.0,19167,2,2024,-17167.0,-858.35
ORD-2505,2023-03-18,Shirt,1,50000.0,26443,3,2023,23557.0,47.11
ORD-2507,2023-06-03,Laptop,2,2000.0,39351,6,2023,-37351.0,-1867.55
ORD-2508,2024-02-10,Laptop,3,2000.0,30548,2,2024,-28548.0,-1427.4
ORD-2509,2023-04-13,Shoes,1,50000.0,13113,4,2023,36887.0,73.77
ORD-2510,2023-07-13,Shirt,2,30000.0,23289,7,2023,6711.0,22.37
ORD-2511,2023-06-15,Laptop,2,2000.0,19160,6,2023,-17160.0,-858.0
ORD-2512,2023-12-25,Shirt,2,50000.0,34849,12,2023,15151.0,30.3
ORD-2514,2023-06-23,Shirt,2,30000.0,37852,6,2023,-7852.0,-26.17
ORD-2515,2023-05-02,Shirt,1,2000.0,7195,5,2023,-5195.0,-259.75
ORD-2516,2024-05-12,Shirt,1,30000.0,2011,5,2024,27989.0,93.3
ORD-2517,2023-05-23,Mobile,1,2000.0,25286,5,2023,-23286.0,-1164.3
ORD-2518,2024-04-26,Shoes,1,30000.0,34581,4,2024,-4581.0,-15.27
ORD-2519,2023-04-16,Shirt,1,30000.0,13138,4,2023,16862.0,56.21
ORD-2521,2024-03-03,Laptop,1,30000.0,34040,3,2024,-4040.0,-13.47
ORD-2523,2023-12-26,Laptop,3,50000.0,17192,12,2023,32808.0,65.62
ORD-2524,2024-04-03,Shirt,3,2000.0,19100,4,2024,-17100.0,-855.0
ORD-2526,2024-03-26,Mobile,2,2000.0,28551,3,2024,-26551.0,-1327.55
ORD-2528,2024-01-25,Shoes,1,2000.0,34124,1,2024,-32124.0,-1606.2
ORD-2530,2023-09-19,Shoes,2,2000.0,1203,9,2023,797.0,39.85
ORD-2531,2023-03-14,Shirt,3,50000.0,21129,3,2023,28871.0,57.74
ORD-2532,2023-12-25,Laptop,1,2000.0,7614,12,2023,-5614.0,-280.7
ORD-2533,2023-08-11,Mobile,1,50000.0,34264,8,2023,15736.0,31.47
ORD-2534,2024-02-20,Laptop,2,50000.0,13989,2,2024,36011.0,72.02
ORD-2535,2023-02-10,Mobile,2,50000.0,2579,2,2023,47421.0,94.84
ORD-2536,2024-01-05,Shoes,3,30000.0,5876,1,2024,24124.0,80.41
ORD-2537,2023-07-23,Shoes,1,2000.0,5125,7,2023,-3125.0,-156.25
ORD-2538,2023-09-21,Mobile,3,30000.0,6328,9,2023,23672.0,78.91
ORD-2539,2023-11-24,Mobile,3,30000.0,12696,11,2023,17304.0,57.68
ORD-2540,2023-06-27,Shirt,2,2000.0,37147,6,2023,-35147.0,-1757.35
ORD-2541,2023-12-14,Shoes,3,50000.0,17119,12,2023,32881.0,65.76
ORD-2542,2023-11-14,Shoes,3,30000.0,25017,11,2023,4983.0,16.61
ORD-2543,2023-03-25,Shirt,1,30000.0,27204,3,2023,2796.0,9.32
ORD-2545,2023-04-21,Mobile,1,2000.0,25428,4,2023,-23428.0,-1171.4
ORD-2546,2023-09-08,Laptop,1,30000.0,22497,9,2023,7503.0,25.01
ORD-2547,2024-01-18,Laptop,1,2000.0,4372,1,2024,-2372.0,-118.6
ORD-2548,2023-01-07,Shoes,3,2000.0,24147,1,2023,-22147.0,-1107.35
ORD-2549,2024-04-03,Shirt,1,30000.0,18453,4,2024,11547.0,38.49
ORD-2550,2023-03-25,Mobile,1,2000.0,34960,3,2023,-32960.0,-1648.0
ORD-2551,2023-07-27,Laptop,2,50000.0,18197,7,2023,31803.0,63.61
ORD-2552,2024-01-23,Mobile,1,30000.0,34920,1,2024,-4920.0,-16.4
ORD-2553,2024-01-25,Shoes,2,30000.0,2883,1,2024,27117.0,90.39
ORD-2554,2023-11-10,Shoes,3,30000.0,17651,11,2023,12349.0,41.16
ORD-2559,2023-05-07,Shoes,1,30000.0,8013,5,2023,21987.0,73.29
ORD-2560,2023-10-24,Shoes,3,50000.0,6177,10,2023,43823.0,87.65
ORD-2561,2023-07-07,Mobile,2,2000.0,21469,7,2023,-19469.0,-973.45
ORD-2562,2023-12-28,Mobile,1,2000.0,32229,12,2023,-30229.0,-1511.45
ORD-2563,2023-01-14,Laptop,3,30000.0,30101,1,2023,-101.0,-0.34
ORD-2564,2024-04-03,Laptop,1,50000.0,28987,4,2024,21013.0,42.03
ORD-2565,2024-04-10,Laptop,1,2000.0,24105,4,2024,-22105.0,-1105.25
ORD-2566,2023-01-12,Shoes,2,50000.0,24467,1,2023,25533.0,51.07
ORD-2567,2023-03-28,Mobile,2,30000.0,18433,3,2023,11567.0,38.56
ORD-2569,2024-02-01,Shoes,1,50000.0,32308,2,2024,17692.0,35.38
ORD-2570,2023-01-25,Shoes,2,2000.0,9989,1,2023,-7989.0,-399.45
ORD-2571,2023-10-28,Shoes,1,2000.0,38235,10,2023,-36235.0,-1811.75
ORD-2572,2023-08-31,Shirt,2,2000.0,20359,8,2023,-18359.0,-917.95
ORD-2574,2023-05-27,Shirt,1,50000.0,8961,5,2023,41039.0,82.08
ORD-2575,2023-02-24,Laptop,1,50000.0,24983,2,2023,25017.0,50.03
ORD-2576,2023-08-26,Shirt,1,2000.0,8186,8,2023,-6186.0,-309.3
ORD-2577,2023-12-22,Mobile,1,50000.0,8506,12,2023,41494.0,82.99
ORD-2578,2023-06-22,Shoes,3,2000.0,31225,6,2023,-29225.0,-1461.25
ORD-2579,2024-01-27,Shoes,3,50000.0,8791,1,2024,41209.0,82.42
ORD-2582,2023-11-05,Shirt,3,30000.0,10893,11,2023,19107.0,63.69
ORD-2583,2023-07-02,Mobile,2,30000.0,26154,7,2023,3846.0,12.82
ORD-2584,2023-10-15,Shirt,1,30000.0,25318,10,2023,4682.0,15.61
ORD-2585,2023-11-03,Shoes,1,50000.0,14514,11,2023,35486.0,70.97
ORD-2589,2024-02-06,Shirt,2,2000.0,28456,2,2024,-26456.0,-1322.8
ORD-2590,2023-07-30,Shoes,1,50000.0,24631,7,2023,25369.0,50.74
ORD-2591,2023-05-30,Shirt,2,50000.0,6807,5,2023,43193.0,86.39
ORD-2592,2023-02-06,Mobile,3,30000.0,7256,2,2023,22744.0,75.81
ORD-2593,2023-12-18,Mobile,1,2000.0,16156,12,2023,-14156.0,-707.8
ORD-2594,2023-11-08,Shoes,2,2000.0,12908,11,2023,-10908.0,-545.4
ORD-2596,2023-02-28,Laptop,1,30000.0,5284,2,2023,24716.0,82.39
ORD-2597,2023-05-11,Mobile,3,50000.0,31432,5,2023,18568.0,37.14
ORD-2598,2024-02-16,Laptop,1,2000.0,15438,2,2024,-13438.0,-671.9
ORD-2600,2023-08-31,Shoes,1,50000.0,15227,8,2023,34773.0,69.55
ORD-2602,2024-03-20,Laptop,3,50000.0,20188,3,2024,29812.0,59.62
ORD-2604,2024-03-13,Mobile,1,50000.0,29565,3,2024,20435.0,40.87
ORD-2605,2024-03-22,Mobile,1,30000.0,33588,3,2024,-3588.0,-11.96
ORD-2606,2023-07-26,Shoes,2,50000.0,33074,7,2023,16926.0,33.85
ORD-2607,2023-12-19,Mobile,1,50000.0,18105,12,2023,31895.0,63.79
ORD-2608,2024-01-26,Shirt,1,50000.0,26790,1,2024,23210.0,46.42
ORD-2610,2023-11-01,Mobile,1,2000.0,31944,11,2023,-29944.0,-1497.2
ORD-2611,2023-12-16,Shoes,3,50000.0,23187,12,2023,26813.0,53.63
ORD-2612,2023-08-01,Laptop,1,50000.0,5025,8,2023,44975.0,89.95
ORD-2613,2023-06-08,Shoes,2,30000.0,29155,6,2023,845.0,2.82
ORD-2614,2024-03-17,Laptop,1,50000.0,25512,3,2024,24488.0,48.98
ORD-2615,2024-03-20,Shoes,1,30000.0,16907,3,2024,13093.0,43.64
ORD-2616,2023-01-24,Mobile,1,50000.0,15469,1,2023,34531.0,69.06
ORD-2618,2023-10-20,Shoes,1,2000.0,15410,10,2023,-13410.0,-670.5
ORD-2619,2023-01-04,Laptop,3,2000.0,38580,1,2023,-36580.0,-1829.0
ORD-2620,2023-08-08,Shirt,3,2000.0,9650,8,2023,-7650.0,-382.5
ORD-2622,2024-01-17,Mobile,1,30000.0,3456,1,2024,26544.0,88.48
ORD-2623,2023-01-20,Shirt,1,2000.0,17590,1,2023,-15590.0,-779.5
ORD-2626,2023-02-19,Mobile,1,50000.0,12788,2,2023,37212.0,74.42
ORD-2627,2023-06-26,Mobile,3,30000.0,24845,6,2023,5155.0,17.18
ORD-2629,2023-04-06,Shoes,3,30000.0,9151,4,2023,20849.0,69.5
ORD-2630,2023-04-15,Shoes,1,2000.0,27515,4,2023,-25515.0,-1275.75
ORD-2631,2024-02-24,Shirt,2,2000.0,11987,2,2024,-9987.0,-499.35
ORD-2632,2023-09-07,Shoes,3,2000.0,13560,9,2023,-11560.0,-578.0
ORD-2633,2023-04-27,Shirt,3,50000.0,3673,4,2023,46327.0,92.65
ORD-2634,2023-12-20,Mobile,1,50000.0,7823,12,2023,42177.0,84.35
ORD-2635,2023-08-16,Shirt,2,30000.0,29365,8,2023,635.0,2.12
ORD-2636,2023-03-07,Laptop,1,30000.0,39741,3,2023,-9741.0,-32.47
ORD-2637,2023-12-01,Mobile,1,50000.0,9282,12,2023,40718.0,81.44
ORD-2639,2024-02-24,Shirt,1,30000.0,35814,2,2024,-5814.0,-19.38
ORD-2640,2023-09-19,Mobile,3,30000.0,22691,9,2023,7309.0,24.36
ORD-2641,2023-10-22,Shoes,1,2000.0,37458,10,2023,-35458.0,-1772.9
ORD-2642,2024-03-01,Laptop,1,30000.0,29601,3,2024,399.0,1.33
ORD-2643,2023-08-31,Shirt,3,30000.0,22013,8,2023,7987.0,26.62
ORD-2645,2023-07-05,Mobile,1,30000.0,24407,7,2023,5593.0,18.64
ORD-2647,2023-05-05,Mobile,1,2000.0,3639,5,2023,-1639.0,-81.95
ORD-2648,2023-09-25,Mobile,2,50000.0,22320,9,2023,27680.0,55.36
ORD-2649,2023-05-11,Shirt,1,2000.0,1076,5,2023,924.0,46.2
ORD-2652,2023-02-09,Mobile,1,30000.0,19808,2,2023,10192.0,33.97
ORD-2653,2023-01-21,Mobile,1,30000.0,6296,1,2023,23704.0,79.01
ORD-2654,2024-02-03,Shirt,1,50000.0,23951,2,2024,26049.0,52.1
ORD-2657,2023-10-09,Shirt,1,2000.0,16345,10,2023,-14345.0,-717.25
ORD-2658,2023-01-08,Mobile,1,50000.0,1397,1,2023,48603.0,97.21
ORD-2659,2023-04-10,Laptop,1,2000.0,15665,4,2023,-13665.0,-683.25
ORD-2660,2023-08-28,Laptop,1,30000.0,15560,8,2023,14440.0,48.13
ORD-2661,2024-04-22,Shirt,2,30000.0,27376,4,2024,2624.0,8.75
ORD-2662,2023-03-28,Shirt,1,2000.0,20857,3,2023,-18857.0,-942.85
ORD-2663,2023-10-25,Mobile,2,30000.0,33506,10,2023,-3506.0,-11.69
ORD-2664,2024-03-03,Shoes,1,2000.0,38757,3,2024,-36757.0,-1837.85
ORD-2667,2023-01-02,Shoes,1,30000.0,39159,1,2023,-9159.0,-30.53
ORD-2668,2024-01-10,Shoes,3,50000.0,33990,1,2024,16010.0,32.02
ORD-2670,2023-11-21,Mobile,1,30000.0,37768,11,2023,-7768.0,-25.89
ORD-2671,2024-02-26,Laptop,1,50000.0,20048,2,2024,29952.0,59.9
ORD-2672,2024-05-07,Shirt,1,30000.0,22748,5,2024,7252.0,24.17
ORD-2673,2023-02-10,Mobile,1,2000.0,6393,2,2023,-4393.0,-219.65
ORD-2674,2023-11-14,Shirt,1,30000.0,24885,11,2023,5115.0,17.05
ORD-2675,2023-11-12,Shoes,2,2000.0,1603,11,2023,397.0,19.85
ORD-2678,2023-01-14,Laptop,1,30000.0,26251,1,2023,3749.0,12.5
ORD-2679,2023-08-19,Shoes,3,50000.0,15546,8,2023,34454.0,68.91
ORD-2680,2024-04-17,Shirt,1,30000.0,16456,4,2024,13544.0,45.15
ORD-2681,2023-03-25,Shirt,3,30000.0,19228,3,2023,10772.0,35.91
ORD-2684,2023-11-22,Laptop,2,30000.0,1819,11,2023,28181.0,93.94
ORD-2686,2024-01-14,Shirt,3,2000.0,20406,1,2024,-18406.0,-920.3
ORD-2687,2023-12-11,Shirt,2,30000.0,2080,12,2023,27920.0,93.07
ORD-2689,2023-03-07,Mobile,3,30000.0,12926,3,2023,17074.0,56.91
ORD-2691,2023-08-17,Mobile,1,2000.0,16287,8,2023,-14287.0,-714.35
ORD-2692,2023-09-18,Mobile,1,2000.0,35985,9,2023,-33985.0,-1699.25
ORD-2693,2024-03-24,Shirt,3,30000.0,3886,3,2024,26114.0,87.05
ORD-2694,2024-02-28,Laptop,1,2000.0,14344,2,2024,-12344.0,-617.2
ORD-2695,2024-04-04,Mobile,1,2000.0,23018,4,2024,-21018.0,-1050.9
ORD-2697,2023-06-13,Mobile,1,30000.0,4006,6,2023,25994.0,86.65
ORD-2700,2023-10-30,Laptop,1,50000.0,15699,10,2023,34301.0,68.6
ORD-2701,2023-10-14,Shoes,3,2000.0,29434,10,2023,-27434.0,-1371.7
ORD-2705,2023-04-28,Laptop,1,2000.0,33905,4,2023,-31905.0,-1595.25
ORD-2706,2023-09-27,Shoes,1,2000.0,14381,9,2023,-12381.0,-619.05
ORD-2707,2023-03-21,Shirt,3,2000.0,14893,3,2023,-12893.0,-644.65
ORD-2708,2024-04-02,Shirt,1,30000.0,29130,4,2024,870.0,2.9
ORD-2710,2023-09-23,Laptop,3,2000.0,20143,9,2023,-18143.0,-907.15
ORD-2712,2023-12-16,Shoes,1,30000.0,1388,12,2023,28612.0,95.37
ORD-2713,2023-12-27,Shirt,3,50000.0,13116,12,2023,36884.0,73.77
ORD-2714,2023-09-14,Shirt,1,30000.0,20806,9,2023,9194.0,30.65
ORD-2715,2023-05-13,Mobile,3,2000.0,5852,5,2023,-3852.0,-192.6
ORD-2716,2023-10-03,Shoes,1,2000.0,9627,10,2023,-7627.0,-381.35
ORD-2717,2023-09-21,Shoes,3,30000.0,30048,9,2023,-48.0,-0.16
ORD-2719,2024-04-04,Mobile,1,2000.0,28014,4,2024,-26014.0,-1300.7
ORD-2720,2023-01-01,Shoes,3,2000.0,12060,1,2023,-10060.0,-503.0
ORD-2721,2023-11-09,Shoes,2,30000.0,9209,11,2023,20791.0,69.3
ORD-2723,2024-01-09,Shirt,1,30000.0,13158,1,2024,16842.0,56.14
ORD-2724,2024-04-12,Shoes,1,30000.0,19076,4,2024,10924.0,36.41
ORD-2727,2023-04-17,Shoes,1,50000.0,24948,4,2023,25052.0,50.1
ORD-2728,2024-02-25,Laptop,1,30000.0,19079,2,2024,10921.0,36.4
ORD-2730,2024-04-29,Shirt,1,2000.0,13705,4,2024,-11705.0,-585.25
ORD-2731,2023-07-23,Mobile,2,50000.0,27907,7,2023,22093.0,44.19
ORD-2732,2023-06-14,Shirt,1,30000.0,22831,6,2023,7169.0,23.9
ORD-2734,2024-05-11,Laptop,3,50000.0,11248,5,2024,38752.0,77.5
ORD-2735,2023-04-30,Shoes,2,50000.0,24633,4,2023,25367.0,50.73
ORD-2736,2023-02-13,Laptop,1,2000.0,30503,2,2023,-28503.0,-1425.15
ORD-2737,2023-11-08,Laptop,1,50000.0,8461,11,2023,41539.0,83.08
ORD-2738,2023-06-05,Shoes,2,30000.0,27998,6,2023,2002.0,6.67
ORD-2740,2023-07-26,Shirt,3,50000.0,20870,7,2023,29130.0,58.26
ORD-2741,2024-01-25,Laptop,1,50000.0,14410,1,2024,35590.0,71.18
ORD-2742,2023-04-18,Shirt,2,30000.0,23185,4,2023,6815.0,22.72
ORD-2743,2023-09-08,Shirt,2,2000.0,20133,9,2023,-18133.0,-906.65
ORD-2744,2024-03-20,Mobile,2,2000.0,25169,3,2024,-23169.0,-1158.45
ORD-2746,2024-01-05,Laptop,1,30000.0,28400,1,2024,1600.0,5.33
ORD-2747,2023-11-30,Mobile,1,2000.0,35173,11,2023,-33173.0,-1658.65
ORD-2750,2023-10-20,Shirt,1,2000.0,36495,10,2023,-34495.0,-1724.75
ORD-2751,2023-01-20,Mobile,1,30000.0,7487,1,2023,22513.0,75.04
ORD-2752,2023-10-09,Shoes,3,50000.0,15760,10,2023,34240.0,68.48
ORD-2753,2023-10-12,Shirt,1,2000.0,27439,10,2023,-25439.0,-1271.95
ORD-2754,2023-01-01,Laptop,3,50000.0,27929,1,2023,22071.0,44.14
ORD-2755,2023-04-29,Shoes,2,50000.0,7291,4,2023,42709.0,85.42
ORD-2756,2023-02-04,Shirt,2,30000.0,28472,2,2023,1528.0,5.09
ORD-2757,2023-07-17,Shirt,1,30000.0,30403,7,2023,-403.0,-1.34
ORD-2759,2023-09-02,Shoes,2,30000.0,2755,9,2023,27245.0,90.82
ORD-2761,2023-11-21,Laptop,1,2000.0,6816,11,2023,-4816.0,-240.8
ORD-2762,2023-06-10,Laptop,2,50000.0,18600,6,2023,31400.0,62.8
ORD-2763,2024-05-11,Shirt,1,30000.0,33616,5,2024,-3616.0,-12.05
ORD-2764,2023-06-28,Shirt,3,2000.0,2890,6,2023,-890.0,-44.5
ORD-2766,2023-01-12,Laptop,3,30000.0,25966,1,2023,4034.0,13.45
ORD-2767,2024-05-04,Shirt,3,50000.0,8688,5,2024,41312.0,82.62
ORD-2768,2023-10-03,Shoes,3,2000.0,28553,10,2023,-26553.0,-1327.65
ORD-2769,2023-06-30,Shoes,2,30000.0,4746,6,2023,25254.0,84.18
ORD-2770,2023-08-30,Laptop,2,30000.0,19579,8,2023,10421.0,34.74
ORD-2771,2023-08-04,Shoes,2,2000.0,14014,8,2023,-12014.0,-600.7
ORD-2774,2023-05-06,Shirt,1,30000.0,7147,5,2023,22853.0,76.18
ORD-2777,2023-11-02,Shoes,1,2000.0,10334,11,2023,-8334.0,-416.7
ORD-2780,2023-02-08,Shirt,3,2000.0,37043,2,2023,-35043.0,-1752.15
ORD-2781,2023-08-11,Mobile,1,30000.0,1976,8,2023,28024.0,93.41
ORD-2782,2023-07-03,Shirt,1,30000.0,12739,7,2023,17261.0,57.54
ORD-2783,2024-05-09,Shirt,3,2000.0,5069,5,2024,-3069.0,-153.45
ORD-2784,2024-03-02,Laptop,1,50000.0,16604,3,2024,33396.0,66.79
ORD-2785,2023-06-27,Shirt,1,2000.0,15612,6,2023,-13612.0,-680.6
ORD-2786,2024-02-11,Mobile,2,50000.0,1345,2,2024,48655.0,97.31
ORD-2788,2023-10-21,Shoes,3,30000.0,20326,10,2023,9674.0,32.25
ORD-2789,2023-12-06,Shirt,1,50000.0,10363,12,2023,39637.0,79.27
ORD-2790,2023-05-31,Laptop,1,50000.0,4770,5,2023,45230.0,90.46
ORD-2792,2023-05-06,Laptop,3,30000.0,12990,5,2023,17010.0,56.7
ORD-2794,2023-11-04,Shirt,2,30000.0,29722,11,2023,278.0,0.93
ORD-2795,2023-12-02,Laptop,1,30000.0,33137,12,2023,-3137.0,-10.46
ORD-2797,2023-08-22,Laptop,2,50000.0,17834,8,2023,32166.0,64.33
ORD-2798,2024-01-15,Laptop,2,2000.0,10554,1,2024,-8554.0,-427.7
ORD-2799,2024-01-10,Shoes,1,30000.0,34118,1,2024,-4118.0,-13.73
ORD-2800,2023-01-08,Shoes,3,30000.0,28272,1,2023,1728.0,5.76
ORD-2801,2024-05-12,Shirt,1,2000.0,37772,5,2024,-35772.0,-1788.6
ORD-2802,2023-12-07,Shirt,1,2000.0,12117,12,2023,-10117.0,-505.85
ORD-2804,2023-09-21,Shoes,1,30000.0,17628,9,2023,12372.0,41.24
ORD-2806,2023-12-18,Laptop,1,2000.0,5734,12,2023,-3734.0,-186.7
ORD-2808,2023-01-05,Laptop,2,30000.0,10659,1,2023,19341.0,64.47
ORD-2809,2024-05-09,Mobile,1,50000.0,17795,5,2024,32205.0,64.41
ORD-2810,2023-03-27,Shirt,2,50000.0,34581,3,2023,15419.0,30.84
ORD-2811,2023-06-24,Shoes,1,30000.0,29917,6,2023,83.0,0.28
ORD-2813,2023-07-12,Laptop,2,2000.0,7643,7,2023,-5643.0,-282.15
ORD-2814,2023-11-07,Mobile,1,2000.0,14269,11,2023,-12269.0,-613.45
ORD-2815,2023-04-29,Shirt,1,50000.0,19358,4,2023,30642.0,61.28
ORD-2817,2024-03-02,Shirt,2,2000.0,33493,3,2024,-31493.0,-1574.65
ORD-2818,2024-04-02,Shirt,2,2000.0,19321,4,2024,-17321.0,-866.05
ORD-2819,2024-02-18,Mobile,1,30000.0,1203,2,2024,28797.0,95.99
ORD-2822,2023-05-25,Shirt,3,2000.0,36304,5,2023,-34304.0,-1715.2
ORD-2826,2023-08-20,Shoes,3,30000.0,36469,8,2023,-6469.0,-21.56
ORD-2827,2024-01-04,Mobile,2,2000.0,11411,1,2024,-9411.0,-470.55
ORD-2828,2023-03-17,Mobile,1,50000.0,8825,3,2023,41175.0,82.35
ORD-2830,2023-11-24,Laptop,3,2000.0,39742,11,2023,-37742.0,-1887.1
ORD-2831,2023-12-11,Laptop,2,50000.0,5090,12,2023,44910.0,89.82
ORD-2832,2023-10-29,Laptop,2,30000.0,24340,10,2023,5660.0,18.87
ORD-2833,2024-03-27,Shoes,3,2000.0,28151,3,2024,-26151.0,-1307.55
ORD-2834,2023-10-16,Mobile,1,30000.0,10252,10,2023,19748.0,65.83
ORD-2835,2023-01-01,Shirt,1,2000.0,36314,1,2023,-34314.0,-1715.7
ORD-2836,2023-05-27,Laptop,1,30000.0,4736,5,2023,25264.0,84.21
ORD-2837,2023-10-14,Laptop,2,2000.0,2672,10,2023,-672.0,-33.6
ORD-2838,2024-04-08,Laptop,1,30000.0,1401,4,2024,28599.0,95.33
ORD-2839,2023-05-22,Shirt,1,50000.0,16322,5,2023,33678.0,67.36
ORD-2840,2023-02-22,Laptop,1,2000.0,26177,2,2023,-24177.0,-1208.85
ORD-2841,2023-10-31,Shirt,3,50000.0,12191,10,2023,37809.0,75.62
ORD-2843,2023-12-27,Mobile,2,50000.0,15665,12,2023,34335.0,68.67
ORD-2844,2023-03-31,Mobile,2,2000.0,32513,3,2023,-30513.0,-1525.65
ORD-2845,2024-03-21,Shoes,1,50000.0,3967,3,2024,46033.0,92.07
ORD-2846,2023-08-08,Shirt,3,2000.0,38018,8,2023,-36018.0,-1800.9
ORD-2847,2024-03-25,Laptop,1,30000.0,25795,3,2024,4205.0,14.02
ORD-2849,2023-07-11,Laptop,3,50000.0,9513,7,2023,40487.0,80.97
ORD-2851,2023-03-04,Shoes,1,50000.0,5936,3,2023,44064.0,88.13
ORD-2852,2023-03-14,Laptop,1,2000.0,35604,3,2023,-33604.0,-1680.2
ORD-2853,2023-06-10,Shoes,2,50000.0,31806,6,2023,18194.0,36.39
ORD-2855,2023-03-30,Mobile,3,50000.0,31860,3,2023,18140.0,36.28
ORD-2858,2023-03-14,Shirt,1,2000.0,26604,3,2023,-24604.0,-1230.2
ORD-2859,2023-09-02,Shirt,2,30000.0,17083,9,2023,12917.0,43.06
ORD-2860,2023-03-18,Laptop,3,30000.0,8935,3,2023,21065.0,70.22
ORD-2861,2023-06-08,Shirt,1,50000.0,31029,6,2023,18971.0,37.94
ORD-2863,2024-04-03,Laptop,1,2000.0,24898,4,2024,-22898.0,-1144.9
ORD-2864,2023-11-20,Shoes,1,30000.0,24449,11,2023,5551.0,18.5
ORD-2865,2023-04-08,Laptop,3,2000.0,7737,4,2023,-5737.0,-286.85
ORD-2866,2024-01-16,Mobile,1,2000.0,36308,1,2024,-34308.0,-1715.4
ORD-2868,2024-05-08,Laptop,1,50000.0,30059,5,2024,19941.0,39.88
ORD-2870,2023-04-12,Laptop,1,30000.0,18218,4,2023,11782.0,39.27
ORD-2871,2023-01-19,Laptop,2,30000.0,20708,1,2023,9292.0,30.97
ORD-2872,2024-03-29,Mobile,3,2000.0,18013,3,2024,-16013.0,-800.65
ORD-2875,2024-02-01,Laptop,1,2000.0,26382,2,2024,-24382.0,-1219.1
ORD-2876,2024-05-03,Shoes,3,50000.0,7485,5,2024,42515.0,85.03
ORD-2877,2023-10-06,Shoes,1,2000.0,31504,10,2023,-29504.0,-1475.2
ORD-2878,2023-12-05,Mobile,2,2000.0,24528,12,2023,-22528.0,-1126.4
ORD-2879,2023-12-31,Shoes,3,30000.0,12772,12,2023,17228.0,57.43
ORD-2881,2023-05-09,Laptop,1,30000.0,13531,5,2023,16469.0,54.9
ORD-2882,2023-12-10,Mobile,3,2000.0,31078,12,2023,-29078.0,-1453.9
ORD-2884,2024-03-30,Shirt,3,2000.0,26919,3,2024,-24919.0,-1245.95
ORD-2885,2023-03-30,Laptop,1,2000.0,23900,3,2023,-21900.0,-1095.0
ORD-2886,2023-08-01,Mobile,2,50000.0,38394,8,2023,11606.0,23.21
ORD-2887,2023-05-23,Shirt,2,30000.0,36030,5,2023,-6030.0,-20.1
ORD-2888,2023-03-06,Shirt,3,30000.0,3414,3,2023,26586.0,88.62
ORD-2889,2023-03-17,Shoes,3,2000.0,11353,3,2023,-9353.0,-467.65
ORD-2890,2023-07-18,Laptop,1,50000.0,16559,7,2023,33441.0,66.88
ORD-2891,2023-05-23,Mobile,1,2000.0,13312,5,2023,-11312.0,-565.6
ORD-2892,2024-02-09,Shoes,3,2000.0,28557,2,2024,-26557.0,-1327.85
ORD-2893,2024-02-07,Shoes,3,2000.0,39008,2,2024,-37008.0,-1850.4
ORD-2894,2023-11-12,Laptop,1,50000.0,15053,11,2023,34947.0,69.89
ORD-2896,2024-04-17,Mobile,2,50000.0,5993,4,2024,44007.0,88.01
ORD-2897,2024-02-21,Shoes,3,2000.0,19876,2,2024,-17876.0,-893.8
ORD-2899,2023-08-12,Shoes,1,2000.0,14515,8,2023,-12515.0,-625.75
ORD-2900,2024-05-11,Shoes,1,50000.0,17335,5,2024,32665.0,65.33
ORD-2901,2023-10-18,Shoes,2,50000.0,3175,10,2023,46825.0,93.65
ORD-2903,2023-04-12,Shoes,1,50000.0,8341,4,2023,41659.0,83.32
ORD-2904,2024-04-18,Shoes,2,2000.0,25284,4,2024,-23284.0,-1164.2
ORD-2906,2023-12-21,Shirt,3,30000.0,26456,12,2023,3544.0,11.81
ORD-2907,2024-03-31,Laptop,1,2000.0,27260,3,2024,-25260.0,-1263.0
ORD-2908,2023-04-20,Shirt,2,30000.0,16963,4,2023,13037.0,43.46
ORD-2911,2024-03-25,Shirt,3,2000.0,26019,3,2024,-24019.0,-1200.95
ORD-2912,2024-03-05,Mobile,3,50000.0,16779,3,2024,33221.0,66.44
ORD-2913,2023-09-22,Shoes,3,2000.0,19426,9,2023,-17426.0,-871.3
ORD-2914,2023-01-03,Mobile,1,50000.0,31183,1,2023,18817.0,37.63
ORD-2915,2023-03-26,Mobile,3,50000.0,1778,3,2023,48222.0,96.44
ORD-2916,2023-10-09,Mobile,2,2000.0,36927,10,2023,-34927.0,-1746.35
ORD-2918,2023-10-31,Laptop,3,2000.0,35514,10,2023,-33514.0,-1675.7
ORD-2919,2024-03-25,Shirt,1,30000.0,6974,3,2024,23026.0,76.75
ORD-2921,2024-02-16,Laptop,3,50000.0,13132,2,2024,36868.0,73.74
ORD-2923,2023-08-09,Mobile,1,2000.0,38442,8,2023,-36442.0,-1822.1
ORD-2925,2023-06-02,Shirt,1,50000.0,23466,6,2023,26534.0,53.07
ORD-2926,2023-01-12,Laptop,1,50000.0,10550,1,2023,39450.0,78.9
ORD-2928,2024-04-26,Mobile,1,30000.0,34258,4,2024,-4258.0,-14.19
ORD-2929,2023-10-31,Shoes,1,50000.0,10487,10,2023,39513.0,79.03
ORD-2930,2023-10-20,Shirt,2,30000.0,11273,10,2023,18727.0,62.42
ORD-2931,2024-04-07,Shirt,1,50000.0,31931,4,2024,18069.0,36.14
ORD-2933,2023-08-16,Shirt,1,50000.0,14684,8,2023,35316.0,70.63
ORD-2934,2023-09-28,Laptop,1,30000.0,27748,9,2023,2252.0,7.51
ORD-2935,2023-02-12,Mobile,1,30000.0,12366,2,2023,17634.0,58.78
ORD-2937,2023-12-09,Shoes,1,30000.0,29329,12,2023,671.0,2.24
ORD-2938,2023-11-22,Shirt,3,30000.0,38757,11,2023,-8757.0,-29.19
ORD-2940,2024-05-12,Shoes,2,50000.0,37148,5,2024,12852.0,25.7
ORD-2942,2024-01-14,Shoes,2,50000.0,2676,1,2024,47324.0,94.65
ORD-2943,2024-03-02,Laptop,3,50000.0,6282,3,2024,43718.0,87.44
ORD-2944,2024-05-07,Shirt,2,50000.0,27222,5,2024,22778.0,45.56
ORD-2945,2023-01-21,Laptop,3,2000.0,14376,1,2023,-12376.0,-618.8
ORD-2946,2024-02-11,Shoes,1,50000.0,10431,2,2024,39569.0,79.14
ORD-2950,2023-04-27,Shirt,1,2000.0,25601,4,2023,-23601.0,-1180.05
ORD-2951,2023-05-04,Shoes,3,30000.0,30255,5,2023,-255.0,-0.85
ORD-2952,2024-02-03,Shoes,3,2000.0,2067,2,2024,-67.0,-3.35
ORD-2955,2023-07-22,Laptop,1,30000.0,14472,7,2023,15528.0,51.76
ORD-2956,2023-02-20,Mobile,1,2000.0,34147,2,2023,-32147.0,-1607.35
ORD-2958,2023-11-20,Mobile,1,50000.0,21131,11,2023,28869.0,57.74
ORD-2959,2023-10-04,Shirt,1,50000.0,6196,10,2023,43804.0,87.61
ORD-2961,2024-04-14,Mobile,2,50000.0,23424,4,2024,26576.0,53.15
ORD-2962,2023-10-02,Shoes,3,30000.0,14881,10,2023,15119.0,50.4
ORD-2964,2023-11-30,Shoes,2,2000.0,6259,11,2023,-4259.0,-212.95
ORD-2966,2024-03-27,Shirt,3,30000.0,32593,3,2024,-2593.0,-8.64
ORD-2967,2024-05-10,Shirt,2,2000.0,11461,5,2024,-9461.0,-473.05
ORD-2968,2024-01-08,Shirt,1,30000.0,28684,1,2024,1316.0,4.39
ORD-2969,2023-02-21,Mobile,1,50000.0,36690,2,2023,13310.0,26.62
ORD-2970,2024-05-08,Laptop,2,50000.0,30824,5,2024,19176.0,38.35
ORD-2971,2023-01-27,Laptop,1,50000.0,4387,1,2023,45613.0,91.23
ORD-2972,2023-06-06,Laptop,2,30000.0,22826,6,2023,7174.0,23.91
ORD-2973,2023-08-27,Mobile,1,30000.0,15553,8,2023,14447.0,48.16
ORD-2975,2023-10-18,Mobile,3,2000.0,30379,10,2023,-28379.0,-1418.95
ORD-2976,2023-05-16,Mobile,2,2000.0,23674,5,2023,-21674.0,-1083.7
ORD-2977,2023-05-24,Mobile,1,30000.0,10559,5,2023,19441.0,64.8
ORD-2978,2023-04-16,Laptop,3,30000.0,33252,4,2023,-3252.0,-10.84
ORD-2979,2024-02-24,Shoes,1,50000.0,27104,2,2024,22896.0,45.79
ORD-2980,2023-06-07,Laptop,2,30000.0,1551,6,2023,28449.0,94.83
ORD-2981,2023-05-26,Laptop,2,50000.0,1133,5,2023,48867.0,97.73
ORD-2982,2023-01-02,Shirt,3,30000.0,7607,1,2023,22393.0,74.64
ORD-2983,2024-03-08,Mobile,2,2000.0,12103,3,2024,-10103.0,-505.15
ORD-2985,2023-05-12,Shirt,3,30000.0,14372,5,2023,15628.0,52.09
ORD-2986,2023-03-31,Shoes,3,50000.0,38892,3,2023,11108.0,22.22
ORD-2988,2023-12-16,Mobile,1,50000.0,15048,12,2023,34952.0,69.9
ORD-2989,2024-04-03,Laptop,3,50000.0,31423,4,2024,18577.0,37.15
ORD-2993,2023-03-15,Mobile,3,30000.0,11919,3,2023,18081.0,60.27
ORD-2995,2024-02-01,Shoes,3,30000.0,37874,2,2024,-7874.0,-26.25
ORD-2996,2023-06-08,Mobile,2,2000.0,37189,6,2023,-35189.0,-1759.45
ORD-2997,2023-03-12,Shoes,1,2000.0,17303,3,2023,-15303.0,-765.15
ORD-2998,2024-03-22,Mobile,2,50000.0,36046,3,2024,13954.0,27.91
ORD-2999,2023-11-08,Shoes,3,50000.0,18548,11,2023,31452.0,62.9
ORD-3000,2023-08-29,Mobile,2,30000.0,18001,8,2023,11999.0,40.0
ORD-3001,2024-03-01,Shirt,1,50000.0,33699,3,2024,16301.0,32.6
ORD-3002,2024-03-20,Shoes,1,2000.0,29720,3,2024,-27720.0,-1386.0
ORD-3003,2023-10-25,Mobile,1,30000.0,34218,10,2023,-4218.0,-14.06
ORD-3004,2024-03-15,Mobile,1,30000.0,10990,3,2024,19010.0,63.37
ORD-3006,2023-03-25,Shirt,1,30000.0,35660,3,2023,-5660.0,-18.87
ORD-3007,2024-03-27,Shirt,2,50000.0,22912,3,2024,27088.0,54.18
ORD-3008,2024-01-09,Shoes,1,2000.0,27798,1,2024,-25798.0,-1289.9
ORD-3009,2023-09-20,Shoes,2,50000.0,4808,9,2023,45192.0,90.38
ORD-3010,2023-11-06,Shirt,1,2000.0,10476,11,2023,-8476.0,-423.8
ORD-3012,2023-06-21,Laptop,1,2000.0,29940,6,2023,-27940.0,-1397.0
ORD-3014,2023-06-22,Laptop,2,50000.0,24420,6,2023,25580.0,51.16
ORD-3016,2023-02-16,Shoes,2,30000.0,30056,2,2023,-56.0,-0.19
ORD-3017,2024-01-14,Shoes,1,30000.0,2609,1,2024,27391.0,91.3
ORD-3018,2023-05-21,Laptop,1,2000.0,30297,5,2023,-28297.0,-1414.85
ORD-3019,2024-01-10,Shoes,1,50000.0,28866,1,2024,21134.0,42.27
ORD-3020,2024-02-10,Shirt,1,50000.0,34991,2,2024,15009.0,30.02
ORD-3021,2023-04-28,Shirt,2,2000.0,2907,4,2023,-907.0,-45.35
ORD-3022,2023-10-04,Laptop,1,30000.0,15978,10,2023,14022.0,46.74
ORD-3024,2023-08-08,Mobile,2,2000.0,11943,8,2023,-9943.0,-497.15
ORD-3027,2023-01-09,Mobile,1,50000.0,23132,1,2023,26868.0,53.74
ORD-3028,2023-09-28,Shirt,1,30000.0,18615,9,2023,11385.0,37.95
ORD-3030,2024-04-16,Shirt,1,30000.0,30954,4,2024,-954.0,-3.18
ORD-3031,2024-01-13,Shirt,1,50000.0,1737,1,2024,48263.0,96.53
ORD-3032,2023-05-01,Mobile,3,2000.0,21820,5,2023,-19820.0,-991.0
ORD-3033,2023-05-05,Shirt,3,2000.0,13321,5,2023,-11321.0,-566.05
ORD-3034,2023-06-19,Shoes,2,50000.0,33567,6,2023,16433.0,32.87
ORD-3035,2023-03-13,Shirt,1,50000.0,5418,3,2023,44582.0,89.16
ORD-3037,2023-07-27,Shirt,3,50000.0,34114,7,2023,15886.0,31.77
ORD-3038,2023-02-18,Laptop,3,2000.0,39593,2,2023,-37593.0,-1879.65
ORD-3039,2023-06-03,Shoes,3,30000.0,34983,6,2023,-4983.0,-16.61
ORD-3040,2023-12-13,Shoes,2,30000.0,23182,12,2023,6818.0,22.73
ORD-3041,2023-10-20,Mobile,1,30000.0,32989,10,2023,-2989.0,-9.96
ORD-3042,2023-03-09,Mobile,1,30000.0,34012,3,2023,-4012.0,-13.37
ORD-3043,2023-02-19,Shirt,1,50000.0,24442,2,2023,25558.0,51.12
ORD-3044,2023-06-01,Laptop,2,50000.0,12243,6,2023,37757.0,75.51
ORD-3045,2023-01-19,Mobile,3,30000.0,1132,1,2023,28868.0,96.23
ORD-3046,2023-04-10,Mobile,1,50000.0,16556,4,2023,33444.0,66.89
ORD-3048,2023-06-16,Shirt,3,50000.0,34855,6,2023,15145.0,30.29
ORD-3051,2023-05-26,Shoes,3,50000.0,14828,5,2023,35172.0,70.34
ORD-3052,2024-02-07,Laptop,1,30000.0,36671,2,2024,-6671.0,-22.24
ORD-3054,2024-04-02,Mobile,1,50000.0,1894,4,2024,48106.0,96.21
ORD-3055,2024-04-25,Shoes,1,2000.0,2265,4,2024,-265.0,-13.25
ORD-3056,2024-03-14,Shoes,1,30000.0,23807,3,2024,6193.0,20.64
ORD-3057,2023-08-30,Mobile,2,2000.0,32143,8,2023,-30143.0,-1507.15
ORD-3059,2023-06-24,Mobile,3,2000.0,31412,6,2023,-29412.0,-1470.6
ORD-3060,2023-02-18,Shirt,1,50000.0,33229,2,2023,16771.0,33.54
ORD-3061,2024-04-27,Mobile,2,30000.0,33748,4,2024,-3748.0,-12.49
ORD-3063,2023-08-14,Mobile,1,50000.0,29041,8,2023,20959.0,41.92
ORD-3064,2023-06-10,Laptop,1,30000.0,14374,6,2023,15626.0,52.09
ORD-3069,2024-03-07,Laptop,1,2000.0,15911,3,2024,-13911.0,-695.55
ORD-3070,2023-10-20,Shirt,1,2000.0,21064,10,2023,-19064.0,-953.2
ORD-3071,2023-05-23,Mobile,3,2000.0,11655,5,2023,-9655.0,-482.75
ORD-3073,2024-04-20,Shoes,1,2000.0,37165,4,2024,-35165.0,-1758.25
ORD-3074,2024-03-30,Laptop,2,30000.0,21381,3,2024,8619.0,28.73
ORD-3076,2023-01-11,Laptop,1,30000.0,23970,1,2023,6030.0,20.1
ORD-3077,2023-05-18,Shoes,2,30000.0,27321,5,2023,2679.0,8.93
ORD-3078,2024-04-01,Shoes,2,2000.0,19507,4,2024,-17507.0,-875.35
ORD-3080,2023-03-18,Shoes,1,2000.0,13863,3,2023,-11863.0,-593.15
ORD-3081,2024-03-16,Mobile,1,2000.0,2615,3,2024,-615.0,-30.75
ORD-3082,2023-09-11,Shoes,1,2000.0,11582,9,2023,-9582.0,-479.1
ORD-3085,2023-11-16,Mobile,1,2000.0,37794,11,2023,-35794.0,-1789.7
ORD-3086,2023-10-18,Mobile,2,30000.0,30655,10,2023,-655.0,-2.18
ORD-3087,2023-09-20,Laptop,1,30000.0,19830,9,2023,10170.0,33.9
ORD-3089,2023-05-26,Mobile,1,50000.0,9014,5,2023,40986.0,81.97
ORD-3090,2023-11-19,Shoes,3,2000.0,38787,11,2023,-36787.0,-1839.35
ORD-3091,2023-02-11,Laptop,1,2000.0,4216,2,2023,-2216.0,-110.8
ORD-3092,2024-01-09,Shirt,1,50000.0,22859,1,2024,27141.0,54.28
ORD-3094,2023-06-16,Shoes,1,30000.0,12222,6,2023,17778.0,59.26
ORD-3096,2023-08-29,Shirt,2,30000.0,29693,8,2023,307.0,1.02
ORD-3097,2024-04-03,Laptop,2,30000.0,24882,4,2024,5118.0,17.06
ORD-3099,2023-10-07,Shoes,3,2000.0,28883,10,2023,-26883.0,-1344.15
ORD-3100,2023-07-07,Laptop,3,2000.0,14340,7,2023,-12340.0,-617.0
ORD-3101,2023-10-29,Shoes,1,2000.0,19345,10,2023,-17345.0,-867.25
ORD-3102,2023-01-19,Mobile,3,30000.0,23687,1,2023,6313.0,21.04
ORD-3103,2023-03-09,Mobile,2,2000.0,30581,3,2023,-28581.0,-1429.05
ORD-3104,2023-08-06,Mobile,1,30000.0,38393,8,2023,-8393.0,-27.98
ORD-3105,2023-04-12,Shoes,1,2000.0,29197,4,2023,-27197.0,-1359.85
ORD-3107,2023-10-15,Mobile,2,50000.0,4448,10,2023,45552.0,91.1
ORD-3108,2023-06-16,Laptop,2,30000.0,20628,6,2023,9372.0,31.24
ORD-3110,2024-05-08,Shirt,3,30000.0,39815,5,2024,-9815.0,-32.72
ORD-3111,2023-02-05,Shirt,1,30000.0,27477,2,2023,2523.0,8.41
ORD-3113,2023-08-17,Shirt,1,2000.0,24990,8,2023,-22990.0,-1149.5
ORD-3114,2023-12-19,Laptop,1,30000.0,21010,12,2023,8990.0,29.97
ORD-3115,2023-06-13,Laptop,1,50000.0,32564,6,2023,17436.0,34.87
ORD-3116,2024-01-22,Laptop,3,50000.0,39247,1,2024,10753.0,21.51
ORD-3118,2023-05-16,Mobile,2,50000.0,1172,5,2023,48828.0,97.66
ORD-3121,2023-03-11,Shoes,1,30000.0,17044,3,2023,12956.0,43.19
ORD-3124,2023-07-15,Shirt,2,2000.0,12621,7,2023,-10621.0,-531.05
ORD-3125,2023-09-26,Shoes,1,30000.0,8056,9,2023,21944.0,73.15
ORD-3126,2023-02-18,Mobile,2,50000.0,22337,2,2023,27663.0,55.33
ORD-3127,2023-11-12,Shirt,1,2000.0,15245,11,2023,-13245.0,-662.25
ORD-3128,2023-05-10,Mobile,1,2000.0,33676,5,2023,-31676.0,-1583.8
ORD-3129,2024-03-19,Mobile,1,30000.0,1260,3,2024,28740.0,95.8
ORD-3130,2023-01-05,Shoes,1,30000.0,2352,1,2023,27648.0,92.16
ORD-3131,2024-03-03,Shirt,1,2000.0,6243,3,2024,-4243.0,-212.15
ORD-3132,2023-01-27,Mobile,1,30000.0,20390,1,2023,9610.0,32.03
ORD-3133,2023-06-09,Mobile,2,30000.0,29194,6,2023,806.0,2.69
ORD-3135,2023-09-21,Shoes,1,30000.0,20204,9,2023,9796.0,32.65
ORD-3137,2023-07-19,Shoes,3,2000.0,22310,7,2023,-20310.0,-1015.5
ORD-3138,2023-02-19,Mobile,1,2000.0,18439,2,2023,-16439.0,-821.95
ORD-3139,2023-03-08,Shirt,3,50000.0,2254,3,2023,47746.0,95.49
ORD-3140,2023-10-27,Laptop,3,30000.0,5286,10,2023,24714.0,82.38
ORD-3141,2024-01-16,Shoes,1,2000.0,9009,1,2024,-7009.0,-350.45
ORD-3143,2023-09-16,Mobile,3,2000.0,15992,9,2023,-13992.0,-699.6
ORD-3144,2023-12-08,Mobile,3,30000.0,10723,12,2023,19277.0,64.26
ORD-3145,2023-11-22,Mobile,2,50000.0,29104,11,2023,20896.0,41.79
ORD-3146,2023-05-10,Laptop,1,50000.0,15590,5,2023,34410.0,68.82
ORD-3147,2023-08-03,Mobile,1,2000.0,16638,8,2023,-14638.0,-731.9
ORD-3148,2023-06-21,Shoes,3,50000.0,26548,6,2023,23452.0,46.9
ORD-3149,2023-09-15,Shirt,1,30000.0,13016,9,2023,16984.0,56.61
ORD-3150,2023-04-12,Shirt,3,30000.0,5744,4,2023,24256.0,80.85
ORD-3151,2023-07-28,Shoes,2,50000.0,25681,7,2023,24319.0,48.64
ORD-3153,2023-12-20,Laptop,3,50000.0,34770,12,2023,15230.0,30.46
ORD-3154,2024-04-15,Mobile,3,50000.0,31239,4,2024,18761.0,37.52
ORD-3155,2023-10-13,Mobile,3,2000.0,31894,10,2023,-29894.0,-1494.7
ORD-3157,2023-09-21,Laptop,2,50000.0,13922,9,2023,36078.0,72.16
ORD-3158,2023-05-30,Laptop,1,2000.0,1084,5,2023,916.0,45.8
ORD-3159,2023-10-27,Laptop,1,2000.0,16373,10,2023,-14373.0,-718.65
ORD-3160,2024-03-17,Shoes,1,2000.0,6156,3,2024,-4156.0,-207.8
ORD-3161,2023-02-05,Laptop,2,30000.0,39551,2,2023,-9551.0,-31.84
ORD-3162,2024-03-28,Shirt,1,2000.0,39463,3,2024,-37463.0,-1873.15
ORD-3163,2023-11-29,Shoes,3,2000.0,10653,11,2023,-8653.0,-432.65
ORD-3164,2024-04-21,Shoes,1,30000.0,23798,4,2024,6202.0,20.67
ORD-3165,2023-10-14,Shoes,2,30000.0,24068,10,2023,5932.0,19.77
ORD-3166,2023-10-30,Laptop,2,2000.0,35787,10,2023,-33787.0,-1689.35
ORD-3167,2023-11-07,Shoes,1,50000.0,26673,11,2023,23327.0,46.65
ORD-3169,2023-04-16,Laptop,1,30000.0,1570,4,2023,28430.0,94.77
ORD-3171,2023-06-07,Mobile,2,30000.0,12769,6,2023,17231.0,57.44
ORD-3172,2023-05-01,Mobile,2,2000.0,39921,5,2023,-37921.0,-1896.05
ORD-3173,2023-02-24,Shoes,1,30000.0,20075,2,2023,9925.0,33.08
ORD-3174,2024-02-04,Mobile,3,2000.0,25053,2,2024,-23053.0,-1152.65
ORD-3176,2023-05-25,Shirt,1,50000.0,6507,5,2023,43493.0,86.99
ORD-3177,2024-02-04,Laptop,1,2000.0,38637,2,2024,-36637.0,-1831.85
ORD-3180,2024-04-12,Shoes,2,30000.0,23053,4,2024,6947.0,23.16
ORD-3181,2023-01-03,Mobile,2,2000.0,3492,1,2023,-1492.0,-74.6
ORD-3183,2023-01-30,Shirt,1,50000.0,32403,1,2023,17597.0,35.19
ORD-3184,2023-08-25,Shoes,1,30000.0,38118,8,2023,-8118.0,-27.06
ORD-3185,2023-10-06,Laptop,1,30000.0,11882,10,2023,18118.0,60.39
ORD-3187,2023-04-25,Laptop,2,2000.0,9511,4,2023,-7511.0,-375.55
ORD-3188,2023-04-14,Shirt,2,30000.0,21699,4,2023,8301.0,27.67
ORD-3189,2023-04-28,Laptop,1,2000.0,22178,4,2023,-20178.0,-1008.9
ORD-3192,2023-12-26,Mobile,1,2000.0,1714,12,2023,286.0,14.3
ORD-3193,2023-09-05,Laptop,2,50000.0,10231,9,2023,39769.0,79.54
ORD-3194,2023-12-30,Laptop,1,30000.0,17792,12,2023,12208.0,40.69
ORD-3196,2023-05-01,Shoes,1,50000.0,25124,5,2023,24876.0,49.75
ORD-3197,2023-10-13,Mobile,3,50000.0,25048,10,2023,24952.0,49.9
ORD-3198,2023-05-29,Mobile,1,2000.0,22415,5,2023,-20415.0,-1020.75
ORD-3199,2023-03-25,Mobile,1,2000.0,18511,3,2023,-16511.0,-825.55
ORD-3200,2024-03-29,Shoes,3,2000.0,13031,3,2024,-11031.0,-551.55
ORD-3201,2024-02-10,Laptop,3,50000.0,12215,2,2024,37785.0,75.57
ORD-3202,2024-04-10,Laptop,3,30000.0,12851,4,2024,17149.0,57.16
ORD-3203,2024-03-31,Laptop,2,2000.0,34550,3,2024,-32550.0,-1627.5
ORD-3204,2023-08-19,Mobile,1,30000.0,39068,8,2023,-9068.0,-30.23
ORD-3205,2023-10-15,Mobile,2,2000.0,2178,10,2023,-178.0,-8.9
ORD-3206,2023-06-10,Shirt,3,50000.0,3406,6,2023,46594.0,93.19
ORD-3207,2023-09-29,Shoes,2,30000.0,20191,9,2023,9809.0,32.7
ORD-3208,2024-04-04,Shoes,3,30000.0,20148,4,2024,9852.0,32.84
ORD-3209,2023-02-07,Mobile,1,50000.0,32146,2,2023,17854.0,35.71
ORD-3210,2024-05-14,Shirt,3,30000.0,3724,5,2024,26276.0,87.59
ORD-3211,2023-08-14,Laptop,1,50000.0,36303,8,2023,13697.0,27.39
ORD-3212,2023-05-22,Mobile,1,50000.0,11140,5,2023,38860.0,77.72
ORD-3214,2024-04-25,Shoes,2,2000.0,25240,4,2024,-23240.0,-1162.0
ORD-3216,2023-04-24,Laptop,3,50000.0,23962,4,2023,26038.0,52.08
ORD-3217,2023-08-25,Shoes,1,50000.0,2201,8,2023,47799.0,95.6
ORD-3218,2023-03-07,Laptop,1,30000.0,11011,3,2023,18989.0,63.3
ORD-3219,2023-12-27,Laptop,2,50000.0,36657,12,2023,13343.0,26.69
ORD-3220,2023-12-07,Laptop,1,50000.0,11551,12,2023,38449.0,76.9
ORD-3221,2023-09-15,Mobile,1,50000.0,21606,9,2023,28394.0,56.79
ORD-3222,2024-04-19,Laptop,1,2000.0,13664,4,2024,-11664.0,-583.2
ORD-3225,2024-03-24,Mobile,2,2000.0,9664,3,2024,-7664.0,-383.2
ORD-3226,2023-11-27,Shoes,3,2000.0,2160,11,2023,-160.0,-8.0
ORD-3227,2023-11-19,Laptop,3,2000.0,11714,11,2023,-9714.0,-485.7
ORD-3230,2024-02-11,Laptop,1,50000.0,20150,2,2024,29850.0,59.7
ORD-3232,2023-07-15,Shirt,2,30000.0,23028,7,2023,6972.0,23.24
ORD-3234,2023-11-07,Shirt,1,2000.0,38077,11,2023,-36077.0,-1803.85
ORD-3236,2024-02-23,Mobile,1,50000.0,35484,2,2024,14516.0,29.03
ORD-3238,2024-03-02,Mobile,1,2000.0,22321,3,2024,-20321.0,-1016.05
ORD-3239,2023-05-23,Laptop,2,30000.0,35440,5,2023,-5440.0,-18.13
ORD-3240,2023-12-08,Laptop,3,2000.0,2455,12,2023,-455.0,-22.75
ORD-3241,2023-11-12,Shoes,2,30000.0,15031,11,2023,14969.0,49.9
ORD-3242,2023-04-11,Shirt,3,50000.0,23929,4,2023,26071.0,52.14
ORD-3243,2023-09-01,Shirt,1,50000.0,33137,9,2023,16863.0,33.73
ORD-3245,2023-01-12,Laptop,1,50000.0,37746,1,2023,12254.0,24.51
ORD-3246,2023-08-27,Laptop,1,50000.0,3471,8,2023,46529.0,93.06
ORD-3247,2023-02-18,Laptop,1,2000.0,1367,2,2023,633.0,31.65
ORD-3248,2023-02-11,Mobile,1,2000.0,14417,2,2023,-12417.0,-620.85
ORD-3253,2023-06-07,Shirt,1,2000.0,23369,6,2023,-21369.0,-1068.45
ORD-3256,2023-06-07,Shoes,1,50000.0,17576,6,2023,32424.0,64.85
ORD-3258,2023-05-14,Shirt,1,30000.0,38948,5,2023,-8948.0,-29.83
ORD-3259,2023-03-08,Laptop,2,50000.0,4606,3,2023,45394.0,90.79
ORD-3260,2023-12-02,Mobile,2,2000.0,15678,12,2023,-13678.0,-683.9
ORD-3261,2023-01-07,Shirt,3,30000.0,34025,1,2023,-4025.0,-13.42
ORD-3263,2023-01-14,Shirt,2,50000.0,18034,1,2023,31966.0,63.93
ORD-3265,2024-02-03,Shoes,1,50000.0,36193,2,2024,13807.0,27.61
ORD-3267,2023-06-12,Laptop,1,30000.0,33347,6,2023,-3347.0,-11.16
ORD-3268,2023-03-07,Laptop,3,2000.0,32254,3,2023,-30254.0,-1512.7
ORD-3269,2023-12-13,Shirt,2,30000.0,34165,12,2023,-4165.0,-13.88
ORD-3270,2023-05-10,Shoes,3,30000.0,12106,5,2023,17894.0,59.65
ORD-3271,2024-02-23,Mobile,1,2000.0,22786,2,2024,-20786.0,-1039.3
ORD-3272,2024-04-10,Laptop,3,50000.0,17944,4,2024,32056.0,64.11
ORD-3273,2023-07-25,Shirt,3,50000.0,9381,7,2023,40619.0,81.24
ORD-3274,2023-10-03,Mobile,1,2000.0,12207,10,2023,-10207.0,-510.35
ORD-3276,2023-09-13,Mobile,1,50000.0,4371,9,2023,45629.0,91.26
ORD-3277,2023-09-23,Laptop,1,30000.0,32359,9,2023,-2359.0,-7.86
ORD-3278,2023-01-25,Mobile,3,2000.0,36809,1,2023,-34809.0,-1740.45
ORD-3279,2024-03-25,Mobile,1,30000.0,7844,3,2024,22156.0,73.85
ORD-3280,2023-10-08,Shoes,2,50000.0,22782,10,2023,27218.0,54.44
ORD-3281,2023-09-10,Shoes,1,2000.0,37224,9,2023,-35224.0,-1761.2
ORD-3282,2023-11-06,Laptop,3,2000.0,11876,11,2023,-9876.0,-493.8
ORD-3283,2023-10-16,Shirt,3,50000.0,24331,10,2023,25669.0,51.34
ORD-3284,2023-06-13,Shoes,1,50000.0,38174,6,2023,11826.0,23.65
ORD-3285,2023-04-05,Mobile,1,2000.0,14144,4,2023,-12144.0,-607.2
ORD-3287,2023-11-17,Shoes,1,2000.0,37645,11,2023,-35645.0,-1782.25
ORD-3289,2023-12-02,Shoes,3,30000.0,13818,12,2023,16182.0,53.94
ORD-3292,2024-01-16,Shoes,2,50000.0,38333,1,2024,11667.0,23.33
ORD-3293,2024-03-11,Mobile,1,2000.0,26130,3,2024,-24130.0,-1206.5
ORD-3294,2024-01-22,Shoes,3,30000.0,27716,1,2024,2284.0,7.61
ORD-3295,2024-04-27,Shoes,1,2000.0,38745,4,2024,-36745.0,-1837.25
ORD-3299,2023-05-21,Mobile,1,2000.0,22325,5,2023,-20325.0,-1016.25
ORD-3301,2024-04-26,Laptop,1,2000.0,1841,4,2024,159.0,7.95
ORD-3302,2024-01-27,Shirt,1,30000.0,11567,1,2024,18433.0,61.44
ORD-3303,2024-02-09,Mobile,2,30000.0,37806,2,2024,-7806.0,-26.02
ORD-3304,2024-04-26,Mobile,2,2000.0,35572,4,2024,-33572.0,-1678.6
ORD-3305,2024-03-27,Mobile,1,30000.0,9921,3,2024,20079.0,66.93
ORD-3306,2023-01-25,Shirt,3,50000.0,5349,1,2023,44651.0,89.3
ORD-3310,2024-03-19,Laptop,1,50000.0,24502,3,2024,25498.0,51.0
ORD-3312,2023-10-15,Shirt,1,2000.0,7657,10,2023,-5657.0,-282.85
ORD-3314,2023-04-06,Shoes,1,2000.0,7240,4,2023,-5240.0,-262.0
ORD-3315,2023-04-02,Laptop,1,30000.0,22350,4,2023,7650.0,25.5
ORD-3316,2023-05-21,Shoes,1,2000.0,17640,5,2023,-15640.0,-782.0
ORD-3317,2023-01-31,Mobile,1,2000.0,33895,1,2023,-31895.0,-1594.75
ORD-3318,2023-11-30,Shirt,1,2000.0,30851,11,2023,-28851.0,-1442.55
ORD-3320,2023-05-26,Mobile,1,50000.0,15392,5,2023,34608.0,69.22
ORD-3321,2024-04-21,Shoes,1,50000.0,15917,4,2024,34083.0,68.17
ORD-3322,2023-11-12,Mobile,1,2000.0,31643,11,2023,-29643.0,-1482.15
ORD-3324,2024-01-25,Laptop,2,50000.0,24251,1,2024,25749.0,51.5
ORD-3325,2023-06-09,Mobile,1,30000.0,25238,6,2023,4762.0,15.87
ORD-3326,2023-12-15,Shirt,1,30000.0,28723,12,2023,1277.0,4.26
ORD-3328,2023-09-11,Mobile,1,30000.0,29756,9,2023,244.0,0.81
ORD-3329,2023-05-10,Mobile,1,30000.0,9513,5,2023,20487.0,68.29
ORD-3330,2023-03-01,Shoes,1,30000.0,31225,3,2023,-1225.0,-4.08
ORD-3331,2023-05-31,Laptop,2,50000.0,5379,5,2023,44621.0,89.24
ORD-3332,2024-04-11,Laptop,3,30000.0,12305,4,2024,17695.0,58.98
ORD-3333,2023-10-14,Laptop,3,2000.0,32722,10,2023,-30722.0,-1536.1
ORD-3334,2024-05-13,Laptop,3,2000.0,13148,5,2024,-11148.0,-557.4
ORD-3335,2023-01-05,Shoes,3,30000.0,13901,1,2023,16099.0,53.66
ORD-3336,2024-04-11,Shirt,1,2000.0,11888,4,2024,-9888.0,-494.4
ORD-3337,2024-02-22,Laptop,1,50000.0,31099,2,2024,18901.0,37.8
ORD-3339,2023-12-11,Shirt,3,2000.0,28621,12,2023,-26621.0,-1331.05
ORD-3340,2023-05-10,Shirt,3,30000.0,31001,5,2023,-1001.0,-3.34
ORD-3343,2023-06-27,Shirt,2,30000.0,25694,6,2023,4306.0,14.35
ORD-3344,2023-09-10,Laptop,1,2000.0,17221,9,2023,-15221.0,-761.05
ORD-3345,2024-02-19,Laptop,1,50000.0,3371,2,2024,46629.0,93.26
ORD-3346,2023-02-25,Mobile,1,2000.0,38784,2,2023,-36784.0,-1839.2
ORD-3347,2024-04-07,Laptop,1,2000.0,23836,4,2024,-21836.0,-1091.8
ORD-3348,2024-04-01,Mobile,1,50000.0,28161,4,2024,21839.0,43.68
ORD-3350,2023-03-24,Shoes,1,50000.0,16865,3,2023,33135.0,66.27
ORD-3351,2024-01-28,Mobile,3,50000.0,19825,1,2024,30175.0,60.35
ORD-3352,2023-04-09,Shoes,2,30000.0,28275,4,2023,1725.0,5.75
ORD-3353,2023-05-29,Shirt,1,30000.0,2017,5,2023,27983.0,93.28
ORD-3354,2023-11-25,Laptop,1,2000.0,21885,11,2023,-19885.0,-994.25
ORD-3355,2023-06-05,Shirt,1,30000.0,36815,6,2023,-6815.0,-22.72
ORD-3356,2023-07-09,Shoes,2,50000.0,11260,7,2023,38740.0,77.48
ORD-3357,2024-05-08,Shirt,3,50000.0,12857,5,2024,37143.0,74.29
ORD-3358,2024-01-06,Laptop,1,30000.0,38018,1,2024,-8018.0,-26.73
ORD-3359,2023-09-20,Shirt,3,30000.0,30230,9,2023,-230.0,-0.77
ORD-3360,2023-03-21,Laptop,3,30000.0,25769,3,2023,4231.0,14.1
ORD-3361,2024-02-04,Mobile,1,50000.0,36214,2,2024,13786.0,27.57
ORD-3364,2023-09-17,Laptop,3,30000.0,23679,9,2023,6321.0,21.07
ORD-3365,2023-09-17,Shirt,1,2000.0,4687,9,2023,-2687.0,-134.35
ORD-3366,2023-04-13,Mobile,2,2000.0,8864,4,2023,-6864.0,-343.2
ORD-3368,2023-09-30,Mobile,3,30000.0,30473,9,2023,-473.0,-1.58
ORD-3369,2023-04-11,Mobile,3,50000.0,14834,4,2023,35166.0,70.33
ORD-3370,2023-12-25,Shirt,2,2000.0,9921,12,2023,-7921.0,-396.05
ORD-3371,2024-01-15,Laptop,3,2000.0,29573,1,2024,-27573.0,-1378.65
ORD-3372,2023-11-04,Shirt,1,50000.0,38876,11,2023,11124.0,22.25
ORD-3373,2023-08-09,Shoes,1,50000.0,5266,8,2023,44734.0,89.47
ORD-3374,2023-11-04,Shoes,1,30000.0,38713,11,2023,-8713.0,-29.04
ORD-3375,2024-02-24,Laptop,1,50000.0,9985,2,2024,40015.0,80.03
ORD-3376,2023-05-04,Mobile,3,50000.0,23068,5,2023,26932.0,53.86
ORD-3377,2024-02-26,Laptop,2,50000.0,25700,2,2024,24300.0,48.6
ORD-3379,2023-06-27,Shoes,1,50000.0,36319,6,2023,13681.0,27.36
ORD-3380,2023-03-04,Shoes,1,2000.0,4848,3,2023,-2848.0,-142.4
ORD-3381,2024-04-29,Mobile,1,30000.0,31472,4,2024,-1472.0,-4.91
ORD-3382,2023-04-26,Mobile,3,30000.0,4456,4,2023,25544.0,85.15
ORD-3383,2023-07-10,Laptop,1,30000.0,20142,7,2023,9858.0,32.86
ORD-3385,2023-09-13,Laptop,1,2000.0,21139,9,2023,-19139.0,-956.95
ORD-3386,2024-04-27,Mobile,1,50000.0,21026,4,2024,28974.0,57.95
ORD-3387,2023-01-07,Shirt,1,2000.0,29777,1,2023,-27777.0,-1388.85
ORD-3388,2023-06-04,Shoes,1,30000.0,2660,6,2023,27340.0,91.13
ORD-3389,2023-04-02,Mobile,2,50000.0,28151,4,2023,21849.0,43.7
ORD-3390,2024-04-14,Mobile,3,30000.0,25613,4,2024,4387.0,14.62
ORD-3391,2023-01-14,Shirt,1,30000.0,30066,1,2023,-66.0,-0.22
ORD-3392,2024-03-30,Mobile,1,30000.0,14208,3,2024,15792.0,52.64
ORD-3393,2023-08-17,Mobile,3,2000.0,20960,8,2023,-18960.0,-948.0
ORD-3394,2023-03-27,Mobile,3,2000.0,31702,3,2023,-29702.0,-1485.1
ORD-3395,2023-05-13,Mobile,1,30000.0,23842,5,2023,6158.0,20.53
ORD-3396,2023-07-02,Mobile,1,30000.0,12727,7,2023,17273.0,57.58
ORD-3397,2024-01-21,Mobile,1,50000.0,33389,1,2024,16611.0,33.22
ORD-3398,2023-03-03,Mobile,3,30000.0,27804,3,2023,2196.0,7.32
ORD-3399,2023-08-07,Mobile,2,30000.0,14021,8,2023,15979.0,53.26
ORD-3400,2024-02-09,Shoes,1,30000.0,20092,2,2024,9908.0,33.03
ORD-3401,2023-09-03,Mobile,3,30000.0,29915,9,2023,85.0,0.28
ORD-3402,2023-08-18,Shoes,2,2000.0,11501,8,2023,-9501.0,-475.05
ORD-3403,2023-03-20,Shoes,3,30000.0,16739,3,2023,13261.0,44.2
ORD-3405,2023-05-18,Laptop,3,30000.0,8931,5,2023,21069.0,70.23
ORD-3406,2024-04-15,Shoes,3,2000.0,14699,4,2024,-12699.0,-634.95
ORD-3409,2024-02-27,Laptop,2,30000.0,12775,2,2024,17225.0,57.42
ORD-3410,2024-01-24,Shirt,2,30000.0,32586,1,2024,-2586.0,-8.62
ORD-3411,2023-03-06,Laptop,2,2000.0,1607,3,2023,393.0,19.65
ORD-3414,2024-04-18,Mobile,2,2000.0,15089,4,2024,-13089.0,-654.45
ORD-3415,2023-08-30,Mobile,3,30000.0,30708,8,2023,-708.0,-2.36
ORD-3416,2024-05-07,Laptop,2,50000.0,38025,5,2024,11975.0,23.95
ORD-3417,2023-08-01,Mobile,2,50000.0,11223,8,2023,38777.0,77.55
ORD-3420,2024-04-29,Mobile,1,30000.0,30619,4,2024,-619.0,-2.06
ORD-3421,2023-06-22,Shirt,1,50000.0,35132,6,2023,14868.0,29.74
ORD-3423,2023-06-13,Laptop,2,30000.0,6344,6,2023,23656.0,78.85
ORD-3424,2024-04-09,Shirt,1,50000.0,34973,4,2024,15027.0,30.05
ORD-3425,2024-04-27,Shoes,1,2000.0,10512,4,2024,-8512.0,-425.6
ORD-3427,2023-07-07,Laptop,1,2000.0,35098,7,2023,-33098.0,-1654.9
ORD-3428,2024-01-30,Mobile,2,50000.0,9622,1,2024,40378.0,80.76
ORD-3429,2023-07-10,Laptop,1,30000.0,38451,7,2023,-8451.0,-28.17
ORD-3430,2024-02-09,Mobile,1,30000.0,19658,2,2024,10342.0,34.47
ORD-3431,2023-11-04,Mobile,2,50000.0,37133,11,2023,12867.0,25.73
ORD-3432,2023-09-13,Mobile,3,2000.0,18647,9,2023,-16647.0,-832.35
ORD-3433,2023-07-02,Mobile,3,30000.0,21620,7,2023,8380.0,27.93
ORD-3435,2023-10-09,Laptop,1,2000.0,4733,10,2023,-2733.0,-136.65
ORD-3436,2023-07-15,Mobile,3,2000.0,30675,7,2023,-28675.0,-1433.75
ORD-3438,2023-02-21,Shirt,3,50000.0,1860,2,2023,48140.0,96.28
ORD-3439,2023-04-22,Mobile,1,30000.0,28618,4,2023,1382.0,4.61
ORD-3440,2023-09-09,Shirt,3,2000.0,28916,9,2023,-26916.0,-1345.8
ORD-3441,2023-03-23,Shoes,3,30000.0,12681,3,2023,17319.0,57.73
ORD-3442,2023-08-20,Laptop,2,30000.0,17520,8,2023,12480.0,41.6
ORD-3443,2023-08-15,Laptop,2,2000.0,23131,8,2023,-21131.0,-1056.55
ORD-3444,2023-08-21,Mobile,1,50000.0,23878,8,2023,26122.0,52.24
ORD-3445,2023-08-09,Mobile,3,2000.0,12424,8,2023,-10424.0,-521.2
ORD-3446,2024-03-11,Shoes,1,50000.0,39554,3,2024,10446.0,20.89
ORD-3448,2024-02-26,Shirt,1,50000.0,10345,2,2024,39655.0,79.31
ORD-3449,2023-02-11,Shoes,1,50000.0,28486,2,2023,21514.0,43.03
ORD-3450,2023-01-21,Shirt,3,2000.0,23584,1,2023,-21584.0,-1079.2
ORD-3451,2023-02-11,Laptop,1,30000.0,27986,2,2023,2014.0,6.71
ORD-3452,2024-02-01,Shirt,1,30000.0,12598,2,2024,17402.0,58.01
ORD-3453,2023-04-23,Laptop,2,50000.0,9325,4,2023,40675.0,81.35
ORD-3454,2023-04-15,Shirt,1,50000.0,19445,4,2023,30555.0,61.11
ORD-3455,2023-07-11,Laptop,3,2000.0,38146,7,2023,-36146.0,-1807.3
ORD-3456,2023-01-17,Mobile,2,50000.0,4730,1,2023,45270.0,90.54
ORD-3457,2023-04-30,Shirt,1,2000.0,12684,4,2023,-10684.0,-534.2
ORD-3459,2024-02-29,Shirt,1,50000.0,35563,2,2024,14437.0,28.87
ORD-3461,2023-05-10,Mobile,1,50000.0,9187,5,2023,40813.0,81.63
ORD-3462,2023-03-01,Laptop,3,50000.0,38608,3,2023,11392.0,22.78
ORD-3465,2023-04-07,Shoes,1,2000.0,4726,4,2023,-2726.0,-136.3
ORD-3466,2023-01-10,Shirt,1,2000.0,32716,1,2023,-30716.0,-1535.8
ORD-3468,2023-11-10,Shoes,1,50000.0,2843,11,2023,47157.0,94.31
ORD-3469,2024-03-19,Mobile,1,2000.0,14754,3,2024,-12754.0,-637.7
ORD-3470,2023-08-20,Laptop,2,50000.0,29853,8,2023,20147.0,40.29
ORD-3471,2023-10-04,Shirt,2,30000.0,3280,10,2023,26720.0,89.07
ORD-3472,2023-10-11,Shirt,1,2000.0,26531,10,2023,-24531.0,-1226.55
ORD-3473,2023-07-22,Mobile,1,2000.0,30788,7,2023,-28788.0,-1439.4
ORD-3474,2023-09-04,Mobile,1,2000.0,8796,9,2023,-6796.0,-339.8
ORD-3475,2023-10-17,Laptop,1,30000.0,5567,10,2023,24433.0,81.44
ORD-3477,2024-03-18,Shirt,1,50000.0,10300,3,2024,39700.0,79.4
ORD-3478,2023-08-02,Shirt,3,30000.0,33150,8,2023,-3150.0,-10.5
ORD-3480,2024-03-08,Laptop,1,2000.0,32828,3,2024,-30828.0,-1541.4
ORD-3484,2023-12-09,Laptop,1,50000.0,20032,12,2023,29968.0,59.94
ORD-3489,2024-02-20,Laptop,3,30000.0,3932,2,2024,26068.0,86.89
ORD-3490,2024-03-03,Shirt,1,30000.0,22470,3,2024,7530.0,25.1
ORD-3494,2023-01-08,Mobile,1,2000.0,9119,1,2023,-7119.0,-355.95
ORD-3497,2023-03-28,Laptop,1,30000.0,3521,3,2023,26479.0,88.26
ORD-3498,2023-02-12,Shoes,3,30000.0,20086,2,2023,9914.0,33.05
ORD-3499,2024-01-20,Mobile,1,30000.0,1783,1,2024,28217.0,94.06
ORD-3500,2023-04-19,Mobile,1,50000.0,17798,4,2023,32202.0,64.4
ORD-3501,2024-03-10,Shoes,3,2000.0,9555,3,2024,-7555.0,-377.75
ORD-3503,2024-04-27,Shoes,1,30000.0,2103,4,2024,27897.0,92.99
ORD-3504,2023-06-01,Mobile,2,50000.0,6309,6,2023,43691.0,87.38
ORD-3507,2023-05-28,Laptop,2,30000.0,13135,5,2023,16865.0,56.22
ORD-3511,2024-02-19,Shirt,1,30000.0,11031,2,2024,18969.0,63.23
ORD-3512,2024-01-01,Shoes,1,50000.0,10695,1,2024,39305.0,78.61
ORD-3514,2023-05-19,Mobile,2,50000.0,6722,5,2023,43278.0,86.56
ORD-3516,2024-02-03,Shirt,1,30000.0,19731,2,2024,10269.0,34.23
ORD-3517,2023-07-30,Shirt,3,50000.0,1645,7,2023,48355.0,96.71
ORD-3518,2024-01-26,Mobile,1,30000.0,33116,1,2024,-3116.0,-10.39
ORD-3519,2024-05-13,Mobile,1,2000.0,30402,5,2024,-28402.0,-1420.1
ORD-3521,2023-02-20,Laptop,1,2000.0,37469,2,2023,-35469.0,-1773.45
ORD-3522,2024-05-05,Laptop,1,2000.0,14908,5,2024,-12908.0,-645.4
ORD-3523,2024-03-17,Shoes,2,2000.0,13715,3,2024,-11715.0,-585.75
ORD-3525,2023-09-18,Mobile,2,30000.0,36324,9,2023,-6324.0,-21.08
ORD-3526,2023-12-16,Shirt,3,2000.0,20338,12,2023,-18338.0,-916.9
ORD-3527,2023-12-18,Laptop,1,50000.0,8387,12,2023,41613.0,83.23
ORD-3529,2023-11-16,Shirt,3,30000.0,27175,11,2023,2825.0,9.42
ORD-3530,2023-05-18,Laptop,3,30000.0,31795,5,2023,-1795.0,-5.98
ORD-3531,2023-02-07,Mobile,1,2000.0,38429,2,2023,-36429.0,-1821.45
ORD-3533,2024-04-24,Shirt,3,2000.0,8413,4,2024,-6413.0,-320.65
ORD-3534,2024-01-03,Mobile,1,50000.0,18665,1,2024,31335.0,62.67
ORD-3535,2023-08-08,Mobile,1,30000.0,11856,8,2023,18144.0,60.48
ORD-3536,2023-12-03,Laptop,1,30000.0,32100,12,2023,-2100.0,-7.0
ORD-3538,2023-05-16,Shirt,1,30000.0,26784,5,2023,3216.0,10.72
ORD-3540,2023-12-26,Shoes,1,2000.0,8575,12,2023,-6575.0,-328.75
ORD-3541,2024-02-13,Mobile,1,50000.0,39746,2,2024,10254.0,20.51
ORD-3543,2024-03-25,Shoes,1,2000.0,10089,3,2024,-8089.0,-404.45
ORD-3544,2024-04-07,Mobile,3,50000.0,30454,4,2024,19546.0,39.09
ORD-3545,2024-03-09,Mobile,2,30000.0,23474,3,2024,6526.0,21.75
ORD-3546,2024-03-26,Laptop,3,50000.0,9154,3,2024,40846.0,81.69
ORD-3547,2023-02-18,Shirt,1,50000.0,23064,2,2023,26936.0,53.87
ORD-3548,2023-10-19,Laptop,3,50000.0,28886,10,2023,21114.0,42.23
ORD-3549,2024-01-17,Shirt,2,30000.0,30398,1,2024,-398.0,-1.33
ORD-3552,2023-04-15,Shoes,1,50000.0,26391,4,2023,23609.0,47.22
ORD-3553,2023-06-18,Shirt,1,2000.0,29822,6,2023,-27822.0,-1391.1
ORD-3554,2023-08-05,Shirt,2,2000.0,38872,8,2023,-36872.0,-1843.6
ORD-3555,2024-01-13,Shirt,3,50000.0,22999,1,2024,27001.0,54.0
ORD-3556,2023-04-29,Shoes,3,50000.0,10512,4,2023,39488.0,78.98
ORD-3557,2023-07-09,Shirt,3,2000.0,30340,7,2023,-28340.0,-1417.0
ORD-3558,2023-09-12,Mobile,3,50000.0,17069,9,2023,32931.0,65.86
ORD-3559,2024-01-05,Laptop,1,50000.0,5502,1,2024,44498.0,89.0
ORD-3562,2023-06-13,Mobile,3,50000.0,21971,6,2023,28029.0,56.06
ORD-3563,2023-05-20,Shirt,1,50000.0,7037,5,2023,42963.0,85.93
ORD-3564,2023-12-13,Laptop,1,30000.0,28361,12,2023,1639.0,5.46
ORD-3566,2023-09-15,Mobile,2,50000.0,34764,9,2023,15236.0,30.47
ORD-3567,2024-01-09,Laptop,1,30000.0,31583,1,2024,-1583.0,-5.28
ORD-3568,2023-09-26,Shoes,1,30000.0,10627,9,2023,19373.0,64.58
ORD-3569,2023-06-30,Laptop,1,30000.0,22593,6,2023,7407.0,24.69
ORD-3570,2023-06-09,Shoes,3,30000.0,21084,6,2023,8916.0,29.72
ORD-3572,2024-02-04,Shoes,1,30000.0,38752,2,2024,-8752.0,-29.17
ORD-3574,2023-10-15,Laptop,2,30000.0,3318,10,2023,26682.0,88.94
ORD-3575,2024-01-15,Shirt,2,30000.0,26314,1,2024,3686.0,12.29
ORD-3576,2023-08-14,Mobile,2,2000.0,36287,8,2023,-34287.0,-1714.35
ORD-3578,2023-01-10,Shoes,3,2000.0,6427,1,2023,-4427.0,-221.35
ORD-3579,2023-09-28,Shoes,3,2000.0,38371,9,2023,-36371.0,-1818.55
ORD-3580,2023-09-30,Shoes,1,30000.0,25630,9,2023,4370.0,14.57
ORD-3582,2024-02-06,Shoes,3,50000.0,27678,2,2024,22322.0,44.64
ORD-3583,2023-07-02,Shoes,1,30000.0,26099,7,2023,3901.0,13.0
ORD-3585,2023-06-02,Shirt,2,2000.0,17846,6,2023,-15846.0,-792.3
ORD-3587,2023-11-11,Shoes,1,30000.0,13068,11,2023,16932.0,56.44
ORD-3589,2023-05-04,Shoes,3,2000.0,39098,5,2023,-37098.0,-1854.9
ORD-3592,2023-10-05,Shoes,2,2000.0,31518,10,2023,-29518.0,-1475.9
ORD-3593,2024-05-14,Shoes,1,30000.0,10180,5,2024,19820.0,66.07
ORD-3594,2024-02-18,Shoes,2,50000.0,17595,2,2024,32405.0,64.81
ORD-3595,2024-04-12,Shoes,2,2000.0,24740,4,2024,-22740.0,-1137.0
ORD-3596,2023-08-01,Shirt,1,2000.0,28722,8,2023,-26722.0,-1336.1
ORD-3597,2023-06-21,Laptop,2,30000.0,4750,6,2023,25250.0,84.17
ORD-3598,2023-10-15,Laptop,3,30000.0,12881,10,2023,17119.0,57.06
ORD-3600,2023-06-23,Shoes,2,2000.0,17819,6,2023,-15819.0,-790.95
ORD-3603,2024-02-09,Laptop,1,30000.0,26811,2,2024,3189.0,10.63
ORD-3604,2024-04-27,Shoes,3,30000.0,38697,4,2024,-8697.0,-28.99
ORD-3606,2023-02-01,Mobile,2,2000.0,21656,2,2023,-19656.0,-982.8
ORD-3607,2023-08-10,Mobile,3,2000.0,27382,8,2023,-25382.0,-1269.1
ORD-3609,2023-02-08,Laptop,1,50000.0,6813,2,2023,43187.0,86.37
ORD-3610,2024-05-11,Shirt,1,50000.0,2724,5,2024,47276.0,94.55
ORD-3611,2023-09-25,Shoes,1,30000.0,2494,9,2023,27506.0,91.69
ORD-3612,2023-08-21,Mobile,1,2000.0,19363,8,2023,-17363.0,-868.15
ORD-3615,2023-05-29,Shirt,2,2000.0,31524,5,2023,-29524.0,-1476.2
ORD-3616,2024-02-01,Laptop,3,30000.0,8160,2,2024,21840.0,72.8
ORD-3617,2023-05-29,Laptop,1,30000.0,24593,5,2023,5407.0,18.02
ORD-3618,2023-05-06,Laptop,1,50000.0,1284,5,2023,48716.0,97.43
ORD-3619,2024-01-27,Mobile,1,2000.0,38851,1,2024,-36851.0,-1842.55
ORD-3620,2023-10-29,Shoes,2,2000.0,21378,10,2023,-19378.0,-968.9
ORD-3622,2023-08-26,Mobile,1,2000.0,1900,8,2023,100.0,5.0
ORD-3623,2023-05-15,Mobile,3,50000.0,2459,5,2023,47541.0,95.08
ORD-3624,2023-05-31,Mobile,2,2000.0,14680,5,2023,-12680.0,-634.0
ORD-3626,2023-08-12,Laptop,2,50000.0,36301,8,2023,13699.0,27.4
ORD-3628,2023-09-13,Laptop,1,2000.0,18189,9,2023,-16189.0,-809.45
ORD-3629,2023-03-27,Laptop,1,30000.0,8595,3,2023,21405.0,71.35
ORD-3630,2023-05-30,Mobile,3,2000.0,19612,5,2023,-17612.0,-880.6
ORD-3631,2023-08-23,Laptop,1,2000.0,2921,8,2023,-921.0,-46.05
ORD-3633,2023-01-22,Shoes,1,30000.0,3387,1,2023,26613.0,88.71
ORD-3634,2023-12-14,Shirt,2,2000.0,11730,12,2023,-9730.0,-486.5
ORD-3635,2023-10-12,Shoes,1,50000.0,15830,10,2023,34170.0,68.34
ORD-3636,2023-09-26,Laptop,1,50000.0,35764,9,2023,14236.0,28.47
ORD-3639,2023-01-29,Mobile,1,30000.0,14869,1,2023,15131.0,50.44
ORD-3641,2024-04-07,Laptop,1,30000.0,33872,4,2024,-3872.0,-12.91
ORD-3642,2024-03-11,Mobile,2,2000.0,18905,3,2024,-16905.0,-845.25
ORD-3643,2023-10-10,Shirt,1,50000.0,35119,10,2023,14881.0,29.76
ORD-3644,2023-02-19,Shirt,1,50000.0,3698,2,2023,46302.0,92.6
ORD-3645,2023-04-05,Shoes,1,50000.0,20996,4,2023,29004.0,58.01
ORD-3648,2024-02-11,Laptop,1,2000.0,7190,2,2024,-5190.0,-259.5
ORD-3650,2023-02-13,Shirt,3,30000.0,30689,2,2023,-689.0,-2.3
ORD-3651,2024-04-05,Shoes,1,50000.0,36590,4,2024,13410.0,26.82
ORD-3652,2023-10-05,Shoes,2,2000.0,32604,10,2023,-30604.0,-1530.2
ORD-3653,2023-06-20,Shirt,3,30000.0,4921,6,2023,25079.0,83.6
ORD-3654,2024-02-25,Laptop,1,30000.0,29991,2,2024,9.0,0.03
ORD-3657,2023-07-03,Shoes,1,50000.0,33035,7,2023,16965.0,33.93
ORD-3658,2023-01-03,Mobile,2,2000.0,35844,1,2023,-33844.0,-1692.2
ORD-3659,2023-07-10,Shoes,1,30000.0,17820,7,2023,12180.0,40.6
ORD-3662,2023-01-23,Laptop,1,2000.0,1735,1,2023,265.0,13.25
ORD-3663,2024-02-17,Shirt,1,2000.0,8214,2,2024,-6214.0,-310.7
ORD-3666,2023-04-18,Laptop,1,50000.0,5728,4,2023,44272.0,88.54
ORD-3667,2024-01-02,Shirt,3,2000.0,37497,1,2024,-35497.0,-1774.85
ORD-3668,2023-10-08,Mobile,1,30000.0,8241,10,2023,21759.0,72.53
ORD-3673,2023-12-28,Shirt,1,50000.0,15432,12,2023,34568.0,69.14
ORD-3674,2023-07-05,Mobile,3,2000.0,34663,7,2023,-32663.0,-1633.15
ORD-3676,2023-03-13,Shoes,1,2000.0,18297,3,2023,-16297.0,-814.85
ORD-3677,2023-05-09,Mobile,1,30000.0,7696,5,2023,22304.0,74.35
ORD-3678,2023-12-30,Shirt,1,30000.0,30347,12,2023,-347.0,-1.16
ORD-3679,2023-09-18,Mobile,3,30000.0,22249,9,2023,7751.0,25.84
ORD-3680,2023-01-03,Mobile,1,30000.0,20657,1,2023,9343.0,31.14
ORD-3681,2024-03-24,Laptop,1,2000.0,23960,3,2024,-21960.0,-1098.0
ORD-3682,2024-01-23,Laptop,1,30000.0,18906,1,2024,11094.0,36.98
ORD-3683,2023-04-14,Mobile,1,30000.0,3802,4,2023,26198.0,87.33
ORD-3687,2023-12-28,Shoes,1,50000.0,36088,12,2023,13912.0,27.82
ORD-3689,2024-05-05,Mobile,2,30000.0,12964,5,2024,17036.0,56.79
ORD-3690,2024-04-17,Shoes,3,2000.0,20698,4,2024,-18698.0,-934.9
ORD-3691,2023-01-10,Mobile,3,30000.0,5406,1,2023,24594.0,81.98
ORD-3692,2024-02-09,Mobile,1,2000.0,30002,2,2024,-28002.0,-1400.1
ORD-3693,2024-01-19,Shoes,1,30000.0,29682,1,2024,318.0,1.06
ORD-3694,2023-10-29,Laptop,3,50000.0,8591,10,2023,41409.0,82.82
ORD-3696,2023-08-07,Shoes,1,30000.0,22873,8,2023,7127.0,23.76
ORD-3698,2023-03-07,Laptop,2,50000.0,37596,3,2023,12404.0,24.81
ORD-3699,2024-02-29,Shirt,2,50000.0,17949,2,2024,32051.0,64.1
ORD-3702,2024-01-28,Shoes,1,2000.0,32660,1,2024,-30660.0,-1533.0
ORD-3705,2023-03-27,Laptop,1,2000.0,7777,3,2023,-5777.0,-288.85
ORD-3706,2023-08-22,Shirt,1,30000.0,1113,8,2023,28887.0,96.29
ORD-3707,2023-03-31,Mobile,1,2000.0,1531,3,2023,469.0,23.45
ORD-3708,2023-11-10,Mobile,3,30000.0,10714,11,2023,19286.0,64.29
ORD-3709,2023-02-23,Shoes,1,30000.0,4410,2,2023,25590.0,85.3
ORD-3710,2023-01-12,Laptop,3,30000.0,10236,1,2023,19764.0,65.88
ORD-3711,2023-07-28,Shoes,1,2000.0,25608,7,2023,-23608.0,-1180.4
ORD-3712,2024-04-06,Laptop,3,2000.0,9324,4,2024,-7324.0,-366.2
ORD-3713,2023-01-14,Mobile,1,50000.0,12159,1,2023,37841.0,75.68
ORD-3714,2023-05-01,Laptop,2,30000.0,35494,5,2023,-5494.0,-18.31
ORD-3715,2024-02-22,Mobile,1,2000.0,33107,2,2024,-31107.0,-1555.35
ORD-3716,2024-03-12,Laptop,1,50000.0,36416,3,2024,13584.0,27.17
ORD-3717,2024-01-12,Shirt,1,30000.0,32835,1,2024,-2835.0,-9.45
ORD-3718,2023-01-20,Laptop,3,2000.0,10453,1,2023,-8453.0,-422.65
ORD-3719,2023-03-16,Shirt,2,2000.0,35833,3,2023,-33833.0,-1691.65
ORD-3720,2024-02-04,Laptop,3,2000.0,28921,2,2024,-26921.0,-1346.05
ORD-3722,2023-08-11,Shoes,1,50000.0,32008,8,2023,17992.0,35.98
ORD-3723,2023-03-11,Shoes,3,2000.0,2050,3,2023,-50.0,-2.5
ORD-3725,2023-07-30,Shoes,1,50000.0,33177,7,2023,16823.0,33.65
ORD-3726,2023-04-11,Laptop,3,50000.0,23851,4,2023,26149.0,52.3
ORD-3728,2023-05-12,Laptop,3,50000.0,7878,5,2023,42122.0,84.24
ORD-3730,2024-01-16,Laptop,3,30000.0,12367,1,2024,17633.0,58.78
ORD-3731,2023-05-12,Mobile,1,2000.0,39731,5,2023,-37731.0,-1886.55
ORD-3733,2024-01-29,Mobile,1,50000.0,35153,1,2024,14847.0,29.69
ORD-3734,2023-01-24,Mobile,2,50000.0,29568,1,2023,20432.0,40.86
ORD-3735,2023-08-15,Mobile,1,30000.0,25307,8,2023,4693.0,15.64
ORD-3736,2023-06-03,Shoes,3,30000.0,5138,6,2023,24862.0,82.87
ORD-3737,2023-10-20,Mobile,1,30000.0,8693,10,2023,21307.0,71.02
ORD-3738,2023-08-18,Shirt,2,30000.0,12394,8,2023,17606.0,58.69
ORD-3739,2024-04-13,Laptop,1,30000.0,24876,4,2024,5124.0,17.08
ORD-3740,2023-11-06,Mobile,1,2000.0,4353,11,2023,-2353.0,-117.65
ORD-3742,2023-12-25,Mobile,2,30000.0,5628,12,2023,24372.0,81.24
ORD-3743,2024-02-09,Laptop,2,30000.0,30990,2,2024,-990.0,-3.3
ORD-3744,2023-07-21,Shirt,2,2000.0,39095,7,2023,-37095.0,-1854.75
ORD-3746,2024-03-05,Laptop,1,30000.0,22433,3,2024,7567.0,25.22
ORD-3749,2023-02-26,Shirt,3,2000.0,13093,2,2023,-11093.0,-554.65
ORD-3750,2024-03-04,Shirt,3,2000.0,17684,3,2024,-15684.0,-784.2
ORD-3751,2023-01-20,Laptop,1,30000.0,29698,1,2023,302.0,1.01
ORD-3752,2023-09-30,Laptop,1,50000.0,19984,9,2023,30016.0,60.03
ORD-3753,2023-04-29,Shirt,3,2000.0,15907,4,2023,-13907.0,-695.35
ORD-3756,2023-08-09,Shoes,1,30000.0,4082,8,2023,25918.0,86.39
ORD-3757,2023-01-14,Laptop,1,30000.0,8074,1,2023,21926.0,73.09
ORD-3758,2023-01-03,Shirt,1,30000.0,30330,1,2023,-330.0,-1.1
ORD-3760,2023-08-17,Shirt,2,2000.0,1459,8,2023,541.0,27.05
ORD-3761,2023-12-02,Laptop,2,50000.0,3801,12,2023,46199.0,92.4
ORD-3762,2023-07-05,Shirt,1,2000.0,29831,7,2023,-27831.0,-1391.55
ORD-3763,2023-02-24,Shoes,1,50000.0,17847,2,2023,32153.0,64.31
ORD-3764,2024-05-14,Mobile,3,2000.0,1997,5,2024,3.0,0.15
ORD-3765,2024-01-23,Shoes,3,30000.0,23025,1,2024,6975.0,23.25
ORD-3767,2023-09-11,Shirt,3,50000.0,7384,9,2023,42616.0,85.23
ORD-3768,2023-01-24,Laptop,1,2000.0,14223,1,2023,-12223.0,-611.15
ORD-3770,2023-06-07,Laptop,2,50000.0,35446,6,2023,14554.0,29.11
ORD-3771,2023-03-23,Shirt,3,50000.0,34632,3,2023,15368.0,30.74
ORD-3773,2023-06-08,Mobile,2,30000.0,25120,6,2023,4880.0,16.27
ORD-3775,2023-03-01,Shirt,1,30000.0,27950,3,2023,2050.0,6.83
ORD-3776,2024-02-07,Shirt,1,2000.0,30968,2,2024,-28968.0,-1448.4
ORD-3777,2023-11-01,Laptop,3,2000.0,3926,11,2023,-1926.0,-96.3
ORD-3779,2024-01-01,Laptop,1,30000.0,15223,1,2024,14777.0,49.26
ORD-3780,2023-07-30,Laptop,3,2000.0,38197,7,2023,-36197.0,-1809.85
ORD-3781,2024-02-10,Shoes,3,30000.0,16362,2,2024,13638.0,45.46
ORD-3782,2023-06-01,Shirt,1,30000.0,24409,6,2023,5591.0,18.64
ORD-3783,2023-04-19,Shirt,2,30000.0,3397,4,2023,26603.0,88.68
ORD-3785,2023-01-30,Shoes,2,30000.0,6814,1,2023,23186.0,77.29
ORD-3787,2024-04-30,Mobile,1,2000.0,8522,4,2024,-6522.0,-326.1
ORD-3788,2023-04-27,Shoes,3,2000.0,23169,4,2023,-21169.0,-1058.45
ORD-3789,2024-02-19,Laptop,2,50000.0,21382,2,2024,28618.0,57.24
ORD-3790,2023-12-22,Mobile,1,50000.0,16588,12,2023,33412.0,66.82
ORD-3791,2023-07-11,Shirt,3,2000.0,16762,7,2023,-14762.0,-738.1
ORD-3792,2023-01-19,Shirt,1,30000.0,16577,1,2023,13423.0,44.74
ORD-3793,2024-03-07,Laptop,1,30000.0,21931,3,2024,8069.0,26.9
ORD-3794,2023-06-22,Laptop,1,2000.0,10970,6,2023,-8970.0,-448.5
ORD-3795,2023-08-16,Shoes,3,2000.0,21045,8,2023,-19045.0,-952.25
ORD-3796,2023-12-16,Shirt,2,50000.0,16919,12,2023,33081.0,66.16
ORD-3797,2023-07-02,Laptop,3,30000.0,28671,7,2023,1329.0,4.43
ORD-3798,2023-04-23,Shirt,2,2000.0,11349,4,2023,-9349.0,-467.45
ORD-3799,2023-07-02,Shirt,1,50000.0,7058,7,2023,42942.0,85.88
ORD-3800,2024-04-25,Shoes,2,50000.0,4515,4,2024,45485.0,90.97
ORD-3801,2023-05-26,Mobile,1,30000.0,4330,5,2023,25670.0,85.57
ORD-3802,2023-11-15,Shoes,3,50000.0,35442,11,2023,14558.0,29.12
ORD-3803,2023-04-26,Laptop,3,50000.0,18745,4,2023,31255.0,62.51
ORD-3805,2023-09-08,Shoes,3,2000.0,17939,9,2023,-15939.0,-796.95
ORD-3806,2024-04-20,Shirt,2,30000.0,16264,4,2024,13736.0,45.79
ORD-3807,2023-09-08,Shoes,3,2000.0,27615,9,2023,-25615.0,-1280.75
ORD-3809,2024-04-03,Mobile,2,30000.0,35880,4,2024,-5880.0,-19.6
ORD-3810,2023-11-09,Shoes,1,2000.0,19594,11,2023,-17594.0,-879.7
ORD-3811,2023-04-28,Shoes,1,50000.0,16523,4,2023,33477.0,66.95
ORD-3812,2023-10-28,Mobile,1,30000.0,2701,10,2023,27299.0,91.0
ORD-3814,2024-02-05,Laptop,1,50000.0,36480,2,2024,13520.0,27.04
ORD-3816,2023-09-17,Shirt,2,50000.0,36084,9,2023,13916.0,27.83
ORD-3817,2023-05-28,Shoes,1,2000.0,35378,5,2023,-33378.0,-1668.9
ORD-3818,2023-08-28,Mobile,3,2000.0,21736,8,2023,-19736.0,-986.8
ORD-3819,2023-02-16,Mobile,1,2000.0,7343,2,2023,-5343.0,-267.15
ORD-3821,2024-02-03,Shoes,3,30000.0,22875,2,2024,7125.0,23.75
ORD-3822,2023-07-17,Shoes,2,2000.0,10328,7,2023,-8328.0,-416.4
ORD-3824,2023-03-19,Shirt,3,50000.0,3025,3,2023,46975.0,93.95
ORD-3825,2023-05-04,Shoes,2,2000.0,1105,5,2023,895.0,44.75
ORD-3826,2023-03-16,Laptop,3,50000.0,30370,3,2023,19630.0,39.26
ORD-3827,2023-12-25,Shoes,2,2000.0,21843,12,2023,-19843.0,-992.15
ORD-3828,2023-05-17,Laptop,1,50000.0,20476,5,2023,29524.0,59.05
ORD-3830,2024-02-04,Shirt,3,2000.0,29443,2,2024,-27443.0,-1372.15
ORD-3833,2023-03-02,Mobile,3,50000.0,20875,3,2023,29125.0,58.25
ORD-3834,2023-05-18,Mobile,2,2000.0,4297,5,2023,-2297.0,-114.85
ORD-3835,2023-02-19,Mobile,3,30000.0,1208,2,2023,28792.0,95.97
ORD-3836,2023-09-16,Shirt,2,30000.0,20700,9,2023,9300.0,31.0
ORD-3838,2023-04-17,Shirt,3,50000.0,8233,4,2023,41767.0,83.53
ORD-3839,2023-04-23,Shoes,1,50000.0,2891,4,2023,47109.0,94.22
ORD-3840,2023-12-16,Shoes,1,50000.0,37274,12,2023,12726.0,25.45
ORD-3841,2023-09-11,Laptop,1,2000.0,3039,9,2023,-1039.0,-51.95
ORD-3842,2023-04-28,Mobile,3,2000.0,20673,4,2023,-18673.0,-933.65
ORD-3843,2024-05-07,Laptop,1,50000.0,29436,5,2024,20564.0,41.13
ORD-3844,2023-07-17,Laptop,2,30000.0,35385,7,2023,-5385.0,-17.95
ORD-3845,2023-12-03,Laptop,1,30000.0,9186,12,2023,20814.0,69.38
ORD-3846,2023-12-31,Shirt,3,2000.0,1434,12,2023,566.0,28.3
ORD-3847,2023-02-20,Shoes,3,50000.0,11519,2,2023,38481.0,76.96
ORD-3848,2023-09-02,Laptop,1,30000.0,19030,9,2023,10970.0,36.57
ORD-3849,2024-02-07,Laptop,2,30000.0,12355,2,2024,17645.0,58.82
ORD-3850,2024-03-01,Laptop,3,2000.0,15328,3,2024,-13328.0,-666.4
ORD-3851,2023-02-04,Shirt,3,2000.0,6258,2,2023,-4258.0,-212.9
ORD-3852,2023-10-29,Shirt,2,30000.0,8190,10,2023,21810.0,72.7
ORD-3853,2024-02-14,Shirt,2,50000.0,23479,2,2024,26521.0,53.04
ORD-3854,2024-05-13,Laptop,1,30000.0,21827,5,2024,8173.0,27.24
ORD-3855,2023-03-10,Mobile,1,30000.0,11747,3,2023,18253.0,60.84
ORD-3856,2023-12-15,Mobile,2,50000.0,31917,12,2023,18083.0,36.17
ORD-3857,2023-11-16,Mobile,3,2000.0,31377,11,2023,-29377.0,-1468.85
ORD-3858,2024-02-25,Shoes,2,50000.0,34148,2,2024,15852.0,31.7
ORD-3859,2024-04-12,Laptop,3,50000.0,24557,4,2024,25443.0,50.89
ORD-3860,2023-02-18,Mobile,1,50000.0,35405,2,2023,14595.0,29.19
ORD-3861,2024-02-09,Mobile,1,50000.0,13479,2,2024,36521.0,73.04
ORD-3862,2023-03-15,Mobile,1,2000.0,24927,3,2023,-22927.0,-1146.35
ORD-3863,2023-07-11,Laptop,2,30000.0,34292,7,2023,-4292.0,-14.31
ORD-3865,2023-12-22,Mobile,2,2000.0,2093,12,2023,-93.0,-4.65
ORD-3866,2023-03-11,Laptop,2,50000.0,32008,3,2023,17992.0,35.98
ORD-3867,2023-03-31,Shoes,2,30000.0,1104,3,2023,28896.0,96.32
ORD-3868,2023-09-17,Shirt,2,30000.0,19123,9,2023,10877.0,36.26
ORD-3869,2023-05-06,Mobile,1,50000.0,27936,5,2023,22064.0,44.13
ORD-3870,2023-08-19,Shirt,3,2000.0,19060,8,2023,-17060.0,-853.0
ORD-3871,2023-10-22,Shoes,2,50000.0,25288,10,2023,24712.0,49.42
ORD-3872,2024-05-12,Shoes,3,30000.0,25411,5,2024,4589.0,15.3
ORD-3873,2024-02-23,Mobile,1,30000.0,38684,2,2024,-8684.0,-28.95
ORD-3874,2023-05-09,Laptop,3,2000.0,14336,5,2023,-12336.0,-616.8
ORD-3876,2023-11-09,Shirt,1,50000.0,12626,11,2023,37374.0,74.75
ORD-3878,2023-11-22,Shirt,3,30000.0,17850,11,2023,12150.0,40.5
ORD-3880,2023-07-01,Shoes,3,50000.0,21678,7,2023,28322.0,56.64
ORD-3881,2023-06-23,Mobile,2,50000.0,16905,6,2023,33095.0,66.19
ORD-3882,2023-11-12,Mobile,1,30000.0,2591,11,2023,27409.0,91.36
ORD-3883,2023-12-30,Shirt,2,2000.0,14522,12,2023,-12522.0,-626.1
ORD-3884,2023-07-07,Mobile,3,2000.0,17153,7,2023,-15153.0,-757.65
ORD-3885,2023-02-26,Shirt,1,30000.0,37840,2,2023,-7840.0,-26.13
ORD-3886,2023-01-31,Shirt,2,50000.0,4572,1,2023,45428.0,90.86
ORD-3887,2023-03-25,Laptop,2,2000.0,39746,3,2023,-37746.0,-1887.3
ORD-3889,2024-04-17,Shoes,3,30000.0,26497,4,2024,3503.0,11.68
ORD-3891,2023-08-01,Shoes,3,50000.0,2338,8,2023,47662.0,95.32
ORD-3892,2024-02-18,Mobile,3,2000.0,17151,2,2024,-15151.0,-757.55
ORD-3893,2024-02-12,Shirt,3,50000.0,27990,2,2024,22010.0,44.02
ORD-3895,2023-04-16,Mobile,3,50000.0,32035,4,2023,17965.0,35.93
ORD-3896,2024-02-18,Laptop,3,50000.0,27117,2,2024,22883.0,45.77
ORD-3897,2023-12-08,Laptop,1,30000.0,3498,12,2023,26502.0,88.34
ORD-3898,2023-08-08,Shoes,1,30000.0,26483,8,2023,3517.0,11.72
ORD-3899,2024-01-26,Shoes,1,50000.0,6728,1,2024,43272.0,86.54
ORD-3900,2023-06-12,Shirt,2,30000.0,19877,6,2023,10123.0,33.74
ORD-3901,2024-03-14,Shoes,2,50000.0,27703,3,2024,22297.0,44.59
ORD-3903,2023-09-27,Laptop,1,30000.0,24179,9,2023,5821.0,19.4
ORD-3904,2023-04-30,Mobile,1,50000.0,23011,4,2023,26989.0,53.98
ORD-3905,2024-01-29,Laptop,1,30000.0,13839,1,2024,16161.0,53.87
ORD-3906,2023-12-02,Shirt,2,50000.0,24625,12,2023,25375.0,50.75
ORD-3907,2024-02-04,Shirt,2,30000.0,19481,2,2024,10519.0,35.06
ORD-3908,2023-07-01,Shoes,1,2000.0,32753,7,2023,-30753.0,-1537.65
ORD-3909,2024-04-23,Shoes,3,50000.0,20558,4,2024,29442.0,58.88
ORD-3910,2023-04-16,Shoes,1,2000.0,17771,4,2023,-15771.0,-788.55
ORD-3911,2023-08-05,Shirt,3,50000.0,32104,8,2023,17896.0,35.79
ORD-3912,2023-07-24,Laptop,2,2000.0,34066,7,2023,-32066.0,-1603.3
ORD-3913,2023-03-11,Shoes,2,50000.0,5061,3,2023,44939.0,89.88
ORD-3914,2023-02-13,Mobile,1,30000.0,34241,2,2023,-4241.0,-14.14
ORD-3915,2023-11-25,Shoes,2,2000.0,17161,11,2023,-15161.0,-758.05
ORD-3916,2023-10-28,Shirt,3,30000.0,6057,10,2023,23943.0,79.81
ORD-3917,2023-08-16,Shoes,1,50000.0,6289,8,2023,43711.0,87.42
ORD-3918,2023-07-03,Laptop,1,30000.0,3221,7,2023,26779.0,89.26
ORD-3919,2023-04-17,Shoes,3,50000.0,22635,4,2023,27365.0,54.73
ORD-3920,2023-03-25,Shirt,1,30000.0,20026,3,2023,9974.0,33.25
ORD-3921,2023-12-04,Shirt,1,2000.0,8075,12,2023,-6075.0,-303.75
ORD-3922,2023-09-07,Mobile,1,50000.0,23378,9,2023,26622.0,53.24
ORD-3923,2023-12-29,Shirt,2,30000.0,36084,12,2023,-6084.0,-20.28
ORD-3924,2024-03-16,Mobile,1,50000.0,14681,3,2024,35319.0,70.64
ORD-3925,2023-01-21,Laptop,2,50000.0,32584,1,2023,17416.0,34.83
ORD-3926,2023-07-15,Shirt,1,50000.0,32245,7,2023,17755.0,35.51
ORD-3928,2024-02-21,Laptop,2,50000.0,33249,2,2024,16751.0,33.5
ORD-3929,2024-04-19,Shoes,2,30000.0,32391,4,2024,-2391.0,-7.97
ORD-3931,2023-03-11,Shoes,1,30000.0,21002,3,2023,8998.0,29.99
ORD-3933,2024-02-03,Laptop,3,50000.0,4206,2,2024,45794.0,91.59
ORD-3934,2024-04-10,Shirt,3,2000.0,13930,4,2024,-11930.0,-596.5
ORD-3935,2023-06-09,Shoes,2,2000.0,11320,6,2023,-9320.0,-466.0
ORD-3936,2023-09-05,Mobile,1,50000.0,29014,9,2023,20986.0,41.97
ORD-3938,2023-05-28,Laptop,1,30000.0,32817,5,2023,-2817.0,-9.39
ORD-3939,2024-04-16,Mobile,1,2000.0,39126,4,2024,-37126.0,-1856.3
ORD-3940,2023-05-23,Laptop,3,50000.0,27752,5,2023,22248.0,44.5
ORD-3941,2024-03-07,Mobile,2,50000.0,5507,3,2024,44493.0,88.99
ORD-3943,2024-02-09,Mobile,1,2000.0,37276,2,2024,-35276.0,-1763.8
ORD-3944,2024-03-01,Shirt,2,50000.0,24689,3,2024,25311.0,50.62
ORD-3945,2023-06-03,Laptop,3,2000.0,16238,6,2023,-14238.0,-711.9
ORD-3946,2024-05-06,Mobile,1,30000.0,25807,5,2024,4193.0,13.98
ORD-3947,2024-01-11,Shoes,1,50000.0,9921,1,2024,40079.0,80.16
ORD-3948,2024-01-19,Shoes,2,50000.0,12204,1,2024,37796.0,75.59
ORD-3949,2023-05-22,Laptop,1,30000.0,39284,5,2023,-9284.0,-30.95
ORD-3950,2023-11-09,Mobile,2,50000.0,39567,11,2023,10433.0,20.87
ORD-3952,2023-11-10,Shirt,2,30000.0,25893,11,2023,4107.0,13.69
ORD-3954,2023-03-23,Mobile,2,30000.0,32241,3,2023,-2241.0,-7.47
ORD-3955,2023-03-10,Shoes,3,30000.0,25297,3,2023,4703.0,15.68
ORD-3957,2023-03-28,Shirt,1,30000.0,1715,3,2023,28285.0,94.28
ORD-3958,2023-08-06,Shirt,2,2000.0,10533,8,2023,-8533.0,-426.65
ORD-3960,2024-04-16,Laptop,2,30000.0,14421,4,2024,15579.0,51.93
ORD-3962,2024-02-07,Mobile,3,30000.0,15066,2,2024,14934.0,49.78
ORD-3963,2024-01-06,Shoes,1,30000.0,22576,1,2024,7424.0,24.75
ORD-3964,2023-12-11,Laptop,2,2000.0,17585,12,2023,-15585.0,-779.25
ORD-3965,2023-12-07,Shirt,1,2000.0,3140,12,2023,-1140.0,-57.0
ORD-3966,2024-01-19,Shoes,1,2000.0,37439,1,2024,-35439.0,-1771.95
ORD-3967,2024-01-31,Mobile,1,30000.0,8370,1,2024,21630.0,72.1
ORD-3968,2024-03-20,Laptop,2,2000.0,30516,3,2024,-28516.0,-1425.8
ORD-3970,2023-06-10,Shirt,1,30000.0,19328,6,2023,10672.0,35.57
ORD-3972,2023-04-27,Shirt,2,2000.0,4383,4,2023,-2383.0,-119.15
ORD-3973,2023-07-15,Shirt,3,30000.0,28432,7,2023,1568.0,5.23
ORD-3975,2024-05-04,Shoes,1,50000.0,32899,5,2024,17101.0,34.2
ORD-3977,2023-03-27,Shoes,1,30000.0,9823,3,2023,20177.0,67.26
ORD-3978,2023-10-16,Shoes,2,50000.0,28432,10,2023,21568.0,43.14
ORD-3979,2023-03-22,Shoes,1,2000.0,34089,3,2023,-32089.0,-1604.45
ORD-3980,2023-06-01,Shirt,1,2000.0,22053,6,2023,-20053.0,-1002.65
ORD-3982,2023-03-02,Shirt,2,2000.0,25305,3,2023,-23305.0,-1165.25
ORD-3987,2023-06-18,Shirt,2,30000.0,24464,6,2023,5536.0,18.45
ORD-3988,2024-02-27,Laptop,3,30000.0,37911,2,2024,-7911.0,-26.37
ORD-3989,2023-03-27,Laptop,2,50000.0,7332,3,2023,42668.0,85.34
ORD-3990,2023-06-26,Shoes,1,50000.0,4176,6,2023,45824.0,91.65
ORD-3991,2023-01-17,Shoes,2,2000.0,3416,1,2023,-1416.0,-70.8
ORD-3992,2023-04-08,Mobile,1,30000.0,9651,4,2023,20349.0,67.83
ORD-3993,2024-03-29,Shoes,3,50000.0,11486,3,2024,38514.0,77.03
ORD-3994,2024-05-08,Shirt,3,30000.0,19695,5,2024,10305.0,34.35
ORD-3995,2023-07-17,Mobile,1,30000.0,2229,7,2023,27771.0,92.57
ORD-3996,2023-04-08,Mobile,2,2000.0,2530,4,2023,-530.0,-26.5
ORD-3997,2023-03-06,Mobile,3,2000.0,36565,3,2023,-34565.0,-1728.25
ORD-3999,2023-12-07,Shoes,2,30000.0,38270,12,2023,-8270.0,-27.57
ORD-4003,2023-04-22,Mobile,1,30000.0,21303,4,2023,8697.0,28.99
ORD-4004,2023-02-26,Mobile,1,30000.0,8317,2,2023,21683.0,72.28
ORD-4006,2023-11-26,Mobile,2,30000.0,19315,11,2023,10685.0,35.62
ORD-4008,2023-05-24,Mobile,2,50000.0,13693,5,2023,36307.0,72.61
ORD-4009,2024-01-03,Mobile,1,30000.0,17566,1,2024,12434.0,41.45
ORD-4010,2024-03-10,Shoes,1,2000.0,25811,3,2024,-23811.0,-1190.55
ORD-4011,2023-05-05,Mobile,2,2000.0,34405,5,2023,-32405.0,-1620.25
ORD-4013,2023-03-27,Shirt,1,50000.0,28366,3,2023,21634.0,43.27
ORD-4014,2023-03-17,Shirt,1,30000.0,36138,3,2023,-6138.0,-20.46
ORD-4016,2024-05-09,Mobile,2,50000.0,21816,5,2024,28184.0,56.37
ORD-4017,2024-02-28,Mobile,3,50000.0,21598,2,2024,28402.0,56.8
ORD-4018,2023-10-21,Shirt,3,30000.0,11652,10,2023,18348.0,61.16
ORD-4019,2024-03-19,Laptop,2,2000.0,17963,3,2024,-15963.0,-798.15
ORD-4020,2023-02-28,Laptop,1,2000.0,33223,2,2023,-31223.0,-1561.15
ORD-4021,2023-05-18,Laptop,2,50000.0,32024,5,2023,17976.0,35.95
ORD-4022,2023-04-09,Shirt,1,2000.0,4941,4,2023,-2941.0,-147.05
ORD-4023,2023-07-11,Shirt,1,50000.0,9387,7,2023,40613.0,81.23
ORD-4024,2023-08-31,Laptop,2,50000.0,9524,8,2023,40476.0,80.95
ORD-4025,2023-11-15,Laptop,3,50000.0,36859,11,2023,13141.0,26.28
ORD-4026,2023-02-18,Mobile,1,2000.0,38486,2,2023,-36486.0,-1824.3
ORD-4028,2023-02-01,Shirt,2,2000.0,27025,2,2023,-25025.0,-1251.25
ORD-4030,2023-10-04,Laptop,1,2000.0,14277,10,2023,-12277.0,-613.85
ORD-4031,2023-01-20,Shoes,2,30000.0,36190,1,2023,-6190.0,-20.63
ORD-4032,2023-06-03,Shirt,2,30000.0,8539,6,2023,21461.0,71.54
ORD-4033,2024-01-18,Shoes,1,2000.0,33853,1,2024,-31853.0,-1592.65
ORD-4034,2023-03-09,Mobile,1,30000.0,27811,3,2023,2189.0,7.3
ORD-4035,2024-01-01,Shoes,1,30000.0,27928,1,2024,2072.0,6.91
ORD-4036,2024-01-07,Laptop,3,30000.0,7909,1,2024,22091.0,73.64
ORD-4037,2023-08-02,Shirt,1,30000.0,29069,8,2023,931.0,3.1
ORD-4039,2024-01-11,Shoes,2,50000.0,9033,1,2024,40967.0,81.93
ORD-4041,2023-08-01,Mobile,1,50000.0,6066,8,2023,43934.0,87.87
ORD-4042,2023-03-20,Mobile,1,50000.0,12998,3,2023,37002.0,74.0
ORD-4043,2023-08-02,Laptop,1,2000.0,14764,8,2023,-12764.0,-638.2
ORD-4044,2023-04-26,Laptop,1,2000.0,35215,4,2023,-33215.0,-1660.75
ORD-4045,2023-04-02,Laptop,1,2000.0,16858,4,2023,-14858.0,-742.9
ORD-4046,2023-09-27,Shoes,2,2000.0,39468,9,2023,-37468.0,-1873.4
ORD-4047,2024-02-15,Shoes,1,2000.0,37111,2,2024,-35111.0,-1755.55
ORD-4050,2023-06-17,Shoes,3,30000.0,4665,6,2023,25335.0,84.45
ORD-4053,2023-01-26,Mobile,3,2000.0,9840,1,2023,-7840.0,-392.0
ORD-4054,2024-01-04,Mobile,2,30000.0,13062,1,2024,16938.0,56.46
ORD-4057,2024-02-13,Mobile,1,30000.0,23313,2,2024,6687.0,22.29
ORD-4058,2023-09-05,Shirt,1,50000.0,28087,9,2023,21913.0,43.83
ORD-4059,2023-09-11,Shirt,3,2000.0,19205,9,2023,-17205.0,-860.25
ORD-4062,2023-02-13,Mobile,3,30000.0,38427,2,2023,-8427.0,-28.09
ORD-4064,2023-02-11,Laptop,2,2000.0,4749,2,2023,-2749.0,-137.45
ORD-4066,2023-08-15,Shoes,2,50000.0,26592,8,2023,23408.0,46.82
ORD-4067,2023-09-19,Mobile,2,2000.0,19451,9,2023,-17451.0,-872.55
ORD-4068,2023-06-16,Mobile,2,50000.0,29258,6,2023,20742.0,41.48
ORD-4069,2024-03-11,Mobile,1,30000.0,36302,3,2024,-6302.0,-21.01
ORD-4070,2023-10-06,Mobile,3,2000.0,33856,10,2023,-31856.0,-1592.8
ORD-4072,2024-01-14,Laptop,2,2000.0,7577,1,2024,-5577.0,-278.85
ORD-4073,2023-06-27,Shirt,1,2000.0,20694,6,2023,-18694.0,-934.7
ORD-4074,2024-03-02,Shirt,2,2000.0,9263,3,2024,-7263.0,-363.15
ORD-4075,2024-02-07,Laptop,1,50000.0,18205,2,2024,31795.0,63.59
ORD-4076,2023-07-16,Shoes,1,30000.0,9072,7,2023,20928.0,69.76
ORD-4077,2023-11-03,Shirt,1,2000.0,6691,11,2023,-4691.0,-234.55
ORD-4079,2023-09-25,Shoes,1,2000.0,2953,9,2023,-953.0,-47.65
ORD-4080,2023-03-15,Shirt,2,2000.0,5963,3,2023,-3963.0,-198.15
ORD-4081,2023-01-08,Mobile,1,30000.0,39754,1,2023,-9754.0,-32.51
ORD-4084,2023-10-24,Mobile,2,50000.0,38759,10,2023,11241.0,22.48
ORD-4088,2023-03-13,Shirt,3,2000.0,34640,3,2023,-32640.0,-1632.0
ORD-4089,2023-02-24,Shoes,1,50000.0,8954,2,2023,41046.0,82.09
ORD-4093,2024-03-07,Shirt,1,2000.0,30984,3,2024,-28984.0,-1449.2
ORD-4094,2023-08-26,Mobile,1,2000.0,6560,8,2023,-4560.0,-228.0
ORD-4095,2023-04-14,Shirt,2,50000.0,16389,4,2023,33611.0,67.22
ORD-4096,2023-07-29,Shoes,3,30000.0,25265,7,2023,4735.0,15.78
ORD-4097,2023-02-11,Mobile,1,50000.0,8715,2,2023,41285.0,82.57
ORD-4098,2023-11-12,Laptop,1,2000.0,20068,11,2023,-18068.0,-903.4
ORD-4101,2023-09-25,Shoes,3,50000.0,29629,9,2023,20371.0,40.74
ORD-4103,2023-09-20,Shoes,3,2000.0,39885,9,2023,-37885.0,-1894.25
ORD-4104,2023-12-02,Shoes,1,50000.0,18390,12,2023,31610.0,63.22
ORD-4105,2024-01-22,Mobile,1,30000.0,25513,1,2024,4487.0,14.96
ORD-4106,2023-12-31,Laptop,3,2000.0,21694,12,2023,-19694.0,-984.7
ORD-4107,2023-09-16,Laptop,1,2000.0,15884,9,2023,-13884.0,-694.2
ORD-4109,2023-04-24,Shoes,2,2000.0,27207,4,2023,-25207.0,-1260.35
ORD-4110,2023-12-29,Laptop,2,2000.0,6556,12,2023,-4556.0,-227.8
ORD-4111,2023-02-09,Laptop,3,30000.0,21491,2,2023,8509.0,28.36
ORD-4113,2024-02-21,Laptop,2,2000.0,33225,2,2024,-31225.0,-1561.25
ORD-4115,2023-05-09,Mobile,1,2000.0,6399,5,2023,-4399.0,-219.95
ORD-4116,2023-01-08,Laptop,3,30000.0,14648,1,2023,15352.0,51.17
ORD-4119,2024-01-15,Shirt,1,30000.0,31919,1,2024,-1919.0,-6.4
ORD-4120,2023-06-25,Mobile,3,50000.0,29147,6,2023,20853.0,41.71
ORD-4121,2023-04-17,Laptop,1,2000.0,20295,4,2023,-18295.0,-914.75
ORD-4122,2023-04-11,Laptop,3,2000.0,7897,4,2023,-5897.0,-294.85
ORD-4123,2023-09-17,Laptop,1,50000.0,12276,9,2023,37724.0,75.45
ORD-4126,2024-01-01,Shoes,1,30000.0,18157,1,2024,11843.0,39.48
ORD-4127,2023-09-03,Shirt,3,30000.0,3144,9,2023,26856.0,89.52
ORD-4128,2023-10-02,Shirt,1,30000.0,15406,10,2023,14594.0,48.65
ORD-4129,2023-02-01,Laptop,2,50000.0,27414,2,2023,22586.0,45.17
ORD-4130,2023-05-17,Mobile,2,50000.0,39748,5,2023,10252.0,20.5
ORD-4132,2024-01-30,Laptop,2,30000.0,12513,1,2024,17487.0,58.29
ORD-4134,2024-01-10,Shoes,1,50000.0,23672,1,2024,26328.0,52.66
ORD-4135,2023-01-16,Shirt,1,2000.0,13631,1,2023,-11631.0,-581.55
ORD-4137,2023-03-04,Shirt,2,50000.0,33291,3,2023,16709.0,33.42
ORD-4138,2023-04-19,Shoes,1,30000.0,22817,4,2023,7183.0,23.94
ORD-4139,2024-01-10,Laptop,1,2000.0,12432,1,2024,-10432.0,-521.6
ORD-4140,2023-01-21,Laptop,1,2000.0,19951,1,2023,-17951.0,-897.55
ORD-4141,2023-06-07,Shirt,3,2000.0,9130,6,2023,-7130.0,-356.5
ORD-4142,2023-09-26,Shirt,1,30000.0,24136,9,2023,5864.0,19.55
ORD-4143,2023-06-11,Shoes,1,2000.0,3559,6,2023,-1559.0,-77.95
ORD-4144,2023-09-17,Mobile,1,50000.0,15744,9,2023,34256.0,68.51
ORD-4146,2023-04-12,Shirt,3,2000.0,22021,4,2023,-20021.0,-1001.05
ORD-4147,2023-08-11,Shoes,1,2000.0,17996,8,2023,-15996.0,-799.8
ORD-4148,2023-02-28,Shirt,1,50000.0,14187,2,2023,35813.0,71.63
ORD-4149,2023-09-04,Mobile,1,30000.0,36902,9,2023,-6902.0,-23.01
ORD-4150,2023-05-08,Shirt,1,2000.0,19006,5,2023,-17006.0,-850.3
ORD-4151,2023-10-10,Mobile,1,50000.0,17375,10,2023,32625.0,65.25
ORD-4152,2023-11-21,Mobile,1,50000.0,31158,11,2023,18842.0,37.68
ORD-4153,2023-01-25,Mobile,1,30000.0,4069,1,2023,25931.0,86.44
ORD-4154,2023-05-11,Laptop,1,30000.0,7486,5,2023,22514.0,75.05
ORD-4156,2023-07-15,Shirt,1,2000.0,36428,7,2023,-34428.0,-1721.4
ORD-4158,2024-02-08,Laptop,3,50000.0,26618,2,2024,23382.0,46.76
ORD-4159,2024-02-22,Shirt,1,2000.0,38220,2,2024,-36220.0,-1811.0
ORD-4160,2023-06-03,Shirt,1,50000.0,12869,6,2023,37131.0,74.26
ORD-4161,2024-01-17,Shirt,2,50000.0,5176,1,2024,44824.0,89.65
ORD-4162,2023-05-13,Shirt,3,50000.0,37454,5,2023,12546.0,25.09
ORD-4163,2023-08-15,Shirt,1,30000.0,27480,8,2023,2520.0,8.4
ORD-4164,2023-07-08,Shoes,3,30000.0,32500,7,2023,-2500.0,-8.33
ORD-4165,2024-04-20,Mobile,1,2000.0,6237,4,2024,-4237.0,-211.85
ORD-4166,2024-04-21,Shirt,1,50000.0,27453,4,2024,22547.0,45.09
ORD-4167,2023-09-22,Shoes,3,50000.0,1790,9,2023,48210.0,96.42
ORD-4168,2024-01-07,Mobile,3,2000.0,15754,1,2024,-13754.0,-687.7
ORD-4170,2024-03-09,Shirt,2,50000.0,17609,3,2024,32391.0,64.78
ORD-4171,2023-05-14,Shoes,3,30000.0,28981,5,2023,1019.0,3.4
ORD-4178,2024-03-06,Shirt,2,2000.0,21746,3,2024,-19746.0,-987.3
ORD-4179,2023-12-30,Shirt,2,2000.0,32404,12,2023,-30404.0,-1520.2
ORD-4181,2024-04-01,Laptop,3,30000.0,21693,4,2024,8307.0,27.69
ORD-4182,2023-08-01,Laptop,2,2000.0,34014,8,2023,-32014.0,-1600.7
ORD-4183,2023-08-04,Shoes,1,2000.0,23121,8,2023,-21121.0,-1056.05
ORD-4185,2024-04-14,Shirt,1,30000.0,12637,4,2024,17363.0,57.88
ORD-4187,2023-03-17,Laptop,2,30000.0,31410,3,2023,-1410.0,-4.7
ORD-4188,2024-04-20,Shirt,3,30000.0,6160,4,2024,23840.0,79.47
ORD-4189,2023-10-13,Mobile,1,50000.0,35139,10,2023,14861.0,29.72
ORD-4190,2024-04-18,Laptop,2,2000.0,8728,4,2024,-6728.0,-336.4
ORD-4192,2023-10-04,Shoes,1,2000.0,27764,10,2023,-25764.0,-1288.2
ORD-4193,2023-06-05,Laptop,2,2000.0,19464,6,2023,-17464.0,-873.2
ORD-4194,2023-09-05,Mobile,1,30000.0,32943,9,2023,-2943.0,-9.81
ORD-4195,2023-08-06,Mobile,3,2000.0,31838,8,2023,-29838.0,-1491.9
ORD-4196,2023-07-09,Shoes,1,50000.0,6919,7,2023,43081.0,86.16
ORD-4198,2024-04-13,Laptop,1,2000.0,8797,4,2024,-6797.0,-339.85
ORD-4200,2023-06-29,Mobile,1,2000.0,24736,6,2023,-22736.0,-1136.8
ORD-4204,2024-03-06,Shoes,1,2000.0,39102,3,2024,-37102.0,-1855.1
ORD-4205,2023-12-04,Mobile,2,50000.0,2153,12,2023,47847.0,95.69
ORD-4207,2023-03-16,Shoes,1,30000.0,13021,3,2023,16979.0,56.6
ORD-4208,2024-03-16,Laptop,1,30000.0,28258,3,2024,1742.0,5.81
ORD-4209,2023-10-06,Laptop,1,30000.0,36847,10,2023,-6847.0,-22.82
ORD-4210,2023-06-25,Shirt,3,50000.0,20359,6,2023,29641.0,59.28
ORD-4212,2023-05-30,Mobile,1,50000.0,13914,5,2023,36086.0,72.17
ORD-4214,2023-11-21,Shirt,1,50000.0,34748,11,2023,15252.0,30.5
ORD-4216,2023-05-19,Shoes,3,30000.0,3384,5,2023,26616.0,88.72
ORD-4218,2023-09-28,Laptop,1,50000.0,35134,9,2023,14866.0,29.73
ORD-4220,2024-02-23,Mobile,2,2000.0,18646,2,2024,-16646.0,-832.3
ORD-4222,2023-07-31,Mobile,1,30000.0,9495,7,2023,20505.0,68.35
ORD-4224,2023-09-29,Laptop,2,2000.0,19700,9,2023,-17700.0,-885.0
ORD-4225,2024-02-22,Shirt,1,2000.0,16018,2,2024,-14018.0,-700.9
ORD-4226,2023-03-07,Mobile,1,2000.0,31428,3,2023,-29428.0,-1471.4
ORD-4227,2024-04-27,Shoes,2,50000.0,30071,4,2024,19929.0,39.86
ORD-4228,2024-02-28,Mobile,3,2000.0,32322,2,2024,-30322.0,-1516.1
ORD-4229,2023-09-05,Shoes,1,50000.0,8114,9,2023,41886.0,83.77
ORD-4230,2023-06-05,Shoes,1,2000.0,7574,6,2023,-5574.0,-278.7
ORD-4231,2023-02-16,Shirt,2,50000.0,25996,2,2023,24004.0,48.01
ORD-4232,2024-02-27,Shoes,1,2000.0,27754,2,2024,-25754.0,-1287.7
ORD-4233,2024-03-29,Mobile,1,2000.0,39297,3,2024,-37297.0,-1864.85
ORD-4235,2023-05-28,Shirt,1,2000.0,18550,5,2023,-16550.0,-827.5
ORD-4237,2023-01-01,Mobile,3,2000.0,39099,1,2023,-37099.0,-1854.95
ORD-4238,2024-03-31,Mobile,1,2000.0,22413,3,2024,-20413.0,-1020.65
ORD-4241,2023-05-08,Shirt,3,50000.0,22123,5,2023,27877.0,55.75
ORD-4242,2023-07-10,Shirt,3,30000.0,34095,7,2023,-4095.0,-13.65
ORD-4244,2023-01-04,Laptop,3,50000.0,22622,1,2023,27378.0,54.76
ORD-4245,2024-03-17,Shoes,1,2000.0,11285,3,2024,-9285.0,-464.25
ORD-4248,2023-10-21,Laptop,3,2000.0,4122,10,2023,-2122.0,-106.1
ORD-4249,2023-05-23,Laptop,1,2000.0,5876,5,2023,-3876.0,-193.8
ORD-4250,2023-07-10,Shirt,1,2000.0,20112,7,2023,-18112.0,-905.6
ORD-4251,2023-01-21,Mobile,3,2000.0,10124,1,2023,-8124.0,-406.2
ORD-4252,2023-08-15,Mobile,1,30000.0,2823,8,2023,27177.0,90.59
ORD-4254,2023-04-27,Shirt,2,2000.0,11387,4,2023,-9387.0,-469.35
ORD-4255,2024-03-12,Mobile,1,2000.0,38163,3,2024,-36163.0,-1808.15
ORD-4256,2023-10-29,Shirt,1,30000.0,39819,10,2023,-9819.0,-32.73
ORD-4258,2023-05-22,Laptop,2,50000.0,19980,5,2023,30020.0,60.04
ORD-4260,2024-04-04,Shoes,2,50000.0,8121,4,2024,41879.0,83.76
ORD-4261,2024-02-05,Shirt,2,30000.0,3430,2,2024,26570.0,88.57
ORD-4262,2023-02-08,Mobile,1,2000.0,8954,2,2023,-6954.0,-347.7
ORD-4263,2024-01-28,Shoes,3,30000.0,12881,1,2024,17119.0,57.06
ORD-4265,2023-09-09,Laptop,1,2000.0,18640,9,2023,-16640.0,-832.0
ORD-4267,2023-07-26,Shirt,1,50000.0,27259,7,2023,22741.0,45.48
ORD-4269,2023-04-25,Mobile,1,30000.0,3978,4,2023,26022.0,86.74
ORD-4270,2023-08-13,Laptop,3,30000.0,5332,8,2023,24668.0,82.23
ORD-4271,2023-05-14,Mobile,2,30000.0,21037,5,2023,8963.0,29.88
ORD-4272,2023-09-08,Mobile,3,2000.0,36781,9,2023,-34781.0,-1739.05
ORD-4274,2024-02-11,Mobile,1,2000.0,24484,2,2024,-22484.0,-1124.2
ORD-4276,2023-04-01,Shirt,1,50000.0,19148,4,2023,30852.0,61.7
ORD-4281,2023-05-22,Mobile,2,50000.0,31677,5,2023,18323.0,36.65
ORD-4282,2023-04-10,Shoes,3,2000.0,30101,4,2023,-28101.0,-1405.05
ORD-4283,2023-11-24,Mobile,2,30000.0,8053,11,2023,21947.0,73.16
ORD-4285,2023-02-04,Shirt,1,30000.0,11281,2,2023,18719.0,62.4
ORD-4286,2023-05-27,Mobile,2,30000.0,19122,5,2023,10878.0,36.26
ORD-4287,2023-01-30,Laptop,2,30000.0,3533,1,2023,26467.0,88.22
ORD-4288,2023-11-30,Mobile,2,30000.0,11756,11,2023,18244.0,60.81
ORD-4290,2024-01-04,Shoes,1,30000.0,19802,1,2024,10198.0,33.99
ORD-4292,2024-02-28,Shoes,3,50000.0,28322,2,2024,21678.0,43.36
ORD-4293,2023-12-10,Shirt,1,2000.0,18048,12,2023,-16048.0,-802.4
ORD-4294,2023-09-27,Mobile,3,2000.0,10876,9,2023,-8876.0,-443.8
ORD-4297,2023-08-03,Mobile,1,2000.0,6166,8,2023,-4166.0,-208.3
ORD-4298,2023-05-30,Laptop,2,30000.0,11366,5,2023,18634.0,62.11
ORD-4300,2023-03-24,Laptop,3,30000.0,13983,3,2023,16017.0,53.39
ORD-4303,2024-01-22,Laptop,3,50000.0,28778,1,2024,21222.0,42.44
ORD-4304,2024-03-01,Laptop,1,50000.0,12390,3,2024,37610.0,75.22
ORD-4305,2023-10-02,Shirt,3,2000.0,21924,10,2023,-19924.0,-996.2
ORD-4306,2023-07-20,Laptop,1,50000.0,1707,7,2023,48293.0,96.59
ORD-4307,2023-10-11,Mobile,3,50000.0,26048,10,2023,23952.0,47.9
ORD-4308,2024-04-12,Laptop,2,2000.0,33815,4,2024,-31815.0,-1590.75
ORD-4309,2023-06-22,Mobile,3,30000.0,35682,6,2023,-5682.0,-18.94
ORD-4310,2023-11-23,Laptop,3,50000.0,18489,11,2023,31511.0,63.02
ORD-4311,2023-07-25,Shirt,1,30000.0,17951,7,2023,12049.0,40.16
ORD-4312,2023-03-04,Shoes,1,2000.0,12452,3,2023,-10452.0,-522.6
ORD-4314,2023-09-08,Laptop,1,30000.0,33747,9,2023,-3747.0,-12.49
ORD-4315,2023-05-04,Shirt,3,2000.0,34796,5,2023,-32796.0,-1639.8
ORD-4316,2024-01-10,Laptop,1,30000.0,28933,1,2024,1067.0,3.56
ORD-4317,2023-05-01,Mobile,1,2000.0,35581,5,2023,-33581.0,-1679.05
ORD-4318,2023-10-02,Laptop,1,2000.0,39281,10,2023,-37281.0,-1864.05
ORD-4320,2024-05-14,Shoes,2,30000.0,23953,5,2024,6047.0,20.16
ORD-4323,2024-02-26,Shirt,2,30000.0,7278,2,2024,22722.0,75.74
ORD-4324,2024-03-12,Shoes,2,30000.0,19036,3,2024,10964.0,36.55
ORD-4325,2023-11-13,Laptop,3,2000.0,25583,11,2023,-23583.0,-1179.15
ORD-4326,2023-06-13,Shoes,1,30000.0,5708,6,2023,24292.0,80.97
ORD-4327,2024-02-28,Laptop,3,2000.0,10476,2,2024,-8476.0,-423.8
ORD-4328,2024-04-09,Shoes,2,2000.0,6318,4,2024,-4318.0,-215.9
ORD-4329,2023-10-13,Shoes,2,2000.0,30269,10,2023,-28269.0,-1413.45
ORD-4330,2023-09-22,Mobile,1,2000.0,39627,9,2023,-37627.0,-1881.35
ORD-4331,2023-11-16,Laptop,1,2000.0,25754,11,2023,-23754.0,-1187.7
ORD-4332,2023-06-10,Laptop,1,2000.0,20979,6,2023,-18979.0,-948.95
ORD-4333,2024-01-11,Laptop,2,30000.0,5910,1,2024,24090.0,80.3
ORD-4334,2023-11-04,Laptop,2,30000.0,37022,11,2023,-7022.0,-23.41
ORD-4335,2023-03-30,Shoes,3,50000.0,5453,3,2023,44547.0,89.09
ORD-4336,2023-05-22,Mobile,1,30000.0,22181,5,2023,7819.0,26.06
ORD-4338,2023-11-05,Shirt,3,50000.0,27326,11,2023,22674.0,45.35
ORD-4339,2023-08-15,Laptop,1,30000.0,5177,8,2023,24823.0,82.74
ORD-4341,2024-03-18,Shoes,2,30000.0,33952,3,2024,-3952.0,-13.17
ORD-4342,2023-11-30,Shirt,3,2000.0,36901,11,2023,-34901.0,-1745.05
ORD-4343,2023-08-10,Laptop,3,50000.0,5978,8,2023,44022.0,88.04
ORD-4344,2023-02-10,Mobile,1,2000.0,14773,2,2023,-12773.0,-638.65
ORD-4345,2023-07-15,Mobile,1,50000.0,7174,7,2023,42826.0,85.65
ORD-4346,2023-03-09,Laptop,1,50000.0,22796,3,2023,27204.0,54.41
ORD-4347,2024-04-20,Shoes,1,2000.0,12877,4,2024,-10877.0,-543.85
ORD-4348,2023-09-21,Laptop,3,50000.0,18722,9,2023,31278.0,62.56
ORD-4349,2023-01-02,Shoes,1,50000.0,23555,1,2023,26445.0,52.89
ORD-4350,2023-12-27,Mobile,2,30000.0,14562,12,2023,15438.0,51.46
ORD-4352,2023-04-20,Laptop,3,2000.0,26258,4,2023,-24258.0,-1212.9
ORD-4353,2023-03-27,Laptop,3,30000.0,12706,3,2023,17294.0,57.65
ORD-4354,2024-02-29,Laptop,2,30000.0,29943,2,2024,57.0,0.19
ORD-4355,2023-04-30,Shoes,3,2000.0,23315,4,2023,-21315.0,-1065.75
ORD-4356,2023-05-07,Shoes,1,50000.0,11352,5,2023,38648.0,77.3
ORD-4357,2023-09-12,Shoes,2,2000.0,35497,9,2023,-33497.0,-1674.85
ORD-4360,2024-04-21,Shirt,1,2000.0,28228,4,2024,-26228.0,-1311.4
ORD-4361,2023-03-03,Laptop,1,30000.0,9882,3,2023,20118.0,67.06
ORD-4362,2024-01-04,Mobile,1,2000.0,17268,1,2024,-15268.0,-763.4
ORD-4364,2023-06-07,Laptop,1,2000.0,25463,6,2023,-23463.0,-1173.15
ORD-4365,2023-09-25,Mobile,1,50000.0,12253,9,2023,37747.0,75.49
ORD-4366,2023-02-04,Laptop,2,2000.0,21404,2,2023,-19404.0,-970.2
ORD-4367,2023-09-24,Mobile,1,30000.0,10827,9,2023,19173.0,63.91
ORD-4368,2023-03-05,Mobile,2,50000.0,11938,3,2023,38062.0,76.12
ORD-4370,2023-02-19,Laptop,3,2000.0,26154,2,2023,-24154.0,-1207.7
ORD-4371,2024-04-13,Shoes,2,30000.0,8240,4,2024,21760.0,72.53
ORD-4372,2023-09-12,Shirt,2,30000.0,2585,9,2023,27415.0,91.38
ORD-4374,2023-11-21,Shoes,2,2000.0,6427,11,2023,-4427.0,-221.35
ORD-4375,2023-10-31,Mobile,1,30000.0,27747,10,2023,2253.0,7.51
ORD-4376,2023-10-03,Shoes,1,50000.0,24196,10,2023,25804.0,51.61
ORD-4377,2023-12-23,Laptop,3,2000.0,16620,12,2023,-14620.0,-731.0
ORD-4379,2023-06-21,Mobile,3,50000.0,32070,6,2023,17930.0,35.86
ORD-4380,2024-02-21,Shoes,3,2000.0,13199,2,2024,-11199.0,-559.95
ORD-4381,2023-07-20,Mobile,1,30000.0,13776,7,2023,16224.0,54.08
ORD-4384,2023-11-20,Shoes,3,2000.0,15843,11,2023,-13843.0,-692.15
ORD-4386,2024-04-09,Laptop,2,50000.0,22224,4,2024,27776.0,55.55
ORD-4387,2024-04-26,Mobile,1,2000.0,28321,4,2024,-26321.0,-1316.05
ORD-4388,2023-08-04,Shoes,1,50000.0,8636,8,2023,41364.0,82.73
ORD-4392,2023-10-28,Shoes,2,50000.0,35939,10,2023,14061.0,28.12
ORD-4394,2024-03-06,Shirt,3,2000.0,14801,3,2024,-12801.0,-640.05
ORD-4395,2024-02-28,Mobile,1,30000.0,31398,2,2024,-1398.0,-4.66
ORD-4396,2023-11-28,Shirt,1,2000.0,5747,11,2023,-3747.0,-187.35
ORD-4397,2024-03-13,Shirt,1,30000.0,38160,3,2024,-8160.0,-27.2
ORD-4399,2023-06-23,Mobile,2,2000.0,3834,6,2023,-1834.0,-91.7
ORD-4400,2023-02-16,Laptop,3,50000.0,27230,2,2023,22770.0,45.54
ORD-4401,2023-01-15,Mobile,1,30000.0,8116,1,2023,21884.0,72.95
ORD-4402,2023-12-27,Shirt,3,50000.0,3928,12,2023,46072.0,92.14
ORD-4403,2023-05-27,Shirt,2,30000.0,29179,5,2023,821.0,2.74
ORD-4405,2023-11-04,Mobile,1,2000.0,35440,11,2023,-33440.0,-1672.0
ORD-4406,2023-04-03,Shirt,1,30000.0,9190,4,2023,20810.0,69.37
ORD-4407,2024-02-10,Shoes,3,2000.0,24828,2,2024,-22828.0,-1141.4
ORD-4408,2023-08-20,Shoes,1,30000.0,5350,8,2023,24650.0,82.17
ORD-4409,2023-01-21,Laptop,1,30000.0,35055,1,2023,-5055.0,-16.85
ORD-4411,2023-02-07,Laptop,2,30000.0,29700,2,2023,300.0,1.0
ORD-4412,2023-10-03,Shirt,2,50000.0,7610,10,2023,42390.0,84.78
ORD-4413,2023-06-06,Laptop,1,30000.0,30420,6,2023,-420.0,-1.4
ORD-4414,2023-06-28,Laptop,1,30000.0,26177,6,2023,3823.0,12.74
ORD-4415,2023-05-12,Mobile,3,30000.0,28850,5,2023,1150.0,3.83
ORD-4417,2024-03-30,Mobile,1,2000.0,28147,3,2024,-26147.0,-1307.35
ORD-4418,2023-12-14,Shoes,1,2000.0,36502,12,2023,-34502.0,-1725.1
ORD-4420,2023-09-17,Shoes,1,50000.0,2066,9,2023,47934.0,95.87
ORD-4421,2024-02-10,Shirt,3,50000.0,5970,2,2024,44030.0,88.06
ORD-4423,2024-03-04,Shirt,3,2000.0,30235,3,2024,-28235.0,-1411.75
ORD-4424,2023-03-08,Laptop,3,50000.0,5114,3,2023,44886.0,89.77
ORD-4426,2024-05-06,Shirt,1,2000.0,39906,5,2024,-37906.0,-1895.3
ORD-4427,2023-07-13,Shoes,1,50000.0,29890,7,2023,20110.0,40.22
ORD-4428,2024-04-16,Shoes,1,50000.0,22245,4,2024,27755.0,55.51
ORD-4430,2023-12-13,Mobile,3,2000.0,37183,12,2023,-35183.0,-1759.15
ORD-4431,2024-03-14,Mobile,3,50000.0,13595,3,2024,36405.0,72.81
ORD-4433,2023-09-14,Shirt,1,50000.0,26143,9,2023,23857.0,47.71
ORD-4434,2023-03-13,Laptop,3,2000.0,7164,3,2023,-5164.0,-258.2
ORD-4435,2023-03-28,Laptop,3,30000.0,33640,3,2023,-3640.0,-12.13
ORD-4436,2024-02-26,Shirt,2,50000.0,8787,2,2024,41213.0,82.43
ORD-4437,2023-09-19,Mobile,1,2000.0,16924,9,2023,-14924.0,-746.2
ORD-4438,2023-08-02,Shirt,1,50000.0,21449,8,2023,28551.0,57.1
ORD-4439,2023-06-02,Laptop,1,30000.0,1081,6,2023,28919.0,96.4
ORD-4440,2023-07-29,Mobile,3,30000.0,4005,7,2023,25995.0,86.65
ORD-4441,2024-02-05,Mobile,1,50000.0,9408,2,2024,40592.0,81.18
ORD-4443,2023-09-25,Shirt,1,50000.0,12103,9,2023,37897.0,75.79
ORD-4444,2023-09-19,Shoes,1,2000.0,26169,9,2023,-24169.0,-1208.45
ORD-4446,2023-10-10,Shirt,2,2000.0,24452,10,2023,-22452.0,-1122.6
ORD-4447,2023-05-16,Laptop,3,2000.0,27254,5,2023,-25254.0,-1262.7
ORD-4449,2024-01-15,Laptop,1,30000.0,5648,1,2024,24352.0,81.17
ORD-4450,2023-12-28,Shirt,3,2000.0,10674,12,2023,-8674.0,-433.7
ORD-4451,2024-03-24,Shoes,2,50000.0,18166,3,2024,31834.0,63.67
ORD-4452,2024-03-16,Shoes,1,30000.0,27710,3,2024,2290.0,7.63
ORD-4453,2023-04-03,Shoes,2,30000.0,20970,4,2023,9030.0,30.1
ORD-4455,2023-08-29,Mobile,3,50000.0,30184,8,2023,19816.0,39.63
ORD-4456,2023-12-21,Laptop,3,50000.0,26559,12,2023,23441.0,46.88
ORD-4457,2024-02-28,Shoes,1,30000.0,16344,2,2024,13656.0,45.52
ORD-4458,2023-05-22,Shirt,2,2000.0,39365,5,2023,-37365.0,-1868.25
ORD-4459,2023-10-18,Mobile,3,2000.0,32217,10,2023,-30217.0,-1510.85
ORD-4460,2024-03-07,Laptop,2,50000.0,6051,3,2024,43949.0,87.9
ORD-4461,2023-08-25,Laptop,1,30000.0,18126,8,2023,11874.0,39.58
ORD-4462,2023-12-06,Mobile,2,30000.0,5544,12,2023,24456.0,81.52
ORD-4463,2023-11-08,Mobile,1,30000.0,13875,11,2023,16125.0,53.75
ORD-4465,2023-05-21,Mobile,1,50000.0,20992,5,2023,29008.0,58.02
ORD-4466,2023-07-08,Shirt,2,50000.0,32074,7,2023,17926.0,35.85
ORD-4467,2024-04-30,Shoes,2,2000.0,3516,4,2024,-1516.0,-75.8
ORD-4468,2023-02-18,Shoes,3,2000.0,23622,2,2023,-21622.0,-1081.1
ORD-4469,2023-10-29,Laptop,1,50000.0,2479,10,2023,47521.0,95.04
ORD-4470,2024-01-04,Shoes,1,50000.0,18338,1,2024,31662.0,63.32
ORD-4471,2023-07-09,Shoes,1,2000.0,28007,7,2023,-26007.0,-1300.35
ORD-4472,2023-05-16,Shirt,1,50000.0,22836,5,2023,27164.0,54.33
ORD-4473,2023-02-12,Laptop,3,2000.0,30246,2,2023,-28246.0,-1412.3
ORD-4474,2024-02-08,Mobile,1,50000.0,3547,2,2024,46453.0,92.91
ORD-4477,2023-03-31,Mobile,3,30000.0,1459,3,2023,28541.0,95.14
ORD-4478,2023-10-22,Laptop,2,50000.0,3236,10,2023,46764.0,93.53
ORD-4479,2023-12-07,Laptop,1,2000.0,21830,12,2023,-19830.0,-991.5
ORD-4480,2023-09-02,Laptop,1,50000.0,1580,9,2023,48420.0,96.84
ORD-4481,2024-03-08,Laptop,1,50000.0,15439,3,2024,34561.0,69.12
ORD-4482,2023-07-11,Shirt,1,30000.0,5715,7,2023,24285.0,80.95
ORD-4483,2023-11-14,Laptop,1,2000.0,27107,11,2023,-25107.0,-1255.35
ORD-4484,2023-04-16,Shoes,3,50000.0,26944,4,2023,23056.0,46.11
ORD-4485,2023-12-29,Shoes,1,2000.0,32764,12,2023,-30764.0,-1538.2
ORD-4486,2023-11-06,Shirt,3,50000.0,28567,11,2023,21433.0,42.87
ORD-4487,2024-01-17,Mobile,1,30000.0,39665,1,2024,-9665.0,-32.22
ORD-4488,2023-08-21,Mobile,1,2000.0,33425,8,2023,-31425.0,-1571.25
ORD-4489,2023-09-22,Shoes,1,50000.0,18242,9,2023,31758.0,63.52
ORD-4491,2023-02-06,Shirt,1,2000.0,12898,2,2023,-10898.0,-544.9
ORD-4492,2023-11-01,Mobile,1,30000.0,35480,11,2023,-5480.0,-18.27
ORD-4494,2023-01-17,Laptop,1,2000.0,24068,1,2023,-22068.0,-1103.4
ORD-4495,2023-12-10,Laptop,1,2000.0,4669,12,2023,-2669.0,-133.45
ORD-4496,2023-10-04,Laptop,1,2000.0,15382,10,2023,-13382.0,-669.1
ORD-4497,2023-11-03,Shirt,3,2000.0,16436,11,2023,-14436.0,-721.8
ORD-4498,2023-02-28,Shoes,2,50000.0,19774,2,2023,30226.0,60.45
ORD-4499,2024-02-27,Shirt,2,50000.0,37030,2,2024,12970.0,25.94
ORD-4500,2023-07-02,Mobile,1,2000.0,5638,7,2023,-3638.0,-181.9
ORD-4501,2023-02-10,Shoes,3,30000.0,3866,2,2023,26134.0,87.11
ORD-4502,2023-02-08,Laptop,2,50000.0,10251,2,2023,39749.0,79.5
ORD-4503,2024-02-01,Shirt,1,2000.0,9948,2,2024,-7948.0,-397.4
ORD-4504,2023-07-11,Shirt,1,2000.0,23878,7,2023,-21878.0,-1093.9
ORD-4505,2023-09-24,Laptop,1,30000.0,1187,9,2023,28813.0,96.04
ORD-4506,2024-05-08,Shirt,3,30000.0,33270,5,2024,-3270.0,-10.9
ORD-4507,2023-05-27,Laptop,3,30000.0,21962,5,2023,8038.0,26.79
ORD-4509,2023-11-29,Shoes,2,2000.0,20098,11,2023,-18098.0,-904.9
ORD-4510,2023-05-07,Mobile,1,30000.0,8408,5,2023,21592.0,71.97
ORD-4511,2023-02-15,Mobile,1,2000.0,17679,2,2023,-15679.0,-783.95
ORD-4512,2023-02-14,Laptop,3,50000.0,4533,2,2023,45467.0,90.93
ORD-4513,2023-01-01,Shirt,2,2000.0,5140,1,2023,-3140.0,-157.0
ORD-4514,2023-06-17,Mobile,2,2000.0,37810,6,2023,-35810.0,-1790.5
ORD-4516,2023-01-19,Mobile,1,50000.0,21654,1,2023,28346.0,56.69
ORD-4517,2023-11-28,Shirt,1,50000.0,31775,11,2023,18225.0,36.45
ORD-4519,2024-03-31,Laptop,1,30000.0,7005,3,2024,22995.0,76.65
ORD-4520,2024-03-20,Mobile,1,30000.0,6870,3,2024,23130.0,77.1
ORD-4521,2023-04-19,Shoes,1,2000.0,4904,4,2023,-2904.0,-145.2
ORD-4523,2024-03-20,Laptop,1,30000.0,3261,3,2024,26739.0,89.13
ORD-4524,2023-08-28,Mobile,1,50000.0,18804,8,2023,31196.0,62.39
ORD-4526,2023-10-28,Shirt,1,30000.0,25680,10,2023,4320.0,14.4
ORD-4527,2023-03-31,Shoes,2,50000.0,17862,3,2023,32138.0,64.28
ORD-4529,2024-04-20,Laptop,3,2000.0,9884,4,2024,-7884.0,-394.2
ORD-4530,2023-09-07,Shoes,1,2000.0,4038,9,2023,-2038.0,-101.9
ORD-4531,2024-03-28,Mobile,1,50000.0,33961,3,2024,16039.0,32.08
ORD-4532,2023-01-08,Mobile,2,30000.0,32562,1,2023,-2562.0,-8.54
ORD-4533,2023-06-02,Shirt,1,30000.0,27065,6,2023,2935.0,9.78
ORD-4535,2023-06-23,Shoes,3,50000.0,12801,6,2023,37199.0,74.4
ORD-4536,2023-12-09,Laptop,1,30000.0,21957,12,2023,8043.0,26.81
ORD-4537,2023-06-07,Shirt,1,2000.0,3580,6,2023,-1580.0,-79.0
ORD-4538,2024-05-07,Shoes,1,50000.0,27544,5,2024,22456.0,44.91
ORD-4539,2024-03-06,Shirt,3,2000.0,33454,3,2024,-31454.0,-1572.7
ORD-4540,2023-08-03,Laptop,1,50000.0,12277,8,2023,37723.0,75.45
ORD-4542,2023-06-24,Mobile,1,30000.0,1875,6,2023,28125.0,93.75
ORD-4543,2023-12-06,Mobile,3,30000.0,12654,12,2023,17346.0,57.82
ORD-4544,2023-12-04,Shirt,2,30000.0,2196,12,2023,27804.0,92.68
ORD-4545,2023-05-26,Laptop,2,2000.0,24398,5,2023,-22398.0,-1119.9
ORD-4546,2024-03-25,Laptop,1,30000.0,15370,3,2024,14630.0,48.77
ORD-4547,2023-11-20,Mobile,1,50000.0,29517,11,2023,20483.0,40.97
ORD-4548,2024-04-22,Laptop,1,2000.0,29859,4,2024,-27859.0,-1392.95
ORD-4550,2023-05-07,Shoes,3,2000.0,25564,5,2023,-23564.0,-1178.2
ORD-4552,2023-03-23,Mobile,3,2000.0,21973,3,2023,-19973.0,-998.65
ORD-4553,2024-04-29,Mobile,2,30000.0,35654,4,2024,-5654.0,-18.85
ORD-4555,2023-08-27,Laptop,1,30000.0,11760,8,2023,18240.0,60.8
ORD-4556,2024-02-16,Shirt,3,2000.0,18988,2,2024,-16988.0,-849.4
ORD-4558,2023-03-25,Shirt,3,50000.0,25944,3,2023,24056.0,48.11
ORD-4559,2023-04-23,Shoes,3,50000.0,37314,4,2023,12686.0,25.37
ORD-4560,2023-08-13,Shirt,2,2000.0,39119,8,2023,-37119.0,-1855.95
ORD-4562,2024-01-13,Shoes,3,50000.0,18381,1,2024,31619.0,63.24
ORD-4563,2023-08-31,Shirt,3,30000.0,34264,8,2023,-4264.0,-14.21
ORD-4564,2023-05-23,Laptop,3,30000.0,23069,5,2023,6931.0,23.1
ORD-4565,2023-02-10,Laptop,1,2000.0,2198,2,2023,-198.0,-9.9
ORD-4566,2024-02-27,Shirt,1,30000.0,6910,2,2024,23090.0,76.97
ORD-4567,2023-09-15,Mobile,1,30000.0,6484,9,2023,23516.0,78.39
ORD-4568,2024-03-22,Shoes,3,30000.0,1576,3,2024,28424.0,94.75
ORD-4569,2023-10-12,Shirt,3,50000.0,33821,10,2023,16179.0,32.36
ORD-4571,2023-07-21,Shoes,1,2000.0,26354,7,2023,-24354.0,-1217.7
ORD-4575,2024-04-05,Laptop,2,50000.0,13660,4,2024,36340.0,72.68
ORD-4576,2023-09-23,Shoes,1,30000.0,26044,9,2023,3956.0,13.19
ORD-4577,2024-02-02,Mobile,3,2000.0,19851,2,2024,-17851.0,-892.55
ORD-4579,2023-02-20,Shoes,3,30000.0,14711,2,2023,15289.0,50.96
ORD-4580,2023-04-28,Shirt,2,50000.0,12227,4,2023,37773.0,75.55
ORD-4582,2024-01-12,Laptop,1,30000.0,17945,1,2024,12055.0,40.18
ORD-4583,2023-02-08,Shoes,1,50000.0,33857,2,2023,16143.0,32.29
ORD-4584,2023-01-28,Shoes,2,30000.0,39503,1,2023,-9503.0,-31.68
ORD-4585,2023-09-16,Mobile,1,2000.0,26982,9,2023,-24982.0,-1249.1
ORD-4586,2023-03-25,Shoes,1,30000.0,36913,3,2023,-6913.0,-23.04
ORD-4587,2024-03-29,Shoes,1,30000.0,2292,3,2024,27708.0,92.36
ORD-4588,2023-06-04,Shirt,1,2000.0,24880,6,2023,-22880.0,-1144.0
ORD-4589,2023-04-27,Laptop,1,2000.0,33538,4,2023,-31538.0,-1576.9
ORD-4590,2023-01-02,Shoes,1,30000.0,8559,1,2023,21441.0,71.47
ORD-4591,2023-04-03,Mobile,1,2000.0,37549,4,2023,-35549.0,-1777.45
ORD-4592,2023-06-15,Shoes,1,30000.0,36159,6,2023,-6159.0,-20.53
ORD-4594,2024-02-04,Shoes,1,30000.0,14204,2,2024,15796.0,52.65
ORD-4595,2023-12-16,Shirt,3,50000.0,3252,12,2023,46748.0,93.5
ORD-4596,2023-10-23,Laptop,2,2000.0,37659,10,2023,-35659.0,-1782.95
ORD-4598,2023-03-22,Shirt,2,2000.0,38997,3,2023,-36997.0,-1849.85
ORD-4599,2024-02-29,Laptop,1,2000.0,25800,2,2024,-23800.0,-1190.0
ORD-4600,2023-09-25,Shoes,1,2000.0,8553,9,2023,-6553.0,-327.65
ORD-4601,2024-02-23,Shirt,1,50000.0,33831,2,2024,16169.0,32.34
ORD-4602,2023-08-23,Mobile,3,50000.0,2787,8,2023,47213.0,94.43
ORD-4603,2023-11-17,Shirt,2,30000.0,12726,11,2023,17274.0,57.58
ORD-4604,2023-11-07,Mobile,2,50000.0,4915,11,2023,45085.0,90.17
ORD-4605,2023-10-28,Shoes,3,2000.0,1092,10,2023,908.0,45.4
ORD-4609,2023-08-01,Shirt,2,2000.0,2677,8,2023,-677.0,-33.85
ORD-4610,2023-03-03,Shoes,1,50000.0,29242,3,2023,20758.0,41.52
ORD-4612,2023-05-07,Mobile,1,2000.0,23114,5,2023,-21114.0,-1055.7
ORD-4613,2023-08-11,Shirt,2,2000.0,37632,8,2023,-35632.0,-1781.6
ORD-4616,2024-02-12,Laptop,1,30000.0,32532,2,2024,-2532.0,-8.44
ORD-4617,2023-10-21,Shirt,1,30000.0,11169,10,2023,18831.0,62.77
ORD-4618,2023-10-11,Shirt,3,2000.0,35566,10,2023,-33566.0,-1678.3
ORD-4619,2023-10-04,Laptop,3,30000.0,31740,10,2023,-1740.0,-5.8
ORD-4620,2024-03-13,Shirt,1,30000.0,11030,3,2024,18970.0,63.23
ORD-4622,2023-05-26,Laptop,1,30000.0,8051,5,2023,21949.0,73.16
ORD-4623,2024-02-24,Laptop,2,2000.0,11589,2,2024,-9589.0,-479.45
ORD-4625,2024-03-04,Laptop,2,30000.0,13833,3,2024,16167.0,53.89
ORD-4626,2024-01-10,Laptop,1,30000.0,1598,1,2024,28402.0,94.67
ORD-4627,2023-03-14,Mobile,2,30000.0,15367,3,2023,14633.0,48.78
ORD-4628,2024-03-12,Mobile,1,50000.0,19428,3,2024,30572.0,61.14
ORD-4629,2024-04-30,Shoes,2,30000.0,17642,4,2024,12358.0,41.19
ORD-4630,2023-05-02,Laptop,1,30000.0,21955,5,2023,8045.0,26.82
ORD-4631,2023-01-30,Mobile,3,2000.0,11097,1,2023,-9097.0,-454.85
ORD-4632,2023-07-07,Mobile,1,30000.0,14207,7,2023,15793.0,52.64
ORD-4633,2023-12-30,Shirt,1,50000.0,23560,12,2023,26440.0,52.88
ORD-4635,2023-10-15,Mobile,1,30000.0,1797,10,2023,28203.0,94.01
ORD-4636,2024-03-26,Shoes,1,30000.0,6713,3,2024,23287.0,77.62
ORD-4637,2023-07-14,Shirt,2,2000.0,21404,7,2023,-19404.0,-970.2
ORD-4638,2023-06-05,Shirt,1,30000.0,6911,6,2023,23089.0,76.96
ORD-4639,2023-06-21,Laptop,1,30000.0,4954,6,2023,25046.0,83.49
ORD-4640,2023-12-01,Laptop,3,30000.0,5312,12,2023,24688.0,82.29
ORD-4641,2023-02-10,Shirt,1,30000.0,31875,2,2023,-1875.0,-6.25
ORD-4643,2023-01-23,Laptop,3,2000.0,16828,1,2023,-14828.0,-741.4
ORD-4645,2023-03-16,Shirt,2,50000.0,16427,3,2023,33573.0,67.15
ORD-4646,2023-02-17,Shirt,1,30000.0,30641,2,2023,-641.0,-2.14
ORD-4647,2023-06-09,Laptop,2,50000.0,23169,6,2023,26831.0,53.66
ORD-4649,2023-04-28,Laptop,3,50000.0,2951,4,2023,47049.0,94.1
ORD-4650,2023-04-10,Mobile,2,30000.0,22954,4,2023,7046.0,23.49
ORD-4651,2024-01-15,Shirt,2,50000.0,14827,1,2024,35173.0,70.35
ORD-4653,2024-02-12,Shoes,1,30000.0,34096,2,2024,-4096.0,-13.65
ORD-4654,2023-06-16,Shirt,2,2000.0,9985,6,2023,-7985.0,-399.25
ORD-4656,2024-03-15,Laptop,3,30000.0,23897,3,2024,6103.0,20.34
ORD-4657,2023-06-05,Shirt,1,2000.0,6973,6,2023,-4973.0,-248.65
ORD-4658,2024-02-25,Shirt,1,50000.0,18794,2,2024,31206.0,62.41
ORD-4659,2023-01-07,Shoes,2,50000.0,8714,1,2023,41286.0,82.57
ORD-4660,2023-07-15,Shirt,1,50000.0,2137,7,2023,47863.0,95.73
ORD-4661,2024-02-25,Laptop,3,30000.0,38240,2,2024,-8240.0,-27.47
ORD-4662,2023-02-25,Shoes,2,50000.0,37042,2,2023,12958.0,25.92
ORD-4663,2023-11-17,Laptop,2,50000.0,4273,11,2023,45727.0,91.45
ORD-4664,2023-07-12,Mobile,2,2000.0,23627,7,2023,-21627.0,-1081.35
ORD-4665,2023-02-16,Shirt,3,2000.0,33193,2,2023,-31193.0,-1559.65
ORD-4666,2023-05-28,Mobile,1,2000.0,16151,5,2023,-14151.0,-707.55
ORD-4667,2023-10-02,Laptop,3,30000.0,11155,10,2023,18845.0,62.82
ORD-4669,2023-07-21,Mobile,1,50000.0,23948,7,2023,26052.0,52.1
ORD-4670,2024-03-19,Laptop,3,50000.0,39130,3,2024,10870.0,21.74
ORD-4671,2024-02-06,Laptop,1,30000.0,5636,2,2024,24364.0,81.21
ORD-4672,2024-04-20,Shirt,3,50000.0,39114,4,2024,10886.0,21.77
ORD-4673,2024-02-23,Mobile,2,30000.0,32649,2,2024,-2649.0,-8.83
ORD-4674,2024-03-02,Shoes,3,30000.0,37976,3,2024,-7976.0,-26.59
ORD-4675,2024-05-09,Shoes,2,30000.0,38236,5,2024,-8236.0,-27.45
ORD-4677,2024-04-19,Laptop,2,30000.0,14984,4,2024,15016.0,50.05
ORD-4680,2023-11-01,Shoes,1,50000.0,21490,11,2023,28510.0,57.02
ORD-4681,2024-01-04,Shirt,3,2000.0,37499,1,2024,-35499.0,-1774.95
ORD-4684,2023-11-21,Shirt,1,2000.0,17294,11,2023,-15294.0,-764.7
ORD-4686,2024-02-22,Laptop,3,2000.0,20017,2,2024,-18017.0,-900.85
ORD-4687,2023-06-25,Laptop,1,50000.0,1361,6,2023,48639.0,97.28
ORD-4688,2023-04-26,Laptop,2,30000.0,39261,4,2023,-9261.0,-30.87
ORD-4689,2024-03-15,Mobile,3,2000.0,18171,3,2024,-16171.0,-808.55
ORD-4690,2023-07-23,Shirt,1,30000.0,30327,7,2023,-327.0,-1.09
ORD-4691,2024-04-30,Shoes,1,2000.0,6092,4,2024,-4092.0,-204.6
ORD-4692,2023-11-17,Shirt,3,30000.0,17937,11,2023,12063.0,40.21
ORD-4693,2023-01-31,Laptop,2,50000.0,14817,1,2023,35183.0,70.37
ORD-4695,2023-04-23,Mobile,3,50000.0,5516,4,2023,44484.0,88.97
ORD-4697,2024-03-09,Laptop,1,30000.0,15530,3,2024,14470.0,48.23
ORD-4698,2023-11-21,Shoes,1,30000.0,10310,11,2023,19690.0,65.63
ORD-4700,2024-01-11,Shoes,3,2000.0,24809,1,2024,-22809.0,-1140.45
ORD-4701,2023-12-10,Mobile,3,50000.0,22735,12,2023,27265.0,54.53
ORD-4702,2024-03-18,Laptop,2,2000.0,7749,3,2024,-5749.0,-287.45
ORD-4703,2023-03-08,Shirt,1,30000.0,28637,3,2023,1363.0,4.54
ORD-4704,2023-03-16,Laptop,1,50000.0,8005,3,2023,41995.0,83.99
ORD-4705,2023-02-14,Shirt,3,50000.0,30898,2,2023,19102.0,38.2
ORD-4706,2023-09-17,Shirt,3,2000.0,24538,9,2023,-22538.0,-1126.9
ORD-4709,2024-03-05,Mobile,2,50000.0,26467,3,2024,23533.0,47.07
ORD-4711,2024-03-23,Shoes,1,30000.0,30378,3,2024,-378.0,-1.26
ORD-4712,2024-04-19,Shirt,2,2000.0,29102,4,2024,-27102.0,-1355.1
ORD-4713,2023-08-22,Shirt,1,2000.0,14044,8,2023,-12044.0,-602.2
ORD-4714,2023-02-20,Laptop,1,2000.0,32309,2,2023,-30309.0,-1515.45
ORD-4715,2023-11-02,Shoes,1,50000.0,19239,11,2023,30761.0,61.52
ORD-4716,2023-09-19,Laptop,3,50000.0,3435,9,2023,46565.0,93.13
ORD-4718,2023-05-05,Mobile,2,2000.0,36866,5,2023,-34866.0,-1743.3
ORD-4719,2024-02-03,Laptop,3,30000.0,4386,2,2024,25614.0,85.38
ORD-4720,2023-09-02,Shoes,2,30000.0,6440,9,2023,23560.0,78.53
ORD-4721,2023-01-30,Laptop,3,2000.0,7436,1,2023,-5436.0,-271.8
ORD-4722,2024-03-01,Shoes,2,50000.0,8403,3,2024,41597.0,83.19
ORD-4723,2024-04-29,Shirt,1,50000.0,24242,4,2024,25758.0,51.52
ORD-4724,2023-05-02,Laptop,1,50000.0,3939,5,2023,46061.0,92.12
ORD-4725,2023-05-05,Shoes,1,30000.0,18222,5,2023,11778.0,39.26
ORD-4726,2023-02-06,Shirt,2,2000.0,28277,2,2023,-26277.0,-1313.85
ORD-4727,2023-06-19,Shoes,3,30000.0,22143,6,2023,7857.0,26.19
ORD-4728,2023-05-04,Shirt,1,2000.0,4138,5,2023,-2138.0,-106.9
ORD-4729,2023-12-23,Mobile,1,30000.0,21989,12,2023,8011.0,26.7
ORD-4730,2023-02-04,Laptop,2,30000.0,4162,2,2023,25838.0,86.13
ORD-4732,2023-05-14,Shirt,2,30000.0,26765,5,2023,3235.0,10.78
ORD-4733,2023-07-15,Mobile,2,2000.0,1837,7,2023,163.0,8.15
ORD-4734,2023-10-01,Shoes,1,30000.0,29474,10,2023,526.0,1.75
ORD-4737,2023-10-12,Shoes,2,2000.0,25072,10,2023,-23072.0,-1153.6
ORD-4740,2024-03-06,Laptop,1,50000.0,23524,3,2024,26476.0,52.95
ORD-4741,2023-05-06,Laptop,1,2000.0,20733,5,2023,-18733.0,-936.65
ORD-4745,2023-08-12,Shoes,1,2000.0,38959,8,2023,-36959.0,-1847.95
ORD-4746,2024-05-10,Shirt,3,50000.0,38443,5,2024,11557.0,23.11
ORD-4747,2023-10-05,Shoes,3,30000.0,13804,10,2023,16196.0,53.99
ORD-4748,2023-03-09,Shoes,2,50000.0,17210,3,2023,32790.0,65.58
ORD-4749,2023-03-10,Mobile,3,2000.0,35029,3,2023,-33029.0,-1651.45
ORD-4750,2023-06-14,Laptop,1,2000.0,8633,6,2023,-6633.0,-331.65
ORD-4751,2024-05-03,Laptop,1,2000.0,9312,5,2024,-7312.0,-365.6
ORD-4752,2023-11-01,Laptop,1,30000.0,39300,11,2023,-9300.0,-31.0
ORD-4753,2024-02-01,Laptop,3,2000.0,21229,2,2024,-19229.0,-961.45
ORD-4754,2023-06-11,Mobile,2,50000.0,3884,6,2023,46116.0,92.23
ORD-4757,2023-11-05,Mobile,3,2000.0,12460,11,2023,-10460.0,-523.0
ORD-4758,2024-01-14,Laptop,2,2000.0,11234,1,2024,-9234.0,-461.7
ORD-4759,2023-12-09,Shoes,3,30000.0,19503,12,2023,10497.0,34.99
ORD-4761,2024-01-22,Mobile,1,30000.0,17874,1,2024,12126.0,40.42
ORD-4762,2023-02-11,Shoes,2,30000.0,30420,2,2023,-420.0,-1.4
ORD-4763,2023-12-20,Mobile,1,30000.0,36813,12,2023,-6813.0,-22.71
ORD-4764,2024-02-20,Laptop,2,30000.0,1382,2,2024,28618.0,95.39
ORD-4765,2023-04-19,Laptop,3,50000.0,39353,4,2023,10647.0,21.29
ORD-4766,2023-02-20,Shoes,2,2000.0,10369,2,2023,-8369.0,-418.45
ORD-4767,2023-09-07,Shoes,1,2000.0,35985,9,2023,-33985.0,-1699.25
ORD-4768,2024-05-11,Shoes,3,30000.0,24661,5,2024,5339.0,17.8
ORD-4769,2023-12-07,Laptop,2,30000.0,1650,12,2023,28350.0,94.5
ORD-4770,2024-03-05,Laptop,1,50000.0,22299,3,2024,27701.0,55.4
ORD-4771,2024-01-18,Shirt,1,30000.0,27862,1,2024,2138.0,7.13
ORD-4772,2024-05-06,Shoes,3,50000.0,32153,5,2024,17847.0,35.69
ORD-4773,2023-01-21,Shirt,1,50000.0,17312,1,2023,32688.0,65.38
ORD-4774,2023-10-27,Mobile,3,30000.0,11943,10,2023,18057.0,60.19
ORD-4775,2023-05-19,Shirt,3,2000.0,4198,5,2023,-2198.0,-109.9
ORD-4776,2023-12-25,Mobile,3,50000.0,18325,12,2023,31675.0,63.35
ORD-4777,2023-11-20,Mobile,2,2000.0,9732,11,2023,-7732.0,-386.6
ORD-4778,2024-05-13,Shirt,3,2000.0,6805,5,2024,-4805.0,-240.25
ORD-4779,2024-01-20,Shoes,1,50000.0,19913,1,2024,30087.0,60.17
ORD-4781,2024-03-22,Shoes,2,50000.0,18034,3,2024,31966.0,63.93
ORD-4783,2023-05-05,Mobile,3,50000.0,9505,5,2023,40495.0,80.99
ORD-4784,2024-04-27,Laptop,3,50000.0,21498,4,2024,28502.0,57.0
ORD-4785,2024-02-01,Shirt,1,2000.0,17505,2,2024,-15505.0,-775.25
ORD-4786,2023-04-21,Shoes,1,2000.0,7603,4,2023,-5603.0,-280.15
ORD-4787,2023-12-20,Shirt,2,30000.0,25744,12,2023,4256.0,14.19
ORD-4788,2023-05-19,Mobile,1,2000.0,4682,5,2023,-2682.0,-134.1
ORD-4789,2024-04-28,Laptop,3,2000.0,14460,4,2024,-12460.0,-623.0
ORD-4790,2024-03-10,Mobile,2,2000.0,14559,3,2024,-12559.0,-627.95
ORD-4791,2023-09-30,Shirt,3,2000.0,29544,9,2023,-27544.0,-1377.2
ORD-4792,2023-04-09,Shoes,3,30000.0,7864,4,2023,22136.0,73.79
ORD-4793,2023-09-09,Shoes,1,2000.0,24778,9,2023,-22778.0,-1138.9
ORD-4796,2023-08-02,Laptop,1,30000.0,2729,8,2023,27271.0,90.9
ORD-4797,2023-09-06,Shirt,2,2000.0,23336,9,2023,-21336.0,-1066.8
ORD-4799,2023-09-07,Laptop,3,50000.0,13413,9,2023,36587.0,73.17
ORD-4801,2023-06-14,Shoes,2,2000.0,8668,6,2023,-6668.0,-333.4
ORD-4803,2023-12-07,Laptop,3,50000.0,12308,12,2023,37692.0,75.38
ORD-4805,2023-10-11,Shirt,3,2000.0,20283,10,2023,-18283.0,-914.15
ORD-4806,2023-01-05,Shoes,1,50000.0,20591,1,2023,29409.0,58.82
ORD-4807,2023-05-25,Shirt,1,30000.0,26282,5,2023,3718.0,12.39
ORD-4808,2023-04-11,Laptop,1,50000.0,14919,4,2023,35081.0,70.16
ORD-4810,2024-01-09,Laptop,1,30000.0,31699,1,2024,-1699.0,-5.66
ORD-4811,2023-05-27,Shirt,2,50000.0,31840,5,2023,18160.0,36.32
ORD-4812,2023-03-05,Mobile,3,50000.0,19392,3,2023,30608.0,61.22
ORD-4813,2023-04-01,Shirt,1,50000.0,32960,4,2023,17040.0,34.08
ORD-4814,2023-04-27,Laptop,2,2000.0,5721,4,2023,-3721.0,-186.05
ORD-4815,2023-12-20,Shoes,1,30000.0,30197,12,2023,-197.0,-0.66
ORD-4816,2023-09-24,Shoes,1,30000.0,27173,9,2023,2827.0,9.42
ORD-4817,2023-11-06,Shoes,1,50000.0,2066,11,2023,47934.0,95.87
ORD-4818,2023-06-22,Laptop,1,30000.0,28375,6,2023,1625.0,5.42
ORD-4821,2023-09-03,Shoes,3,50000.0,11726,9,2023,38274.0,76.55
ORD-4823,2023-09-03,Mobile,3,50000.0,25815,9,2023,24185.0,48.37
ORD-4825,2024-05-01,Laptop,1,50000.0,8448,5,2024,41552.0,83.1
ORD-4826,2024-04-20,Laptop,1,50000.0,2142,4,2024,47858.0,95.72
ORD-4827,2023-01-05,Laptop,3,30000.0,21232,1,2023,8768.0,29.23
ORD-4828,2024-04-09,Laptop,3,30000.0,2415,4,2024,27585.0,91.95
ORD-4829,2023-07-03,Mobile,1,50000.0,7374,7,2023,42626.0,85.25
ORD-4830,2023-01-20,Shirt,2,30000.0,27974,1,2023,2026.0,6.75
ORD-4831,2024-02-29,Mobile,2,30000.0,34528,2,2024,-4528.0,-15.09
ORD-4832,2023-02-15,Shoes,1,2000.0,4642,2,2023,-2642.0,-132.1
ORD-4834,2023-03-11,Laptop,2,30000.0,32914,3,2023,-2914.0,-9.71
ORD-4835,2023-01-17,Mobile,2,50000.0,10347,1,2023,39653.0,79.31
ORD-4836,2024-01-06,Laptop,2,2000.0,25932,1,2024,-23932.0,-1196.6
ORD-4837,2023-05-27,Mobile,1,2000.0,24593,5,2023,-22593.0,-1129.65
ORD-4838,2023-06-03,Laptop,1,30000.0,2328,6,2023,27672.0,92.24
ORD-4839,2023-10-31,Shoes,1,50000.0,19760,10,2023,30240.0,60.48
ORD-4840,2023-04-18,Laptop,1,50000.0,20625,4,2023,29375.0,58.75
ORD-4841,2023-08-24,Mobile,1,50000.0,27567,8,2023,22433.0,44.87
ORD-4842,2023-11-04,Shoes,1,50000.0,13063,11,2023,36937.0,73.87
ORD-4843,2023-12-18,Mobile,1,50000.0,32630,12,2023,17370.0,34.74
ORD-4845,2023-07-02,Shirt,1,50000.0,4140,7,2023,45860.0,91.72
ORD-4846,2023-09-07,Shirt,3,50000.0,18265,9,2023,31735.0,63.47
ORD-4848,2023-04-12,Mobile,1,30000.0,15057,4,2023,14943.0,49.81
ORD-4849,2023-03-16,Mobile,1,2000.0,4557,3,2023,-2557.0,-127.85
ORD-4851,2024-03-21,Shoes,3,2000.0,14211,3,2024,-12211.0,-610.55
ORD-4852,2023-08-04,Shoes,3,2000.0,19580,8,2023,-17580.0,-879.0
ORD-4854,2024-02-03,Laptop,1,50000.0,10802,2,2024,39198.0,78.4
ORD-4855,2024-02-15,Shirt,3,2000.0,23321,2,2024,-21321.0,-1066.05
ORD-4856,2023-07-22,Laptop,2,50000.0,36931,7,2023,13069.0,26.14
ORD-4857,2023-07-11,Laptop,2,30000.0,38231,7,2023,-8231.0,-27.44
ORD-4859,2024-05-13,Laptop,3,2000.0,5675,5,2024,-3675.0,-183.75
ORD-4860,2023-08-30,Shirt,1,50000.0,15058,8,2023,34942.0,69.88
ORD-4861,2024-04-09,Laptop,1,2000.0,38519,4,2024,-36519.0,-1825.95
ORD-4862,2023-06-28,Shoes,1,30000.0,7219,6,2023,22781.0,75.94
ORD-4863,2024-03-12,Mobile,3,30000.0,16445,3,2024,13555.0,45.18
ORD-4864,2024-04-06,Shoes,3,2000.0,9418,4,2024,-7418.0,-370.9
ORD-4866,2023-03-23,Shoes,3,30000.0,30630,3,2023,-630.0,-2.1
ORD-4867,2023-04-02,Shoes,2,50000.0,29695,4,2023,20305.0,40.61
ORD-4868,2024-03-10,Mobile,2,30000.0,31434,3,2024,-1434.0,-4.78
ORD-4869,2023-06-24,Shirt,1,50000.0,15456,6,2023,34544.0,69.09
ORD-4870,2023-08-27,Laptop,3,2000.0,31185,8,2023,-29185.0,-1459.25
ORD-4871,2023-09-17,Shoes,1,50000.0,25156,9,2023,24844.0,49.69
ORD-4872,2024-01-26,Shirt,1,2000.0,3078,1,2024,-1078.0,-53.9
ORD-4873,2023-12-31,Laptop,3,30000.0,31350,12,2023,-1350.0,-4.5
ORD-4875,2023-02-17,Shirt,1,30000.0,24778,2,2023,5222.0,17.41
ORD-4876,2023-11-25,Laptop,2,30000.0,24397,11,2023,5603.0,18.68
ORD-4877,2023-11-24,Shoes,1,30000.0,4321,11,2023,25679.0,85.6
ORD-4878,2023-04-26,Shirt,2,30000.0,13337,4,2023,16663.0,55.54
ORD-4880,2023-12-03,Shoes,2,30000.0,10996,12,2023,19004.0,63.35
ORD-4881,2023-12-03,Shoes,1,50000.0,35498,12,2023,14502.0,29.0
ORD-4884,2023-12-18,Shoes,2,50000.0,7618,12,2023,42382.0,84.76
ORD-4885,2023-11-24,Mobile,2,2000.0,7899,11,2023,-5899.0,-294.95
ORD-4886,2023-05-27,Mobile,2,30000.0,32322,5,2023,-2322.0,-7.74
ORD-4888,2023-10-21,Shoes,3,30000.0,16128,10,2023,13872.0,46.24
ORD-4889,2023-11-19,Shoes,1,30000.0,34179,11,2023,-4179.0,-13.93
ORD-4890,2024-03-18,Shoes,1,50000.0,2981,3,2024,47019.0,94.04
ORD-4891,2023-11-21,Mobile,1,50000.0,35073,11,2023,14927.0,29.85
ORD-4892,2023-01-13,Laptop,1,50000.0,13478,1,2023,36522.0,73.04
ORD-4893,2024-03-06,Mobile,3,30000.0,27429,3,2024,2571.0,8.57
ORD-4896,2023-10-14,Shoes,1,2000.0,16422,10,2023,-14422.0,-721.1
ORD-4897,2023-07-27,Mobile,1,30000.0,39380,7,2023,-9380.0,-31.27
ORD-4898,2023-04-24,Shoes,3,2000.0,31341,4,2023,-29341.0,-1467.05
ORD-4899,2024-04-24,Shirt,1,2000.0,3037,4,2024,-1037.0,-51.85
ORD-4900,2023-01-22,Shoes,1,2000.0,10522,1,2023,-8522.0,-426.1
ORD-4901,2023-12-15,Laptop,3,2000.0,22259,12,2023,-20259.0,-1012.95
ORD-4902,2023-08-02,Shirt,1,2000.0,12998,8,2023,-10998.0,-549.9
ORD-4903,2023-06-20,Shoes,3,30000.0,8086,6,2023,21914.0,73.05
ORD-4904,2023-11-19,Shirt,2,50000.0,2149,11,2023,47851.0,95.7
ORD-4905,2023-02-23,Shoes,1,2000.0,23792,2,2023,-21792.0,-1089.6
ORD-4907,2023-10-25,Shoes,1,30000.0,35204,10,2023,-5204.0,-17.35
ORD-4908,2023-11-16,Shirt,1,2000.0,37018,11,2023,-35018.0,-1750.9
ORD-4910,2023-10-04,Mobile,3,2000.0,25047,10,2023,-23047.0,-1152.35
ORD-4911,2024-04-08,Laptop,1,50000.0,18078,4,2024,31922.0,63.84
ORD-4912,2023-07-23,Laptop,1,30000.0,22471,7,2023,7529.0,25.1
ORD-4913,2023-07-13,Laptop,1,50000.0,15263,7,2023,34737.0,69.47
ORD-4915,2023-06-01,Laptop,3,2000.0,13433,6,2023,-11433.0,-571.65
ORD-4916,2023-02-04,Shoes,3,50000.0,12559,2,2023,37441.0,74.88
ORD-4917,2023-07-03,Laptop,1,50000.0,5952,7,2023,44048.0,88.1
ORD-4918,2023-10-13,Laptop,1,2000.0,33793,10,2023,-31793.0,-1589.65
ORD-4919,2023-02-26,Shoes,1,30000.0,21931,2,2023,8069.0,26.9
ORD-4921,2023-10-30,Mobile,1,30000.0,29911,10,2023,89.0,0.3
ORD-4924,2024-01-05,Laptop,1,50000.0,32631,1,2024,17369.0,34.74
ORD-4925,2023-09-21,Laptop,3,2000.0,38929,9,2023,-36929.0,-1846.45
ORD-4926,2023-10-09,Shoes,1,30000.0,18028,10,2023,11972.0,39.91
ORD-4927,2023-04-23,Mobile,1,50000.0,35620,4,2023,14380.0,28.76
ORD-4928,2024-05-02,Laptop,3,50000.0,11623,5,2024,38377.0,76.75
ORD-4929,2023-11-23,Shirt,2,50000.0,20968,11,2023,29032.0,58.06
ORD-4930,2023-01-30,Laptop,3,30000.0,4809,1,2023,25191.0,83.97
ORD-4931,2023-05-15,Shirt,1,50000.0,35079,5,2023,14921.0,29.84
ORD-4932,2023-03-08,Shoes,3,2000.0,28371,3,2023,-26371.0,-1318.55
ORD-4933,2023-03-06,Mobile,2,50000.0,32739,3,2023,17261.0,34.52
ORD-4934,2023-10-19,Laptop,2,50000.0,8788,10,2023,41212.0,82.42
ORD-4936,2023-02-06,Laptop,2,50000.0,35838,2,2023,14162.0,28.32
ORD-4937,2023-01-01,Shirt,1,30000.0,3656,1,2023,26344.0,87.81
ORD-4938,2024-02-03,Mobile,3,30000.0,5134,2,2024,24866.0,82.89
ORD-4939,2023-02-06,Laptop,1,2000.0,30431,2,2023,-28431.0,-1421.55
ORD-4940,2023-05-21,Shoes,2,30000.0,4484,5,2023,25516.0,85.05
ORD-4941,2023-08-20,Shirt,1,30000.0,39916,8,2023,-9916.0,-33.05
ORD-4942,2023-05-16,Mobile,1,50000.0,28274,5,2023,21726.0,43.45
ORD-4943,2024-01-24,Laptop,3,2000.0,21693,1,2024,-19693.0,-984.65
ORD-4944,2023-07-07,Mobile,1,30000.0,39559,7,2023,-9559.0,-31.86
ORD-4945,2023-05-08,Laptop,1,2000.0,18303,5,2023,-16303.0,-815.15
ORD-4946,2023-07-20,Shirt,1,2000.0,20594,7,2023,-18594.0,-929.7
ORD-4949,2023-06-13,Mobile,1,50000.0,16002,6,2023,33998.0,68.0
ORD-4950,2023-02-04,Mobile,3,30000.0,5895,2,2023,24105.0,80.35
ORD-4951,2023-07-13,Laptop,2,50000.0,26151,7,2023,23849.0,47.7
ORD-4952,2023-07-10,Shirt,1,50000.0,10919,7,2023,39081.0,78.16
ORD-4953,2023-04-14,Laptop,1,2000.0,22927,4,2023,-20927.0,-1046.35
ORD-4954,2023-01-23,Shirt,1,2000.0,29147,1,2023,-27147.0,-1357.35
ORD-4955,2023-09-22,Mobile,2,2000.0,13378,9,2023,-11378.0,-568.9
ORD-4956,2023-10-17,Laptop,1,50000.0,37493,10,2023,12507.0,25.01
ORD-4957,2024-03-05,Laptop,1,30000.0,22545,3,2024,7455.0,24.85
ORD-4958,2024-04-06,Shirt,3,50000.0,14057,4,2024,35943.0,71.89
ORD-4959,2024-01-19,Shoes,1,50000.0,2360,1,2024,47640.0,95.28
ORD-4960,2023-09-17,Shirt,1,50000.0,3048,9,2023,46952.0,93.9
ORD-4963,2023-12-24,Mobile,2,30000.0,33973,12,2023,-3973.0,-13.24
ORD-4965,2023-12-21,Shirt,1,50000.0,20699,12,2023,29301.0,58.6
ORD-4968,2024-02-02,Laptop,3,50000.0,11892,2,2024,38108.0,76.22
ORD-4969,2023-07-07,Shirt,1,30000.0,24931,7,2023,5069.0,16.9
ORD-4971,2023-06-22,Laptop,1,50000.0,25654,6,2023,24346.0,48.69
ORD-4972,2024-04-24,Shoes,2,50000.0,23942,4,2024,26058.0,52.12
ORD-4973,2023-10-17,Mobile,1,50000.0,7934,10,2023,42066.0,84.13
ORD-4974,2023-02-14,Mobile,1,2000.0,30733,2,2023,-28733.0,-1436.65
ORD-4975,2023-03-02,Shirt,2,50000.0,20612,3,2023,29388.0,58.78
ORD-4978,2023-12-24,Laptop,1,50000.0,35493,12,2023,14507.0,29.01
ORD-4979,2023-01-16,Shoes,2,2000.0,10306,1,2023,-8306.0,-415.3
ORD-4980,2023-03-07,Shoes,1,2000.0,39753,3,2023,-37753.0,-1887.65
ORD-4981,2024-02-28,Laptop,1,2000.0,17544,2,2024,-15544.0,-777.2
ORD-4983,2024-01-10,Shoes,3,2000.0,2733,1,2024,-733.0,-36.65
ORD-4984,2023-06-11,Shirt,1,30000.0,11603,6,2023,18397.0,61.32
ORD-4985,2023-08-22,Laptop,1,30000.0,13152,8,2023,16848.0,56.16
ORD-4986,2024-01-15,Laptop,1,2000.0,16801,1,2024,-14801.0,-740.05
ORD-4987,2023-05-24,Shoes,1,30000.0,19906,5,2023,10094.0,33.65
ORD-4988,2023-12-24,Shoes,2,50000.0,30437,12,2023,19563.0,39.13
ORD-4989,2023-07-07,Laptop,2,2000.0,17985,7,2023,-15985.0,-799.25
ORD-4990,2023-11-18,Shoes,1,2000.0,27935,11,2023,-25935.0,-1296.75
ORD-4991,2024-03-25,Laptop,1,2000.0,22068,3,2024,-20068.0,-1003.4
ORD-4992,2024-04-18,Shirt,1,50000.0,14531,4,2024,35469.0,70.94
ORD-4993,2023-01-13,Shirt,3,50000.0,35288,1,2023,14712.0,29.42
ORD-4994,2023-07-03,Laptop,1,2000.0,36158,7,2023,-34158.0,-1707.9
ORD-4997,2023-10-17,Mobile,2,30000.0,2117,10,2023,27883.0,92.94
ORD-4998,2023-10-22,Shoes,3,50000.0,33661,10,2023,16339.0,32.68
ORD-4999,2024-03-26,Shoes,1,30000.0,13459,3,2024,16541.0,55.14
ORD-5000,2024-01-27,Laptop,2,30000.0,22105,1,2024,7895.0,26.32
ORD-5001,2023-08-03,Laptop,1,2000.0,39909,8,2023,-37909.0,-1895.45
ORD-5003,2023-04-30,Mobile,1,30000.0,33554,4,2023,-3554.0,-11.85
ORD-5004,2024-01-17,Laptop,1,2000.0,5777,1,2024,-3777.0,-188.85
ORD-5005,2023-02-24,Shirt,2,50000.0,12432,2,2023,37568.0,75.14
ORD-5006,2023-01-27,Shirt,3,30000.0,15271,1,2023,14729.0,49.1
ORD-5008,2023-08-09,Laptop,2,50000.0,8057,8,2023,41943.0,83.89
ORD-5009,2023-08-19,Laptop,3,2000.0,27511,8,2023,-25511.0,-1275.55
ORD-5010,2023-02-22,Shoes,1,50000.0,8510,2,2023,41490.0,82.98
ORD-5011,2023-10-22,Mobile,1,30000.0,9099,10,2023,20901.0,69.67
ORD-5012,2023-11-17,Mobile,1,50000.0,16193,11,2023,33807.0,67.61
ORD-5013,2024-02-05,Shirt,1,50000.0,21011,2,2024,28989.0,57.98
ORD-5014,2023-08-21,Laptop,3,50000.0,21764,8,2023,28236.0,56.47
ORD-5016,2024-03-12,Shirt,1,30000.0,15549,3,2024,14451.0,48.17
ORD-5017,2023-09-26,Shirt,2,2000.0,7960,9,2023,-5960.0,-298.0
ORD-5019,2024-02-07,Mobile,3,30000.0,7996,2,2024,22004.0,73.35
ORD-5020,2023-02-22,Mobile,1,2000.0,19567,2,2023,-17567.0,-878.35
ORD-5021,2023-10-02,Laptop,1,2000.0,15201,10,2023,-13201.0,-660.05
ORD-5022,2023-11-09,Laptop,1,2000.0,6043,11,2023,-4043.0,-202.15
ORD-5023,2023-10-08,Shirt,3,30000.0,21420,10,2023,8580.0,28.6
ORD-5024,2023-08-02,Shirt,1,2000.0,35620,8,2023,-33620.0,-1681.0
ORD-5025,2023-01-31,Mobile,1,2000.0,13629,1,2023,-11629.0,-581.45
ORD-5027,2023-07-02,Laptop,2,2000.0,2662,7,2023,-662.0,-33.1
ORD-5028,2023-01-23,Laptop,2,50000.0,15734,1,2023,34266.0,68.53
ORD-5031,2023-03-15,Mobile,1,30000.0,9749,3,2023,20251.0,67.5
ORD-5032,2023-01-10,Shirt,1,2000.0,11797,1,2023,-9797.0,-489.85
ORD-5033,2024-04-28,Shoes,1,50000.0,32930,4,2024,17070.0,34.14
ORD-5034,2024-03-31,Laptop,2,50000.0,7645,3,2024,42355.0,84.71
ORD-5035,2023-02-23,Laptop,1,2000.0,12895,2,2023,-10895.0,-544.75
ORD-5036,2023-02-21,Mobile,1,2000.0,35762,2,2023,-33762.0,-1688.1
ORD-5037,2023-05-28,Shoes,3,30000.0,22432,5,2023,7568.0,25.23
ORD-5038,2023-06-09,Laptop,1,50000.0,17858,6,2023,32142.0,64.28
ORD-5040,2023-01-14,Mobile,2,30000.0,33004,1,2023,-3004.0,-10.01
ORD-5041,2023-06-27,Shoes,2,30000.0,27671,6,2023,2329.0,7.76
ORD-5043,2024-01-01,Laptop,1,30000.0,29441,1,2024,559.0,1.86
ORD-5044,2024-05-14,Shoes,1,2000.0,29233,5,2024,-27233.0,-1361.65
ORD-5047,2023-12-01,Shoes,1,50000.0,3268,12,2023,46732.0,93.46
ORD-5049,2023-01-30,Laptop,1,30000.0,5438,1,2023,24562.0,81.87
ORD-5050,2023-07-10,Shirt,3,50000.0,20369,7,2023,29631.0,59.26
ORD-5051,2023-09-17,Mobile,1,30000.0,27603,9,2023,2397.0,7.99
ORD-5052,2023-07-24,Shirt,1,2000.0,12319,7,2023,-10319.0,-515.95
ORD-5053,2023-02-28,Laptop,1,2000.0,15722,2,2023,-13722.0,-686.1
ORD-5054,2024-04-15,Shoes,1,50000.0,38757,4,2024,11243.0,22.49
ORD-5055,2023-09-21,Shirt,3,50000.0,7028,9,2023,42972.0,85.94
ORD-5056,2024-04-10,Laptop,2,30000.0,26940,4,2024,3060.0,10.2
ORD-5057,2023-01-12,Laptop,3,2000.0,32448,1,2023,-30448.0,-1522.4
ORD-5058,2023-04-29,Shoes,1,50000.0,9422,4,2023,40578.0,81.16
ORD-5059,2024-02-19,Shoes,3,2000.0,21688,2,2024,-19688.0,-984.4
ORD-5060,2024-04-06,Laptop,1,2000.0,15472,4,2024,-13472.0,-673.6
ORD-5061,2023-10-17,Laptop,1,2000.0,15900,10,2023,-13900.0,-695.0
ORD-5062,2023-12-04,Shirt,3,30000.0,36671,12,2023,-6671.0,-22.24
ORD-5063,2023-09-05,Laptop,2,30000.0,8763,9,2023,21237.0,70.79
ORD-5064,2023-12-20,Laptop,3,2000.0,11960,12,2023,-9960.0,-498.0
ORD-5065,2023-05-07,Shirt,1,2000.0,12084,5,2023,-10084.0,-504.2
ORD-5066,2023-03-16,Mobile,2,2000.0,3074,3,2023,-1074.0,-53.7
ORD-5069,2023-02-18,Shoes,2,30000.0,26205,2,2023,3795.0,12.65
ORD-5070,2023-03-20,Shirt,3,2000.0,36976,3,2023,-34976.0,-1748.8
ORD-5072,2024-04-23,Laptop,1,50000.0,1122,4,2024,48878.0,97.76
ORD-5073,2023-08-29,Laptop,1,50000.0,22480,8,2023,27520.0,55.04
ORD-5074,2023-12-15,Mobile,3,2000.0,10443,12,2023,-8443.0,-422.15
ORD-5076,2023-10-01,Mobile,2,50000.0,1990,10,2023,48010.0,96.02
ORD-5077,2023-04-06,Laptop,1,30000.0,6556,4,2023,23444.0,78.15
ORD-5078,2023-08-02,Shirt,2,50000.0,27662,8,2023,22338.0,44.68
ORD-5079,2023-10-21,Shoes,1,30000.0,30097,10,2023,-97.0,-0.32
ORD-5080,2023-07-28,Laptop,3,50000.0,5709,7,2023,44291.0,88.58
ORD-5081,2023-12-09,Mobile,1,50000.0,25357,12,2023,24643.0,49.29
ORD-5083,2023-11-02,Shoes,2,50000.0,20186,11,2023,29814.0,59.63
ORD-5084,2023-09-21,Laptop,1,50000.0,34639,9,2023,15361.0,30.72
ORD-5085,2024-02-29,Shirt,1,30000.0,20208,2,2024,9792.0,32.64
ORD-5086,2024-01-25,Laptop,3,30000.0,23479,1,2024,6521.0,21.74
ORD-5087,2023-11-21,Laptop,1,50000.0,28478,11,2023,21522.0,43.04
ORD-5088,2024-03-03,Shoes,2,2000.0,13922,3,2024,-11922.0,-596.1
ORD-5089,2024-01-12,Laptop,1,50000.0,28079,1,2024,21921.0,43.84
ORD-5090,2023-11-16,Shirt,3,50000.0,31766,11,2023,18234.0,36.47
ORD-5092,2023-06-05,Shoes,1,50000.0,23537,6,2023,26463.0,52.93
ORD-5093,2023-05-19,Shirt,1,50000.0,11383,5,2023,38617.0,77.23
ORD-5094,2023-05-01,Mobile,1,30000.0,39318,5,2023,-9318.0,-31.06
ORD-5095,2023-03-06,Shoes,2,30000.0,32895,3,2023,-2895.0,-9.65
ORD-5096,2023-04-17,Shoes,2,30000.0,4207,4,2023,25793.0,85.98
ORD-5097,2023-05-27,Mobile,1,30000.0,29234,5,2023,766.0,2.55
ORD-5098,2023-05-17,Mobile,3,50000.0,31568,5,2023,18432.0,36.86
ORD-5099,2024-02-15,Shirt,2,2000.0,4097,2,2024,-2097.0,-104.85
ORD-5102,2024-03-27,Laptop,1,2000.0,16968,3,2024,-14968.0,-748.4
ORD-5103,2023-04-10,Laptop,1,2000.0,12149,4,2023,-10149.0,-507.45
ORD-5105,2024-02-03,Shirt,2,50000.0,17642,2,2024,32358.0,64.72
ORD-5107,2023-05-21,Shirt,1,2000.0,17837,5,2023,-15837.0,-791.85
ORD-5108,2023-03-24,Shirt,3,50000.0,9990,3,2023,40010.0,80.02
ORD-5110,2023-07-17,Shoes,3,50000.0,25817,7,2023,24183.0,48.37
ORD-5111,2023-04-22,Shirt,3,50000.0,6136,4,2023,43864.0,87.73
ORD-5112,2023-02-25,Shirt,3,2000.0,2712,2,2023,-712.0,-35.6
ORD-5113,2024-04-04,Shoes,1,30000.0,29794,4,2024,206.0,0.69
ORD-5115,2024-02-25,Laptop,3,2000.0,9151,2,2024,-7151.0,-357.55
ORD-5117,2023-07-05,Shirt,1,30000.0,16303,7,2023,13697.0,45.66
ORD-5118,2024-04-15,Mobile,2,30000.0,20495,4,2024,9505.0,31.68
ORD-5119,2023-08-06,Shirt,1,30000.0,22625,8,2023,7375.0,24.58
ORD-5120,2024-02-17,Shirt,3,30000.0,14761,2,2024,15239.0,50.8
ORD-5122,2023-11-12,Shoes,3,50000.0,35599,11,2023,14401.0,28.8
ORD-5123,2024-04-19,Mobile,2,50000.0,2821,4,2024,47179.0,94.36
ORD-5124,2023-08-05,Shoes,3,30000.0,35584,8,2023,-5584.0,-18.61
ORD-5125,2023-04-30,Laptop,1,30000.0,37200,4,2023,-7200.0,-24.0
ORD-5126,2024-03-14,Laptop,1,50000.0,19353,3,2024,30647.0,61.29
ORD-5127,2024-01-29,Mobile,3,2000.0,19768,1,2024,-17768.0,-888.4
ORD-5128,2023-06-24,Shoes,2,30000.0,37447,6,2023,-7447.0,-24.82
ORD-5129,2023-01-23,Laptop,1,50000.0,30184,1,2023,19816.0,39.63
ORD-5130,2023-08-01,Shirt,2,2000.0,17811,8,2023,-15811.0,-790.55
ORD-5131,2024-02-09,Shirt,2,50000.0,27595,2,2024,22405.0,44.81
ORD-5132,2023-08-23,Shirt,1,2000.0,27032,8,2023,-25032.0,-1251.6
ORD-5134,2023-04-11,Shirt,1,2000.0,12954,4,2023,-10954.0,-547.7
ORD-5135,2024-02-21,Shirt,2,30000.0,30793,2,2024,-793.0,-2.64
ORD-5136,2023-01-24,Laptop,1,2000.0,38930,1,2023,-36930.0,-1846.5
ORD-5137,2023-12-30,Laptop,1,2000.0,27806,12,2023,-25806.0,-1290.3
ORD-5138,2023-01-11,Shirt,3,30000.0,24224,1,2023,5776.0,19.25
ORD-5140,2024-03-27,Laptop,1,2000.0,4811,3,2024,-2811.0,-140.55
ORD-5142,2023-10-08,Shoes,1,50000.0,37074,10,2023,12926.0,25.85
ORD-5143,2023-04-04,Shoes,2,50000.0,33719,4,2023,16281.0,32.56
ORD-5144,2023-07-20,Laptop,1,30000.0,9637,7,2023,20363.0,67.88
ORD-5146,2023-12-06,Laptop,3,30000.0,29871,12,2023,129.0,0.43
ORD-5147,2024-04-11,Laptop,1,30000.0,28571,4,2024,1429.0,4.76
ORD-5148,2023-07-30,Laptop,1,2000.0,2401,7,2023,-401.0,-20.05
ORD-5149,2023-05-20,Laptop,3,50000.0,11004,5,2023,38996.0,77.99
ORD-5150,2023-10-20,Mobile,2,30000.0,34313,10,2023,-4313.0,-14.38
ORD-5151,2023-10-25,Shirt,1,2000.0,36301,10,2023,-34301.0,-1715.05
ORD-5152,2024-02-05,Shirt,1,2000.0,35777,2,2024,-33777.0,-1688.85
ORD-5154,2023-10-31,Shoes,2,50000.0,6901,10,2023,43099.0,86.2
ORD-5157,2023-02-10,Shoes,2,30000.0,16763,2,2023,13237.0,44.12
ORD-5159,2023-10-30,Shirt,2,30000.0,11354,10,2023,18646.0,62.15
ORD-5161,2023-05-26,Shoes,1,2000.0,10504,5,2023,-8504.0,-425.2
ORD-5162,2023-09-13,Mobile,3,50000.0,4523,9,2023,45477.0,90.95
ORD-5163,2024-04-06,Shirt,3,50000.0,9707,4,2024,40293.0,80.59
ORD-5164,2023-08-15,Shirt,1,50000.0,22167,8,2023,27833.0,55.67
ORD-5165,2023-08-24,Shirt,2,2000.0,34787,8,2023,-32787.0,-1639.35
ORD-5166,2023-12-27,Laptop,1,2000.0,26871,12,2023,-24871.0,-1243.55
ORD-5171,2023-07-29,Shoes,2,50000.0,36753,7,2023,13247.0,26.49
ORD-5173,2024-02-01,Mobile,3,2000.0,6705,2,2024,-4705.0,-235.25
ORD-5174,2023-04-10,Mobile,1,2000.0,25014,4,2023,-23014.0,-1150.7
ORD-5175,2023-01-31,Shoes,2,2000.0,34473,1,2023,-32473.0,-1623.65
ORD-5176,2024-01-21,Shirt,2,30000.0,29147,1,2024,853.0,2.84
ORD-5177,2023-01-16,Laptop,1,30000.0,3484,1,2023,26516.0,88.39
ORD-5178,2023-05-17,Shirt,3,30000.0,2745,5,2023,27255.0,90.85
ORD-5180,2023-06-15,Mobile,1,50000.0,17216,6,2023,32784.0,65.57
ORD-5181,2024-04-03,Mobile,1,50000.0,33547,4,2024,16453.0,32.91
ORD-5184,2024-04-14,Laptop,1,30000.0,10525,4,2024,19475.0,64.92
ORD-5185,2024-04-25,Laptop,2,2000.0,4114,4,2024,-2114.0,-105.7
ORD-5186,2023-04-10,Shirt,1,2000.0,36704,4,2023,-34704.0,-1735.2
ORD-5187,2023-04-19,Mobile,1,30000.0,21494,4,2023,8506.0,28.35
ORD-5188,2023-12-09,Shoes,1,30000.0,2345,12,2023,27655.0,92.18
ORD-5189,2023-06-22,Shirt,1,50000.0,3041,6,2023,46959.0,93.92
ORD-5190,2023-08-25,Laptop,1,30000.0,15330,8,2023,14670.0,48.9
ORD-5191,2023-06-11,Shoes,1,2000.0,14198,6,2023,-12198.0,-609.9
ORD-5192,2024-01-28,Shoes,1,2000.0,10747,1,2024,-8747.0,-437.35
ORD-5194,2023-09-21,Shoes,1,50000.0,31286,9,2023,18714.0,37.43
ORD-5196,2023-10-19,Mobile,3,50000.0,27110,10,2023,22890.0,45.78
ORD-5198,2023-01-03,Mobile,1,50000.0,33887,1,2023,16113.0,32.23
ORD-5199,2023-01-28,Shoes,3,30000.0,39937,1,2023,-9937.0,-33.12
ORD-5200,2023-11-22,Shirt,2,2000.0,39600,11,2023,-37600.0,-1880.0
ORD-5201,2024-05-06,Shirt,2,30000.0,13246,5,2024,16754.0,55.85
ORD-5202,2024-03-03,Laptop,1,50000.0,28428,3,2024,21572.0,43.14
ORD-5203,2023-05-29,Shirt,1,50000.0,2613,5,2023,47387.0,94.77
ORD-5205,2024-05-02,Shirt,2,50000.0,36801,5,2024,13199.0,26.4
ORD-5206,2023-11-06,Shoes,1,30000.0,6659,11,2023,23341.0,77.8
ORD-5207,2024-03-13,Shoes,3,50000.0,30653,3,2024,19347.0,38.69
ORD-5208,2023-03-06,Mobile,1,50000.0,13080,3,2023,36920.0,73.84
ORD-5210,2023-01-21,Shirt,3,50000.0,16718,1,2023,33282.0,66.56
ORD-5212,2023-08-23,Laptop,3,2000.0,17296,8,2023,-15296.0,-764.8
ORD-5214,2023-01-13,Mobile,1,50000.0,15134,1,2023,34866.0,69.73
ORD-5215,2023-11-09,Shoes,3,2000.0,30337,11,2023,-28337.0,-1416.85
ORD-5216,2023-02-18,Shirt,2,50000.0,1455,2,2023,48545.0,97.09
ORD-5218,2023-02-23,Laptop,3,30000.0,5620,2,2023,24380.0,81.27
ORD-5219,2023-05-18,Laptop,2,2000.0,9867,5,2023,-7867.0,-393.35
ORD-5220,2023-02-22,Mobile,3,30000.0,26577,2,2023,3423.0,11.41
ORD-5221,2023-02-13,Shirt,1,30000.0,29647,2,2023,353.0,1.18
ORD-5222,2023-10-30,Shirt,1,2000.0,26471,10,2023,-24471.0,-1223.55
ORD-5223,2023-02-22,Shoes,3,30000.0,6099,2,2023,23901.0,79.67
ORD-5224,2023-03-15,Shoes,1,30000.0,14887,3,2023,15113.0,50.38
ORD-5225,2023-02-15,Mobile,3,30000.0,28669,2,2023,1331.0,4.44
ORD-5226,2023-01-13,Shoes,3,30000.0,1059,1,2023,28941.0,96.47
ORD-5227,2023-06-14,Shoes,1,2000.0,13673,6,2023,-11673.0,-583.65
ORD-5228,2023-04-12,Shoes,3,50000.0,23695,4,2023,26305.0,52.61
ORD-5229,2023-10-07,Laptop,2,30000.0,6531,10,2023,23469.0,78.23
ORD-5230,2023-09-15,Shoes,2,2000.0,3764,9,2023,-1764.0,-88.2
ORD-5231,2024-04-14,Mobile,1,2000.0,2794,4,2024,-794.0,-39.7
ORD-5232,2023-12-03,Shirt,1,2000.0,11721,12,2023,-9721.0,-486.05
ORD-5233,2023-12-22,Shoes,2,2000.0,6686,12,2023,-4686.0,-234.3
ORD-5235,2023-05-18,Shoes,1,50000.0,38755,5,2023,11245.0,22.49
ORD-5236,2023-06-12,Mobile,2,50000.0,13888,6,2023,36112.0,72.22
ORD-5237,2024-02-13,Laptop,2,30000.0,14533,2,2024,15467.0,51.56
ORD-5238,2024-01-22,Mobile,2,2000.0,22916,1,2024,-20916.0,-1045.8
ORD-5240,2023-04-12,Shoes,1,2000.0,9144,4,2023,-7144.0,-357.2
ORD-5241,2023-01-17,Shoes,2,30000.0,26509,1,2023,3491.0,11.64
ORD-5242,2023-09-25,Laptop,3,50000.0,6437,9,2023,43563.0,87.13
ORD-5243,2023-07-01,Mobile,2,30000.0,25547,7,2023,4453.0,14.84
ORD-5244,2024-01-07,Mobile,1,30000.0,33518,1,2024,-3518.0,-11.73
ORD-5245,2023-01-24,Laptop,1,30000.0,24830,1,2023,5170.0,17.23
ORD-5246,2023-01-29,Shoes,3,30000.0,9749,1,2023,20251.0,67.5
ORD-5247,2023-06-20,Laptop,3,30000.0,23349,6,2023,6651.0,22.17
ORD-5248,2024-02-13,Shoes,1,30000.0,30289,2,2024,-289.0,-0.96
ORD-5249,2023-08-16,Laptop,3,30000.0,6915,8,2023,23085.0,76.95
ORD-5250,2024-01-13,Shoes,1,50000.0,29695,1,2024,20305.0,40.61
ORD-5251,2023-07-07,Laptop,1,50000.0,10734,7,2023,39266.0,78.53
ORD-5252,2023-12-12,Shirt,3,2000.0,15703,12,2023,-13703.0,-685.15
ORD-5253,2023-08-18,Shoes,3,2000.0,23499,8,2023,-21499.0,-1074.95
ORD-5256,2023-04-29,Mobile,1,50000.0,31128,4,2023,18872.0,37.74
ORD-5257,2023-06-05,Laptop,1,50000.0,26583,6,2023,23417.0,46.83
ORD-5259,2023-06-24,Mobile,1,50000.0,29692,6,2023,20308.0,40.62
ORD-5261,2023-04-14,Laptop,2,2000.0,8644,4,2023,-6644.0,-332.2
ORD-5262,2023-04-02,Mobile,1,50000.0,35583,4,2023,14417.0,28.83
ORD-5263,2023-07-05,Mobile,1,50000.0,38069,7,2023,11931.0,23.86
ORD-5265,2023-10-10,Shoes,1,30000.0,11446,10,2023,18554.0,61.85
ORD-5266,2023-06-30,Shoes,1,30000.0,24162,6,2023,5838.0,19.46
ORD-5267,2023-06-19,Shirt,1,2000.0,15150,6,2023,-13150.0,-657.5
ORD-5268,2023-07-06,Shoes,1,50000.0,30837,7,2023,19163.0,38.33
ORD-5269,2023-06-24,Shoes,3,50000.0,37003,6,2023,12997.0,25.99
ORD-5271,2023-08-21,Shirt,1,30000.0,13209,8,2023,16791.0,55.97
ORD-5272,2023-06-11,Shirt,1,30000.0,1983,6,2023,28017.0,93.39
ORD-5273,2024-02-25,Shoes,1,2000.0,33151,2,2024,-31151.0,-1557.55
ORD-5274,2023-05-14,Laptop,1,30000.0,22803,5,2023,7197.0,23.99
ORD-5275,2024-01-26,Laptop,1,30000.0,20378,1,2024,9622.0,32.07
ORD-5276,2024-04-24,Shirt,1,30000.0,8548,4,2024,21452.0,71.51
ORD-5278,2023-06-02,Mobile,3,30000.0,22365,6,2023,7635.0,25.45
ORD-5279,2023-02-02,Shoes,1,2000.0,31707,2,2023,-29707.0,-1485.35
ORD-5280,2023-02-24,Mobile,1,30000.0,25137,2,2023,4863.0,16.21
ORD-5281,2024-03-17,Shirt,1,2000.0,22531,3,2024,-20531.0,-1026.55
ORD-5284,2023-11-09,Laptop,3,2000.0,15756,11,2023,-13756.0,-687.8
ORD-5286,2023-01-12,Shirt,3,50000.0,11046,1,2023,38954.0,77.91
ORD-5287,2023-01-16,Mobile,3,50000.0,24652,1,2023,25348.0,50.7
ORD-5288,2023-07-27,Mobile,1,50000.0,37956,7,2023,12044.0,24.09
ORD-5289,2023-02-12,Laptop,3,50000.0,14886,2,2023,35114.0,70.23
ORD-5290,2024-01-08,Mobile,3,50000.0,21745,1,2024,28255.0,56.51
ORD-5292,2024-04-05,Laptop,2,2000.0,39948,4,2024,-37948.0,-1897.4
ORD-5294,2023-08-16,Laptop,2,30000.0,8794,8,2023,21206.0,70.69
ORD-5295,2023-04-21,Mobile,3,50000.0,7162,4,2023,42838.0,85.68
ORD-5296,2023-11-03,Shirt,1,50000.0,17757,11,2023,32243.0,64.49
ORD-5298,2023-06-09,Mobile,2,30000.0,29765,6,2023,235.0,0.78
ORD-5300,2023-09-21,Laptop,2,2000.0,20404,9,2023,-18404.0,-920.2
ORD-5301,2023-08-13,Shirt,1,50000.0,16380,8,2023,33620.0,67.24
ORD-5303,2023-08-05,Shirt,3,2000.0,20676,8,2023,-18676.0,-933.8
ORD-5304,2024-03-31,Laptop,3,50000.0,24260,3,2024,25740.0,51.48
ORD-5305,2023-02-14,Laptop,1,50000.0,7897,2,2023,42103.0,84.21
ORD-5306,2023-08-02,Mobile,1,50000.0,2564,8,2023,47436.0,94.87
ORD-5307,2023-02-28,Mobile,2,30000.0,14870,2,2023,15130.0,50.43
ORD-5309,2023-04-14,Shoes,3,50000.0,17441,4,2023,32559.0,65.12
ORD-5310,2023-07-14,Shoes,1,50000.0,20880,7,2023,29120.0,58.24
ORD-5311,2024-02-17,Laptop,1,2000.0,11379,2,2024,-9379.0,-468.95
ORD-5313,2023-06-06,Shoes,1,2000.0,30593,6,2023,-28593.0,-1429.65
ORD-5315,2023-08-14,Shoes,1,50000.0,18971,8,2023,31029.0,62.06
ORD-5316,2024-02-16,Shirt,1,30000.0,9969,2,2024,20031.0,66.77
ORD-5317,2023-07-24,Mobile,3,2000.0,21646,7,2023,-19646.0,-982.3
ORD-5318,2023-03-20,Shirt,1,30000.0,4678,3,2023,25322.0,84.41
ORD-5319,2023-05-04,Shirt,3,30000.0,28519,5,2023,1481.0,4.94
ORD-5320,2024-04-15,Mobile,3,30000.0,4343,4,2024,25657.0,85.52
ORD-5323,2023-01-04,Laptop,3,30000.0,38096,1,2023,-8096.0,-26.99
ORD-5324,2023-03-31,Laptop,2,50000.0,38423,3,2023,11577.0,23.15
ORD-5325,2023-04-14,Laptop,1,50000.0,39626,4,2023,10374.0,20.75
ORD-5326,2024-01-28,Shirt,2,30000.0,39388,1,2024,-9388.0,-31.29
ORD-5327,2023-04-29,Shirt,2,2000.0,33332,4,2023,-31332.0,-1566.6
ORD-5328,2023-05-13,Laptop,1,2000.0,35010,5,2023,-33010.0,-1650.5
ORD-5330,2023-04-06,Laptop,2,2000.0,3661,4,2023,-1661.0,-83.05
ORD-5331,2024-04-12,Shoes,1,50000.0,5798,4,2024,44202.0,88.4
ORD-5332,2024-03-09,Mobile,2,30000.0,1540,3,2024,28460.0,94.87
ORD-5333,2023-11-27,Shirt,1,2000.0,23329,11,2023,-21329.0,-1066.45
ORD-5334,2023-05-23,Shirt,3,30000.0,26850,5,2023,3150.0,10.5
ORD-5335,2023-10-15,Shoes,1,2000.0,20169,10,2023,-18169.0,-908.45
ORD-5337,2023-10-05,Shirt,3,50000.0,38485,10,2023,11515.0,23.03
ORD-5339,2023-01-17,Mobile,1,30000.0,8165,1,2023,21835.0,72.78
ORD-5340,2023-02-28,Mobile,1,50000.0,28618,2,2023,21382.0,42.76
ORD-5341,2023-03-31,Shirt,3,50000.0,14754,3,2023,35246.0,70.49
ORD-5343,2023-07-18,Shoes,3,2000.0,15490,7,2023,-13490.0,-674.5
ORD-5345,2024-03-16,Mobile,3,30000.0,8645,3,2024,21355.0,71.18
ORD-5346,2023-01-26,Laptop,2,2000.0,39508,1,2023,-37508.0,-1875.4
ORD-5349,2023-10-28,Shoes,1,2000.0,7018,10,2023,-5018.0,-250.9
ORD-5350,2023-12-05,Laptop,1,2000.0,27374,12,2023,-25374.0,-1268.7
ORD-5351,2023-09-24,Laptop,1,2000.0,6713,9,2023,-4713.0,-235.65
ORD-5353,2023-06-30,Laptop,1,2000.0,22535,6,2023,-20535.0,-1026.75
ORD-5354,2024-03-31,Shirt,2,2000.0,32320,3,2024,-30320.0,-1516.0
ORD-5355,2023-12-26,Shoes,1,2000.0,28563,12,2023,-26563.0,-1328.15
ORD-5356,2023-03-09,Laptop,2,50000.0,19962,3,2023,30038.0,60.08
ORD-5357,2024-05-09,Laptop,3,30000.0,2026,5,2024,27974.0,93.25
ORD-5358,2023-12-17,Shirt,3,2000.0,5473,12,2023,-3473.0,-173.65
ORD-5359,2024-02-16,Shoes,1,30000.0,5667,2,2024,24333.0,81.11
ORD-5360,2024-04-03,Shoes,1,2000.0,28889,4,2024,-26889.0,-1344.45
ORD-5361,2024-05-05,Mobile,2,2000.0,27140,5,2024,-25140.0,-1257.0
ORD-5362,2023-11-17,Mobile,3,50000.0,17970,11,2023,32030.0,64.06
ORD-5363,2023-02-18,Shoes,2,50000.0,16941,2,2023,33059.0,66.12
ORD-5364,2023-06-24,Shirt,3,2000.0,30028,6,2023,-28028.0,-1401.4
ORD-5365,2023-02-21,Shirt,2,2000.0,34452,2,2023,-32452.0,-1622.6
ORD-5366,2023-04-12,Mobile,1,2000.0,23426,4,2023,-21426.0,-1071.3
ORD-5367,2023-08-04,Laptop,1,30000.0,4268,8,2023,25732.0,85.77
ORD-5368,2024-03-13,Shirt,1,2000.0,16193,3,2024,-14193.0,-709.65
ORD-5369,2023-07-07,Laptop,2,30000.0,29066,7,2023,934.0,3.11
ORD-5370,2023-02-26,Shirt,3,50000.0,1658,2,2023,48342.0,96.68
ORD-5371,2023-02-16,Shoes,3,30000.0,35064,2,2023,-5064.0,-16.88
ORD-5372,2023-06-08,Mobile,1,2000.0,35293,6,2023,-33293.0,-1664.65
ORD-5373,2024-05-03,Laptop,1,50000.0,8792,5,2024,41208.0,82.42
ORD-5375,2023-08-30,Shoes,1,50000.0,39557,8,2023,10443.0,20.89
ORD-5377,2023-08-29,Laptop,1,30000.0,39521,8,2023,-9521.0,-31.74
ORD-5378,2024-01-05,Shirt,3,50000.0,24018,1,2024,25982.0,51.96
ORD-5379,2023-01-05,Shoes,1,50000.0,6108,1,2023,43892.0,87.78
ORD-5380,2023-03-25,Mobile,2,50000.0,28150,3,2023,21850.0,43.7
ORD-5381,2023-11-04,Laptop,3,30000.0,6247,11,2023,23753.0,79.18
ORD-5382,2023-12-27,Shirt,1,2000.0,9401,12,2023,-7401.0,-370.05
ORD-5383,2024-04-03,Laptop,1,30000.0,18007,4,2024,11993.0,39.98
ORD-5384,2023-09-05,Shirt,2,50000.0,10997,9,2023,39003.0,78.01
ORD-5385,2023-02-23,Shirt,3,2000.0,6261,2,2023,-4261.0,-213.05
ORD-5386,2023-06-10,Shirt,2,50000.0,5268,6,2023,44732.0,89.46
ORD-5387,2024-03-09,Shoes,2,50000.0,6984,3,2024,43016.0,86.03
ORD-5389,2024-02-15,Laptop,3,50000.0,32862,2,2024,17138.0,34.28
ORD-5390,2023-08-14,Mobile,1,30000.0,33458,8,2023,-3458.0,-11.53
ORD-5391,2023-01-15,Shirt,1,30000.0,1010,1,2023,28990.0,96.63
ORD-5392,2023-08-12,Shirt,2,30000.0,18144,8,2023,11856.0,39.52
ORD-5393,2023-03-02,Mobile,1,2000.0,26903,3,2023,-24903.0,-1245.15
ORD-5396,2023-02-15,Shirt,3,50000.0,10168,2,2023,39832.0,79.66
ORD-5397,2024-03-28,Mobile,1,50000.0,3389,3,2024,46611.0,93.22
ORD-5399,2023-10-21,Shirt,2,2000.0,28033,10,2023,-26033.0,-1301.65
ORD-5400,2023-03-03,Shirt,2,30000.0,12865,3,2023,17135.0,57.12
ORD-5401,2023-03-27,Laptop,2,50000.0,19936,3,2023,30064.0,60.13
ORD-5403,2023-07-29,Laptop,2,2000.0,33252,7,2023,-31252.0,-1562.6
ORD-5404,2023-03-19,Shoes,1,30000.0,36078,3,2023,-6078.0,-20.26
ORD-5405,2023-07-21,Laptop,3,50000.0,4741,7,2023,45259.0,90.52
ORD-5406,2023-10-29,Shoes,2,30000.0,25001,10,2023,4999.0,16.66
ORD-5407,2024-02-01,Shoes,3,30000.0,4839,2,2024,25161.0,83.87
ORD-5410,2023-01-03,Shirt,3,30000.0,26036,1,2023,3964.0,13.21
ORD-5411,2024-04-22,Shoes,2,30000.0,39005,4,2024,-9005.0,-30.02
ORD-5412,2023-01-06,Mobile,1,50000.0,2740,1,2023,47260.0,94.52
ORD-5413,2023-04-03,Mobile,3,2000.0,19508,4,2023,-17508.0,-875.4
ORD-5414,2023-01-08,Laptop,1,2000.0,32611,1,2023,-30611.0,-1530.55
ORD-5415,2024-03-03,Shirt,1,30000.0,6291,3,2024,23709.0,79.03
ORD-5417,2023-08-23,Laptop,3,2000.0,20481,8,2023,-18481.0,-924.05
ORD-5418,2023-04-18,Shirt,1,30000.0,6247,4,2023,23753.0,79.18
ORD-5420,2023-07-28,Mobile,2,50000.0,26319,7,2023,23681.0,47.36
ORD-5421,2023-08-28,Mobile,2,2000.0,24728,8,2023,-22728.0,-1136.4
ORD-5422,2023-11-27,Shoes,3,50000.0,34620,11,2023,15380.0,30.76
ORD-5424,2023-02-19,Mobile,1,30000.0,22310,2,2023,7690.0,25.63
ORD-5425,2023-01-11,Mobile,1,50000.0,22452,1,2023,27548.0,55.1
ORD-5426,2023-12-17,Laptop,2,30000.0,13137,12,2023,16863.0,56.21
ORD-5427,2023-06-05,Mobile,2,2000.0,15905,6,2023,-13905.0,-695.25
ORD-5428,2024-05-06,Shirt,1,50000.0,22773,5,2024,27227.0,54.45
ORD-5429,2023-03-11,Mobile,3,2000.0,31024,3,2023,-29024.0,-1451.2
ORD-5430,2023-06-18,Laptop,3,2000.0,18702,6,2023,-16702.0,-835.1
ORD-5431,2023-09-29,Shirt,1,2000.0,17505,9,2023,-15505.0,-775.25
ORD-5432,2023-03-09,Shirt,1,2000.0,5254,3,2023,-3254.0,-162.7
ORD-5433,2023-12-21,Mobile,3,2000.0,9498,12,2023,-7498.0,-374.9
ORD-5435,2023-02-17,Shirt,1,50000.0,30422,2,2023,19578.0,39.16
ORD-5436,2023-07-03,Laptop,1,30000.0,30733,7,2023,-733.0,-2.44
ORD-5437,2023-11-16,Shoes,1,30000.0,2896,11,2023,27104.0,90.35
ORD-5439,2023-03-31,Shirt,1,30000.0,4911,3,2023,25089.0,83.63
ORD-5440,2024-03-21,Mobile,3,30000.0,9340,3,2024,20660.0,68.87
ORD-5441,2023-11-28,Shoes,1,30000.0,18423,11,2023,11577.0,38.59
ORD-5442,2023-05-19,Mobile,3,50000.0,37672,5,2023,12328.0,24.66
ORD-5443,2023-12-23,Shirt,2,30000.0,5876,12,2023,24124.0,80.41
ORD-5444,2023-03-30,Laptop,1,50000.0,1703,3,2023,48297.0,96.59
ORD-5445,2023-10-01,Shoes,1,30000.0,39238,10,2023,-9238.0,-30.79
ORD-5446,2023-01-19,Laptop,2,30000.0,7440,1,2023,22560.0,75.2
ORD-5447,2024-04-15,Mobile,1,50000.0,32937,4,2024,17063.0,34.13
ORD-5449,2023-12-24,Laptop,3,30000.0,16751,12,2023,13249.0,44.16
ORD-5450,2024-01-09,Shirt,3,2000.0,13730,1,2024,-11730.0,-586.5
ORD-5451,2024-04-10,Shirt,1,2000.0,22380,4,2024,-20380.0,-1019.0
ORD-5453,2024-01-25,Shoes,3,2000.0,38113,1,2024,-36113.0,-1805.65
ORD-5454,2023-09-17,Shirt,3,50000.0,11149,9,2023,38851.0,77.7
ORD-5455,2023-04-18,Shirt,3,30000.0,39402,4,2023,-9402.0,-31.34
ORD-5456,2024-01-06,Laptop,2,30000.0,18381,1,2024,11619.0,38.73
ORD-5457,2023-10-12,Mobile,3,30000.0,33359,10,2023,-3359.0,-11.2
ORD-5458,2023-02-28,Mobile,2,30000.0,1243,2,2023,28757.0,95.86
ORD-5459,2023-05-05,Shoes,3,2000.0,3414,5,2023,-1414.0,-70.7
ORD-5460,2023-12-20,Shirt,3,2000.0,4856,12,2023,-2856.0,-142.8
ORD-5461,2023-09-30,Laptop,3,2000.0,7263,9,2023,-5263.0,-263.15
ORD-5462,2023-04-17,Shoes,2,50000.0,16799,4,2023,33201.0,66.4
ORD-5463,2023-10-26,Laptop,3,2000.0,13470,10,2023,-11470.0,-573.5
ORD-5464,2023-09-02,Shirt,1,2000.0,14772,9,2023,-12772.0,-638.6
ORD-5465,2023-12-02,Shirt,3,30000.0,28382,12,2023,1618.0,5.39
ORD-5466,2024-03-25,Shirt,2,2000.0,34909,3,2024,-32909.0,-1645.45
ORD-5469,2023-01-08,Shoes,1,30000.0,15863,1,2023,14137.0,47.12
ORD-5470,2023-05-21,Mobile,1,2000.0,14584,5,2023,-12584.0,-629.2
ORD-5473,2024-04-22,Shoes,3,50000.0,37965,4,2024,12035.0,24.07
ORD-5474,2023-12-18,Laptop,3,30000.0,26671,12,2023,3329.0,11.1
ORD-5477,2023-04-04,Shoes,1,30000.0,19839,4,2023,10161.0,33.87
ORD-5478,2023-11-17,Shoes,1,2000.0,18774,11,2023,-16774.0,-838.7
ORD-5479,2024-03-02,Mobile,1,30000.0,38693,3,2024,-8693.0,-28.98
ORD-5480,2023-02-08,Mobile,1,50000.0,3469,2,2023,46531.0,93.06
ORD-5481,2023-03-22,Mobile,3,50000.0,13468,3,2023,36532.0,73.06
ORD-5482,2023-07-06,Shoes,1,50000.0,36470,7,2023,13530.0,27.06
ORD-5484,2023-03-29,Laptop,3,2000.0,12370,3,2023,-10370.0,-518.5
ORD-5485,2023-08-30,Shirt,3,50000.0,38198,8,2023,11802.0,23.6
ORD-5486,2023-12-08,Mobile,3,30000.0,39760,12,2023,-9760.0,-32.53
ORD-5487,2023-04-03,Shoes,2,50000.0,29942,4,2023,20058.0,40.12
ORD-5489,2023-02-13,Shirt,1,50000.0,2407,2,2023,47593.0,95.19
ORD-5490,2023-05-17,Shirt,1,2000.0,26976,5,2023,-24976.0,-1248.8
ORD-5491,2024-02-25,Laptop,1,50000.0,39325,2,2024,10675.0,21.35
ORD-5492,2023-03-15,Shoes,1,2000.0,16515,3,2023,-14515.0,-725.75
ORD-5493,2023-02-05,Shirt,2,2000.0,37174,2,2023,-35174.0,-1758.7
ORD-5494,2023-04-11,Laptop,1,30000.0,12794,4,2023,17206.0,57.35
ORD-5495,2024-04-20,Mobile,1,2000.0,6700,4,2024,-4700.0,-235.0
ORD-5498,2023-09-12,Laptop,1,2000.0,11740,9,2023,-9740.0,-487.0
ORD-5499,2023-06-20,Mobile,1,2000.0,2545,6,2023,-545.0,-27.25
ORD-5500,2024-04-13,Shoes,1,50000.0,24691,4,2024,25309.0,50.62
ORD-5501,2023-08-04,Shoes,1,50000.0,17518,8,2023,32482.0,64.96
ORD-5502,2023-06-19,Mobile,1,30000.0,36627,6,2023,-6627.0,-22.09
ORD-5503,2023-09-09,Shoes,3,50000.0,29054,9,2023,20946.0,41.89
ORD-5505,2023-11-18,Shoes,2,50000.0,7003,11,2023,42997.0,85.99
ORD-5506,2023-02-24,Mobile,1,30000.0,35032,2,2023,-5032.0,-16.77
ORD-5507,2024-03-31,Mobile,1,30000.0,19156,3,2024,10844.0,36.15
ORD-5508,2024-03-07,Mobile,1,2000.0,28563,3,2024,-26563.0,-1328.15
ORD-5509,2023-04-01,Shirt,2,30000.0,7725,4,2023,22275.0,74.25
ORD-5510,2023-10-05,Mobile,2,2000.0,22682,10,2023,-20682.0,-1034.1
ORD-5513,2024-01-12,Shoes,1,50000.0,37740,1,2024,12260.0,24.52
ORD-5514,2023-12-15,Shirt,1,30000.0,8594,12,2023,21406.0,71.35
ORD-5516,2023-12-30,Laptop,1,2000.0,28350,12,2023,-26350.0,-1317.5
ORD-5517,2023-05-21,Mobile,2,30000.0,16874,5,2023,13126.0,43.75
ORD-5518,2023-06-22,Shirt,3,30000.0,5480,6,2023,24520.0,81.73
ORD-5519,2023-01-10,Shoes,2,2000.0,31435,1,2023,-29435.0,-1471.75
ORD-5520,2023-08-16,Shirt,1,30000.0,31120,8,2023,-1120.0,-3.73
ORD-5521,2023-09-22,Shirt,3,30000.0,7619,9,2023,22381.0,74.6
ORD-5523,2023-09-05,Shirt,1,2000.0,10382,9,2023,-8382.0,-419.1
ORD-5525,2023-06-04,Shoes,3,2000.0,20788,6,2023,-18788.0,-939.4
ORD-5526,2023-02-03,Mobile,1,50000.0,23026,2,2023,26974.0,53.95
ORD-5527,2024-05-13,Shoes,3,30000.0,18173,5,2024,11827.0,39.42
ORD-5528,2023-05-09,Laptop,1,30000.0,24280,5,2023,5720.0,19.07
ORD-5530,2023-03-30,Shirt,2,30000.0,7710,3,2023,22290.0,74.3
ORD-5531,2023-04-03,Shirt,3,30000.0,34588,4,2023,-4588.0,-15.29
ORD-5534,2023-11-19,Laptop,1,2000.0,32152,11,2023,-30152.0,-1507.6
ORD-5535,2024-04-12,Mobile,1,50000.0,21449,4,2024,28551.0,57.1
ORD-5537,2023-04-27,Shoes,2,2000.0,31466,4,2023,-29466.0,-1473.3
ORD-5539,2023-06-12,Laptop,2,2000.0,25279,6,2023,-23279.0,-1163.95
ORD-5540,2023-04-09,Mobile,1,50000.0,12837,4,2023,37163.0,74.33
ORD-5541,2023-04-23,Laptop,1,2000.0,25209,4,2023,-23209.0,-1160.45
ORD-5542,2023-12-25,Shoes,3,2000.0,13220,12,2023,-11220.0,-561.0
ORD-5543,2023-04-01,Shirt,3,30000.0,4965,4,2023,25035.0,83.45
ORD-5545,2023-07-25,Shoes,2,2000.0,28230,7,2023,-26230.0,-1311.5
ORD-5547,2023-10-01,Mobile,1,2000.0,28870,10,2023,-26870.0,-1343.5
ORD-5548,2023-06-22,Laptop,3,30000.0,18373,6,2023,11627.0,38.76
ORD-5549,2023-04-26,Shirt,3,30000.0,30155,4,2023,-155.0,-0.52
ORD-5550,2023-12-15,Shirt,2,50000.0,34474,12,2023,15526.0,31.05
ORD-5551,2024-04-12,Shirt,3,2000.0,24036,4,2024,-22036.0,-1101.8
ORD-5552,2023-06-30,Shirt,2,30000.0,5847,6,2023,24153.0,80.51
ORD-5554,2023-03-23,Shirt,1,2000.0,13893,3,2023,-11893.0,-594.65
ORD-5555,2023-11-20,Shoes,1,2000.0,5649,11,2023,-3649.0,-182.45
ORD-5556,2024-03-24,Laptop,3,50000.0,31571,3,2024,18429.0,36.86
ORD-5558,2023-09-14,Laptop,1,50000.0,25428,9,2023,24572.0,49.14
ORD-5559,2023-02-27,Shoes,1,2000.0,23533,2,2023,-21533.0,-1076.65
ORD-5560,2023-06-03,Shoes,2,50000.0,11106,6,2023,38894.0,77.79
ORD-5561,2023-12-31,Laptop,1,2000.0,33313,12,2023,-31313.0,-1565.65
ORD-5562,2024-02-08,Shirt,2,2000.0,21394,2,2024,-19394.0,-969.7
ORD-5563,2023-04-26,Shirt,1,50000.0,13277,4,2023,36723.0,73.45
ORD-5564,2023-12-09,Shoes,1,50000.0,16448,12,2023,33552.0,67.1
ORD-5565,2023-09-23,Shirt,2,2000.0,14133,9,2023,-12133.0,-606.65
ORD-5566,2023-11-11,Shoes,1,50000.0,5646,11,2023,44354.0,88.71
ORD-5567,2023-07-22,Shirt,1,50000.0,14708,7,2023,35292.0,70.58
ORD-5568,2023-02-10,Shoes,1,2000.0,7090,2,2023,-5090.0,-254.5
ORD-5570,2024-01-24,Shirt,1,50000.0,27221,1,2024,22779.0,45.56
ORD-5571,2024-01-13,Shirt,2,50000.0,16392,1,2024,33608.0,67.22
ORD-5572,2023-07-12,Shirt,1,30000.0,36304,7,2023,-6304.0,-21.01
ORD-5574,2023-10-05,Shirt,1,50000.0,15793,10,2023,34207.0,68.41
ORD-5575,2023-12-20,Laptop,2,2000.0,32794,12,2023,-30794.0,-1539.7
ORD-5576,2023-08-25,Laptop,2,30000.0,8438,8,2023,21562.0,71.87
ORD-5577,2024-02-29,Shoes,3,30000.0,19895,2,2024,10105.0,33.68
ORD-5578,2023-08-09,Laptop,3,30000.0,19474,8,2023,10526.0,35.09
ORD-5579,2023-03-09,Laptop,1,50000.0,38402,3,2023,11598.0,23.2
ORD-5580,2023-07-16,Mobile,3,2000.0,17951,7,2023,-15951.0,-797.55
ORD-5581,2023-09-13,Shirt,3,30000.0,17504,9,2023,12496.0,41.65
ORD-5583,2023-11-08,Shirt,2,30000.0,9507,11,2023,20493.0,68.31
ORD-5584,2024-03-10,Laptop,2,30000.0,30810,3,2024,-810.0,-2.7
ORD-5586,2023-04-09,Mobile,1,30000.0,21447,4,2023,8553.0,28.51
ORD-5587,2023-03-17,Laptop,3,30000.0,34221,3,2023,-4221.0,-14.07
ORD-5589,2024-01-06,Shoes,2,50000.0,1958,1,2024,48042.0,96.08
ORD-5591,2023-04-19,Shoes,2,50000.0,30318,4,2023,19682.0,39.36
ORD-5592,2023-07-07,Mobile,1,50000.0,34530,7,2023,15470.0,30.94
ORD-5593,2023-07-18,Shoes,2,50000.0,30840,7,2023,19160.0,38.32
ORD-5596,2023-06-03,Laptop,1,50000.0,33071,6,2023,16929.0,33.86
ORD-5598,2023-05-13,Shirt,2,50000.0,7746,5,2023,42254.0,84.51
ORD-5600,2024-04-06,Mobile,1,2000.0,39658,4,2024,-37658.0,-1882.9
ORD-5604,2023-03-25,Shoes,1,50000.0,3545,3,2023,46455.0,92.91
ORD-5605,2024-02-03,Laptop,1,50000.0,15447,2,2024,34553.0,69.11
ORD-5606,2023-08-30,Shoes,1,2000.0,30959,8,2023,-28959.0,-1447.95
ORD-5607,2023-04-26,Mobile,1,2000.0,12677,4,2023,-10677.0,-533.85
ORD-5608,2023-04-19,Shoes,2,30000.0,9560,4,2023,20440.0,68.13
ORD-5609,2023-08-09,Laptop,1,2000.0,4662,8,2023,-2662.0,-133.1
ORD-5610,2024-01-27,Shirt,3,50000.0,14055,1,2024,35945.0,71.89
ORD-5611,2023-02-10,Laptop,3,2000.0,13798,2,2023,-11798.0,-589.9
ORD-5612,2024-01-03,Shoes,1,2000.0,5808,1,2024,-3808.0,-190.4
ORD-5614,2023-04-22,Shirt,3,2000.0,14107,4,2023,-12107.0,-605.35
ORD-5615,2023-04-13,Mobile,1,30000.0,7520,4,2023,22480.0,74.93
ORD-5617,2024-02-16,Shirt,2,50000.0,24501,2,2024,25499.0,51.0
ORD-5618,2024-05-08,Shirt,1,30000.0,37191,5,2024,-7191.0,-23.97
ORD-5619,2024-04-19,Shirt,3,50000.0,30476,4,2024,19524.0,39.05
ORD-5620,2023-11-20,Laptop,1,30000.0,27948,11,2023,2052.0,6.84
ORD-5622,2023-09-28,Laptop,1,30000.0,18481,9,2023,11519.0,38.4
ORD-5623,2024-04-27,Mobile,2,30000.0,11718,4,2024,18282.0,60.94
ORD-5624,2024-02-25,Shirt,1,2000.0,16373,2,2024,-14373.0,-718.65
ORD-5625,2024-01-20,Shoes,1,50000.0,24244,1,2024,25756.0,51.51
ORD-5627,2024-01-02,Shirt,1,30000.0,28629,1,2024,1371.0,4.57
ORD-5628,2023-10-07,Shoes,1,50000.0,32257,10,2023,17743.0,35.49
ORD-5629,2023-10-10,Mobile,3,50000.0,19327,10,2023,30673.0,61.35
ORD-5630,2023-02-09,Mobile,1,2000.0,35487,2,2023,-33487.0,-1674.35
ORD-5631,2024-03-22,Laptop,1,50000.0,6768,3,2024,43232.0,86.46
ORD-5633,2023-06-13,Laptop,2,2000.0,10166,6,2023,-8166.0,-408.3
ORD-5634,2024-04-26,Laptop,1,30000.0,31743,4,2024,-1743.0,-5.81
ORD-5638,2024-05-04,Laptop,3,2000.0,8203,5,2024,-6203.0,-310.15
ORD-5639,2023-01-04,Mobile,1,50000.0,5641,1,2023,44359.0,88.72
ORD-5641,2023-10-17,Mobile,1,50000.0,15374,10,2023,34626.0,69.25
ORD-5642,2024-03-16,Mobile,1,50000.0,15546,3,2024,34454.0,68.91
ORD-5644,2024-04-15,Shirt,1,50000.0,34359,4,2024,15641.0,31.28
ORD-5645,2023-06-30,Laptop,3,2000.0,34517,6,2023,-32517.0,-1625.85
ORD-5646,2023-09-05,Mobile,1,2000.0,35987,9,2023,-33987.0,-1699.35
ORD-5647,2023-04-26,Shoes,1,30000.0,10029,4,2023,19971.0,66.57
ORD-5648,2023-10-06,Shirt,2,50000.0,12322,10,2023,37678.0,75.36
ORD-5649,2023-12-31,Shirt,2,50000.0,13654,12,2023,36346.0,72.69
ORD-5650,2023-03-10,Mobile,1,30000.0,10965,3,2023,19035.0,63.45
ORD-5651,2023-12-17,Shirt,1,2000.0,8508,12,2023,-6508.0,-325.4
ORD-5652,2023-09-11,Shirt,1,30000.0,36338,9,2023,-6338.0,-21.13
ORD-5653,2023-06-30,Shoes,1,30000.0,23132,6,2023,6868.0,22.89
ORD-5654,2023-11-14,Mobile,1,30000.0,1264,11,2023,28736.0,95.79
ORD-5655,2023-06-18,Shirt,3,50000.0,17025,6,2023,32975.0,65.95
ORD-5656,2023-11-09,Mobile,3,50000.0,12488,11,2023,37512.0,75.02
ORD-5657,2023-09-06,Shirt,2,50000.0,1388,9,2023,48612.0,97.22
ORD-5658,2023-07-07,Shoes,3,50000.0,3071,7,2023,46929.0,93.86
ORD-5660,2023-11-22,Shirt,1,30000.0,15454,11,2023,14546.0,48.49
ORD-5661,2023-12-23,Shoes,2,30000.0,8840,12,2023,21160.0,70.53
ORD-5662,2023-11-09,Shirt,3,50000.0,30654,11,2023,19346.0,38.69
ORD-5663,2023-05-18,Mobile,1,2000.0,12849,5,2023,-10849.0,-542.45
ORD-5666,2023-04-13,Mobile,3,2000.0,23442,4,2023,-21442.0,-1072.1
ORD-5667,2024-02-26,Shirt,1,50000.0,7630,2,2024,42370.0,84.74
ORD-5670,2023-07-31,Shoes,1,30000.0,3393,7,2023,26607.0,88.69
ORD-5671,2023-01-03,Shoes,1,30000.0,30144,1,2023,-144.0,-0.48
ORD-5672,2024-01-19,Shirt,1,50000.0,15091,1,2024,34909.0,69.82
ORD-5673,2023-06-28,Shoes,2,50000.0,23455,6,2023,26545.0,53.09
ORD-5674,2023-12-08,Shoes,1,30000.0,35818,12,2023,-5818.0,-19.39
ORD-5675,2023-10-30,Laptop,2,30000.0,4121,10,2023,25879.0,86.26
ORD-5676,2024-03-27,Shoes,2,30000.0,10116,3,2024,19884.0,66.28
ORD-5677,2024-04-20,Laptop,3,2000.0,5971,4,2024,-3971.0,-198.55
ORD-5679,2023-02-07,Laptop,2,50000.0,25079,2,2023,24921.0,49.84
ORD-5680,2024-05-13,Mobile,3,50000.0,29327,5,2024,20673.0,41.35
ORD-5681,2024-02-24,Mobile,3,2000.0,37122,2,2024,-35122.0,-1756.1
ORD-5682,2023-08-27,Laptop,2,30000.0,38242,8,2023,-8242.0,-27.47
ORD-5684,2024-03-28,Shirt,3,30000.0,13412,3,2024,16588.0,55.29
ORD-5685,2024-02-01,Mobile,3,50000.0,6521,2,2024,43479.0,86.96
ORD-5686,2023-12-09,Laptop,1,2000.0,30151,12,2023,-28151.0,-1407.55
ORD-5691,2023-12-23,Mobile,2,2000.0,24379,12,2023,-22379.0,-1118.95
ORD-5692,2023-01-25,Shirt,1,50000.0,25265,1,2023,24735.0,49.47
ORD-5695,2024-03-10,Shirt,1,50000.0,22080,3,2024,27920.0,55.84
ORD-5696,2023-07-25,Shirt,1,30000.0,13445,7,2023,16555.0,55.18
ORD-5699,2024-05-10,Laptop,1,30000.0,39570,5,2024,-9570.0,-31.9
ORD-5700,2024-01-14,Laptop,1,50000.0,1544,1,2024,48456.0,96.91
ORD-5701,2023-02-16,Laptop,1,50000.0,17052,2,2023,32948.0,65.9
ORD-5703,2023-08-16,Mobile,3,50000.0,36396,8,2023,13604.0,27.21
ORD-5704,2023-02-08,Laptop,1,30000.0,37219,2,2023,-7219.0,-24.06
ORD-5705,2023-01-16,Shirt,2,2000.0,2436,1,2023,-436.0,-21.8
ORD-5706,2023-01-22,Mobile,3,30000.0,12007,1,2023,17993.0,59.98
ORD-5707,2023-08-01,Shirt,2,30000.0,29341,8,2023,659.0,2.2
ORD-5708,2023-11-06,Laptop,3,2000.0,32014,11,2023,-30014.0,-1500.7
ORD-5709,2023-05-29,Laptop,1,30000.0,36830,5,2023,-6830.0,-22.77
ORD-5712,2023-09-29,Shirt,3,50000.0,38179,9,2023,11821.0,23.64
ORD-5713,2023-02-28,Shoes,1,50000.0,5841,2,2023,44159.0,88.32
ORD-5714,2023-10-14,Shoes,2,30000.0,18102,10,2023,11898.0,39.66
ORD-5717,2023-02-01,Mobile,2,2000.0,12093,2,2023,-10093.0,-504.65
ORD-5718,2024-03-18,Laptop,3,50000.0,8546,3,2024,41454.0,82.91
ORD-5720,2023-09-12,Laptop,2,30000.0,22584,9,2023,7416.0,24.72
ORD-5722,2023-01-09,Laptop,1,50000.0,15484,1,2023,34516.0,69.03
ORD-5723,2024-04-09,Mobile,3,30000.0,15101,4,2024,14899.0,49.66
ORD-5724,2023-05-19,Shoes,1,50000.0,37248,5,2023,12752.0,25.5
ORD-5728,2023-09-30,Mobile,2,50000.0,9221,9,2023,40779.0,81.56
ORD-5729,2023-11-20,Mobile,3,30000.0,20877,11,2023,9123.0,30.41
ORD-5733,2023-06-02,Mobile,3,2000.0,39049,6,2023,-37049.0,-1852.45
ORD-5734,2023-05-03,Mobile,1,2000.0,2251,5,2023,-251.0,-12.55
ORD-5735,2024-02-09,Laptop,1,30000.0,33588,2,2024,-3588.0,-11.96
ORD-5736,2023-12-23,Mobile,1,50000.0,7889,12,2023,42111.0,84.22
ORD-5739,2023-11-17,Shoes,1,50000.0,35546,11,2023,14454.0,28.91
ORD-5740,2023-07-10,Shirt,2,50000.0,9052,7,2023,40948.0,81.9
ORD-5741,2023-08-05,Shoes,1,30000.0,33548,8,2023,-3548.0,-11.83
ORD-5742,2023-02-20,Shirt,1,50000.0,38638,2,2023,11362.0,22.72
ORD-5744,2023-03-22,Mobile,2,30000.0,3847,3,2023,26153.0,87.18
ORD-5745,2024-05-03,Shoes,1,2000.0,21234,5,2024,-19234.0,-961.7
ORD-5746,2024-01-18,Laptop,1,30000.0,20454,1,2024,9546.0,31.82
ORD-5747,2023-03-29,Mobile,3,30000.0,34388,3,2023,-4388.0,-14.63
ORD-5748,2023-07-13,Mobile,1,30000.0,34731,7,2023,-4731.0,-15.77
ORD-5749,2023-04-14,Mobile,2,50000.0,27076,4,2023,22924.0,45.85
ORD-5751,2023-04-06,Laptop,1,50000.0,17003,4,2023,32997.0,65.99
ORD-5753,2024-01-14,Mobile,2,50000.0,18710,1,2024,31290.0,62.58
ORD-5754,2023-07-17,Shoes,1,30000.0,1121,7,2023,28879.0,96.26
ORD-5756,2024-05-09,Shirt,2,50000.0,28773,5,2024,21227.0,42.45
ORD-5757,2024-02-11,Shoes,2,30000.0,18566,2,2024,11434.0,38.11
ORD-5758,2024-01-13,Shoes,2,2000.0,34562,1,2024,-32562.0,-1628.1
ORD-5759,2023-06-16,Shoes,1,50000.0,21655,6,2023,28345.0,56.69
ORD-5760,2023-05-06,Shoes,3,50000.0,9483,5,2023,40517.0,81.03
ORD-5761,2023-11-09,Laptop,3,2000.0,33688,11,2023,-31688.0,-1584.4
ORD-5762,2023-03-22,Mobile,1,50000.0,26209,3,2023,23791.0,47.58
ORD-5763,2024-02-22,Shoes,2,2000.0,19556,2,2024,-17556.0,-877.8
ORD-5765,2023-06-18,Shirt,1,2000.0,16638,6,2023,-14638.0,-731.9
ORD-5766,2024-04-21,Mobile,1,30000.0,39754,4,2024,-9754.0,-32.51
ORD-5767,2023-03-14,Laptop,3,2000.0,37675,3,2023,-35675.0,-1783.75
ORD-5769,2023-03-11,Shoes,1,2000.0,8081,3,2023,-6081.0,-304.05
ORD-5770,2023-09-19,Laptop,3,2000.0,14353,9,2023,-12353.0,-617.65
ORD-5772,2023-11-04,Shoes,2,50000.0,6760,11,2023,43240.0,86.48
ORD-5773,2023-09-02,Shirt,1,50000.0,14771,9,2023,35229.0,70.46
ORD-5774,2023-01-03,Shoes,1,30000.0,1490,1,2023,28510.0,95.03
ORD-5775,2023-12-03,Mobile,1,30000.0,5263,12,2023,24737.0,82.46
ORD-5776,2023-03-04,Shoes,1,2000.0,8769,3,2023,-6769.0,-338.45
ORD-5777,2023-02-18,Shirt,1,50000.0,26334,2,2023,23666.0,47.33
ORD-5778,2023-03-17,Shoes,2,50000.0,18581,3,2023,31419.0,62.84
ORD-5779,2024-01-03,Mobile,3,2000.0,33749,1,2024,-31749.0,-1587.45
ORD-5781,2023-04-19,Shirt,1,50000.0,2904,4,2023,47096.0,94.19
ORD-5782,2023-07-02,Mobile,2,30000.0,6269,7,2023,23731.0,79.1
ORD-5783,2023-07-11,Mobile,3,2000.0,31968,7,2023,-29968.0,-1498.4
ORD-5785,2023-12-03,Laptop,1,30000.0,13467,12,2023,16533.0,55.11
ORD-5786,2024-03-26,Mobile,1,50000.0,36959,3,2024,13041.0,26.08
ORD-5788,2023-09-28,Shirt,3,30000.0,23644,9,2023,6356.0,21.19
ORD-5789,2023-04-10,Shirt,2,2000.0,36518,4,2023,-34518.0,-1725.9
ORD-5792,2023-05-08,Mobile,3,2000.0,5357,5,2023,-3357.0,-167.85
ORD-5793,2024-03-27,Laptop,2,50000.0,29301,3,2024,20699.0,41.4
ORD-5794,2024-02-06,Laptop,1,50000.0,11865,2,2024,38135.0,76.27
ORD-5798,2024-01-07,Mobile,3,30000.0,32403,1,2024,-2403.0,-8.01
ORD-5800,2024-05-02,Shoes,2,50000.0,3921,5,2024,46079.0,92.16
ORD-5801,2023-03-19,Laptop,1,2000.0,35201,3,2023,-33201.0,-1660.05
ORD-5802,2023-11-10,Laptop,2,2000.0,5428,11,2023,-3428.0,-171.4
ORD-5803,2023-10-16,Shoes,2,2000.0,9111,10,2023,-7111.0,-355.55
ORD-5806,2023-07-08,Shirt,3,2000.0,13366,7,2023,-11366.0,-568.3
ORD-5807,2023-09-04,Shoes,2,30000.0,31564,9,2023,-1564.0,-5.21
ORD-5808,2024-01-23,Shoes,1,30000.0,10975,1,2024,19025.0,63.42
ORD-5809,2023-08-04,Mobile,1,30000.0,3642,8,2023,26358.0,87.86
ORD-5810,2023-11-11,Shirt,1,30000.0,14849,11,2023,15151.0,50.5
ORD-5811,2024-02-17,Mobile,2,50000.0,37479,2,2024,12521.0,25.04
ORD-5812,2023-12-05,Laptop,3,2000.0,20344,12,2023,-18344.0,-917.2
ORD-5813,2024-01-25,Laptop,1,50000.0,22214,1,2024,27786.0,55.57
ORD-5815,2024-04-25,Shirt,3,30000.0,27155,4,2024,2845.0,9.48
ORD-5816,2024-03-08,Laptop,3,30000.0,23522,3,2024,6478.0,21.59
ORD-5817,2023-06-17,Mobile,1,2000.0,7680,6,2023,-5680.0,-284.0
ORD-5818,2023-12-05,Shirt,3,30000.0,13507,12,2023,16493.0,54.98
ORD-5819,2023-07-12,Mobile,1,2000.0,10419,7,2023,-8419.0,-420.95
ORD-5821,2023-10-10,Shirt,1,30000.0,23559,10,2023,6441.0,21.47
ORD-5822,2023-12-02,Mobile,2,30000.0,4160,12,2023,25840.0,86.13
ORD-5823,2024-01-25,Mobile,1,50000.0,8872,1,2024,41128.0,82.26
ORD-5824,2024-05-02,Shirt,3,2000.0,8839,5,2024,-6839.0,-341.95
ORD-5825,2023-01-13,Shoes,1,2000.0,16652,1,2023,-14652.0,-732.6
ORD-5826,2023-08-28,Shirt,1,30000.0,7859,8,2023,22141.0,73.8
ORD-5827,2023-11-16,Laptop,3,50000.0,34520,11,2023,15480.0,30.96
ORD-5828,2024-03-21,Laptop,3,30000.0,14304,3,2024,15696.0,52.32
ORD-5829,2024-04-27,Shoes,1,2000.0,4980,4,2024,-2980.0,-149.0
ORD-5830,2023-05-27,Mobile,1,2000.0,1425,5,2023,575.0,28.75
ORD-5831,2023-07-23,Mobile,1,30000.0,9141,7,2023,20859.0,69.53
ORD-5833,2024-01-14,Shirt,1,30000.0,32803,1,2024,-2803.0,-9.34
ORD-5834,2023-02-12,Shirt,1,50000.0,5106,2,2023,44894.0,89.79
ORD-5835,2024-04-02,Shoes,1,2000.0,21087,4,2024,-19087.0,-954.35
ORD-5836,2023-03-30,Laptop,1,2000.0,2408,3,2023,-408.0,-20.4
ORD-5837,2023-05-28,Mobile,3,30000.0,20865,5,2023,9135.0,30.45
ORD-5839,2024-03-27,Shirt,3,2000.0,16843,3,2024,-14843.0,-742.15
ORD-5840,2024-03-03,Shirt,1,30000.0,29477,3,2024,523.0,1.74
ORD-5842,2023-01-02,Laptop,2,30000.0,28330,1,2023,1670.0,5.57
ORD-5843,2024-01-11,Shoes,2,30000.0,30211,1,2024,-211.0,-0.7
ORD-5844,2023-01-22,Shoes,1,30000.0,38569,1,2023,-8569.0,-28.56
ORD-5845,2024-01-06,Shirt,2,2000.0,33667,1,2024,-31667.0,-1583.35
ORD-5847,2024-04-29,Laptop,2,50000.0,39548,4,2024,10452.0,20.9
ORD-5848,2023-11-24,Shirt,1,50000.0,30169,11,2023,19831.0,39.66
ORD-5849,2023-01-07,Laptop,3,2000.0,12260,1,2023,-10260.0,-513.0
ORD-5850,2023-07-25,Laptop,1,2000.0,33350,7,2023,-31350.0,-1567.5
ORD-5851,2024-03-15,Shoes,3,30000.0,33678,3,2024,-3678.0,-12.26
ORD-5852,2024-01-10,Shirt,3,30000.0,18910,1,2024,11090.0,36.97
ORD-5854,2023-04-24,Shirt,2,30000.0,18725,4,2023,11275.0,37.58
ORD-5856,2023-03-24,Shoes,3,30000.0,30989,3,2023,-989.0,-3.3
ORD-5857,2023-06-28,Laptop,1,30000.0,25505,6,2023,4495.0,14.98
ORD-5858,2023-07-29,Shirt,1,50000.0,6559,7,2023,43441.0,86.88
ORD-5859,2024-05-14,Mobile,3,2000.0,39694,5,2024,-37694.0,-1884.7
ORD-5861,2023-11-24,Shoes,3,50000.0,9707,11,2023,40293.0,80.59
ORD-5862,2023-05-04,Laptop,3,30000.0,29019,5,2023,981.0,3.27
ORD-5863,2024-04-25,Laptop,1,50000.0,23841,4,2024,26159.0,52.32
ORD-5865,2023-01-12,Shoes,1,2000.0,36362,1,2023,-34362.0,-1718.1
ORD-5866,2023-05-06,Shirt,2,50000.0,37424,5,2023,12576.0,25.15
ORD-5868,2023-11-27,Shoes,2,30000.0,10740,11,2023,19260.0,64.2
ORD-5869,2024-01-24,Shoes,3,50000.0,4155,1,2024,45845.0,91.69
ORD-5870,2023-10-10,Shoes,1,2000.0,24572,10,2023,-22572.0,-1128.6
ORD-5872,2024-02-05,Shirt,1,2000.0,11497,2,2024,-9497.0,-474.85
ORD-5873,2024-01-25,Shirt,1,30000.0,20431,1,2024,9569.0,31.9
ORD-5874,2023-04-07,Laptop,1,2000.0,36357,4,2023,-34357.0,-1717.85
ORD-5875,2023-01-05,Laptop,2,30000.0,24167,1,2023,5833.0,19.44
ORD-5876,2023-02-26,Shoes,1,30000.0,6942,2,2023,23058.0,76.86
ORD-5877,2024-02-16,Laptop,2,50000.0,19983,2,2024,30017.0,60.03
ORD-5878,2023-11-30,Mobile,3,30000.0,36276,11,2023,-6276.0,-20.92
ORD-5879,2023-03-10,Shirt,3,2000.0,18577,3,2023,-16577.0,-828.85
ORD-5880,2023-04-28,Shirt,2,50000.0,6915,4,2023,43085.0,86.17
ORD-5881,2024-01-11,Laptop,3,30000.0,27333,1,2024,2667.0,8.89
ORD-5884,2023-11-14,Shoes,1,30000.0,10564,11,2023,19436.0,64.79
ORD-5885,2023-02-19,Mobile,1,50000.0,12105,2,2023,37895.0,75.79
ORD-5886,2024-01-03,Shirt,1,50000.0,21056,1,2024,28944.0,57.89
ORD-5887,2024-05-03,Mobile,1,50000.0,33135,5,2024,16865.0,33.73
ORD-5888,2023-01-19,Shirt,1,2000.0,33812,1,2023,-31812.0,-1590.6
ORD-5890,2023-07-16,Laptop,1,30000.0,23772,7,2023,6228.0,20.76
ORD-5891,2024-01-14,Mobile,1,30000.0,16421,1,2024,13579.0,45.26
ORD-5893,2024-04-22,Laptop,1,2000.0,8775,4,2024,-6775.0,-338.75
ORD-5894,2023-02-16,Shirt,2,50000.0,27946,2,2023,22054.0,44.11
ORD-5896,2024-03-27,Laptop,1,30000.0,14372,3,2024,15628.0,52.09
ORD-5897,2023-10-16,Mobile,3,2000.0,30814,10,2023,-28814.0,-1440.7
ORD-5898,2023-05-21,Mobile,3,30000.0,23607,5,2023,6393.0,21.31
ORD-5899,2023-03-25,Mobile,2,50000.0,28957,3,2023,21043.0,42.09
ORD-5901,2024-01-26,Shirt,2,50000.0,9216,1,2024,40784.0,81.57
ORD-5902,2023-03-20,Mobile,3,2000.0,11006,3,2023,-9006.0,-450.3
ORD-5904,2023-01-14,Mobile,1,50000.0,35016,1,2023,14984.0,29.97
ORD-5905,2023-08-03,Laptop,1,50000.0,26354,8,2023,23646.0,47.29
ORD-5906,2024-02-07,Laptop,3,50000.0,20226,2,2024,29774.0,59.55
ORD-5907,2023-05-08,Shirt,1,2000.0,39466,5,2023,-37466.0,-1873.3
ORD-5908,2023-11-06,Shirt,2,50000.0,18966,11,2023,31034.0,62.07
ORD-5909,2024-04-21,Laptop,3,30000.0,5848,4,2024,24152.0,80.51
ORD-5912,2023-01-29,Mobile,2,50000.0,11924,1,2023,38076.0,76.15
ORD-5913,2023-10-07,Shoes,3,2000.0,5642,10,2023,-3642.0,-182.1
ORD-5914,2023-12-04,Laptop,2,30000.0,6196,12,2023,23804.0,79.35
ORD-5915,2023-11-15,Shoes,1,30000.0,12155,11,2023,17845.0,59.48
ORD-5918,2023-02-26,Shirt,2,30000.0,39966,2,2023,-9966.0,-33.22
ORD-5920,2023-08-06,Shirt,2,50000.0,16965,8,2023,33035.0,66.07
ORD-5921,2023-03-03,Shirt,1,30000.0,32990,3,2023,-2990.0,-9.97
ORD-5923,2023-07-21,Mobile,2,50000.0,27843,7,2023,22157.0,44.31
ORD-5924,2023-01-17,Shoes,2,50000.0,6490,1,2023,43510.0,87.02
ORD-5925,2023-11-18,Shoes,1,30000.0,22719,11,2023,7281.0,24.27
ORD-5926,2023-01-06,Mobile,3,50000.0,39684,1,2023,10316.0,20.63
ORD-5927,2023-02-27,Mobile,1,30000.0,19894,2,2023,10106.0,33.69
ORD-5928,2023-11-21,Laptop,2,50000.0,31837,11,2023,18163.0,36.33
ORD-5929,2024-02-16,Shoes,2,30000.0,2746,2,2024,27254.0,90.85
ORD-5930,2023-11-14,Shoes,1,30000.0,26071,11,2023,3929.0,13.1
ORD-5931,2023-06-18,Mobile,1,30000.0,9170,6,2023,20830.0,69.43
ORD-5932,2024-03-28,Laptop,3,30000.0,34401,3,2024,-4401.0,-14.67
ORD-5933,2023-03-23,Mobile,1,50000.0,13889,3,2023,36111.0,72.22
ORD-5934,2024-04-18,Mobile,3,30000.0,20104,4,2024,9896.0,32.99
ORD-5936,2024-02-29,Shoes,1,50000.0,28736,2,2024,21264.0,42.53
ORD-5937,2024-03-08,Laptop,1,30000.0,9152,3,2024,20848.0,69.49
ORD-5938,2023-08-07,Shirt,2,50000.0,20741,8,2023,29259.0,58.52
ORD-5939,2023-06-26,Shoes,1,50000.0,38160,6,2023,11840.0,23.68
ORD-5940,2023-07-23,Mobile,1,50000.0,39147,7,2023,10853.0,21.71
ORD-5941,2023-03-12,Laptop,1,50000.0,23354,3,2023,26646.0,53.29
ORD-5942,2024-01-22,Shoes,1,30000.0,9666,1,2024,20334.0,67.78
ORD-5943,2023-09-23,Mobile,1,50000.0,29403,9,2023,20597.0,41.19
ORD-5945,2023-12-11,Laptop,3,50000.0,6884,12,2023,43116.0,86.23
ORD-5946,2023-10-18,Shoes,1,50000.0,13312,10,2023,36688.0,73.38
ORD-5948,2023-01-02,Mobile,2,30000.0,4820,1,2023,25180.0,83.93
ORD-5950,2023-10-07,Shoes,1,2000.0,39235,10,2023,-37235.0,-1861.75
ORD-5952,2023-06-15,Laptop,1,30000.0,25923,6,2023,4077.0,13.59
ORD-5954,2023-06-03,Shirt,1,50000.0,34750,6,2023,15250.0,30.5
ORD-5955,2024-03-02,Shoes,1,30000.0,33333,3,2024,-3333.0,-11.11
ORD-5956,2024-03-14,Shoes,1,2000.0,23912,3,2024,-21912.0,-1095.6
ORD-5957,2023-10-22,Shirt,2,30000.0,22983,10,2023,7017.0,23.39
ORD-5958,2023-08-07,Mobile,1,50000.0,23074,8,2023,26926.0,53.85
ORD-5959,2023-06-06,Shirt,3,2000.0,6905,6,2023,-4905.0,-245.25
ORD-5960,2024-05-09,Laptop,2,30000.0,26028,5,2024,3972.0,13.24
ORD-5961,2023-08-18,Mobile,3,30000.0,5073,8,2023,24927.0,83.09
ORD-5962,2023-01-20,Shoes,3,50000.0,3234,1,2023,46766.0,93.53
ORD-5965,2024-03-13,Laptop,1,2000.0,13061,3,2024,-11061.0,-553.05
ORD-5966,2023-05-28,Mobile,1,50000.0,24818,5,2023,25182.0,50.36
ORD-5967,2023-04-18,Mobile,1,50000.0,24704,4,2023,25296.0,50.59
ORD-5970,2024-04-27,Mobile,2,2000.0,31638,4,2024,-29638.0,-1481.9
ORD-5972,2023-11-18,Mobile,2,2000.0,24884,11,2023,-22884.0,-1144.2
ORD-5973,2024-02-18,Laptop,1,30000.0,32480,2,2024,-2480.0,-8.27
ORD-5974,2023-11-05,Mobile,1,2000.0,31697,11,2023,-29697.0,-1484.85
ORD-5975,2023-10-17,Mobile,1,2000.0,19084,10,2023,-17084.0,-854.2
ORD-5976,2024-02-10,Shoes,2,2000.0,31301,2,2024,-29301.0,-1465.05
ORD-5977,2023-11-19,Shirt,1,30000.0,8114,11,2023,21886.0,72.95
ORD-5979,2023-07-26,Shirt,1,2000.0,8469,7,2023,-6469.0,-323.45
ORD-5981,2023-09-23,Shoes,1,2000.0,38112,9,2023,-36112.0,-1805.6
ORD-5983,2024-04-25,Shoes,1,2000.0,10644,4,2024,-8644.0,-432.2
ORD-5985,2023-02-17,Laptop,3,50000.0,18096,2,2023,31904.0,63.81
ORD-5986,2023-11-22,Shoes,3,30000.0,37423,11,2023,-7423.0,-24.74
ORD-5987,2023-08-21,Mobile,3,2000.0,13534,8,2023,-11534.0,-576.7
ORD-5988,2024-03-18,Shirt,3,30000.0,13768,3,2024,16232.0,54.11
ORD-5989,2023-04-10,Laptop,2,2000.0,23625,4,2023,-21625.0,-1081.25
ORD-5990,2023-02-28,Laptop,3,50000.0,29660,2,2023,20340.0,40.68
ORD-5991,2023-09-15,Shirt,2,50000.0,25144,9,2023,24856.0,49.71
ORD-5992,2024-02-17,Shirt,3,30000.0,10640,2,2024,19360.0,64.53
ORD-5993,2024-03-27,Laptop,1,2000.0,21032,3,2024,-19032.0,-951.6
ORD-5995,2023-03-24,Laptop,1,2000.0,27589,3,2023,-25589.0,-1279.45
ORD-5997,2024-04-17,Shoes,3,30000.0,3843,4,2024,26157.0,87.19
ORD-5998,2023-09-23,Mobile,1,30000.0,25357,9,2023,4643.0,15.48
ORD-5999,2023-11-05,Laptop,2,50000.0,17976,11,2023,32024.0,64.05
ORD-6001,2023-11-11,Mobile,2,2000.0,3134,11,2023,-1134.0,-56.7
ORD-6002,2023-05-30,Laptop,1,50000.0,19833,5,2023,30167.0,60.33
ORD-6003,2024-03-10,Laptop,3,30000.0,6412,3,2024,23588.0,78.63
ORD-6004,2023-02-17,Shoes,1,50000.0,33666,2,2023,16334.0,32.67
ORD-6005,2024-02-09,Shirt,3,2000.0,5292,2,2024,-3292.0,-164.6
ORD-6006,2024-01-14,Mobile,1,2000.0,28387,1,2024,-26387.0,-1319.35
ORD-6007,2023-09-05,Laptop,2,30000.0,32826,9,2023,-2826.0,-9.42
ORD-6008,2023-10-05,Shoes,1,50000.0,1026,10,2023,48974.0,97.95
ORD-6012,2023-01-25,Mobile,2,2000.0,3253,1,2023,-1253.0,-62.65
ORD-6013,2024-05-07,Laptop,2,50000.0,21026,5,2024,28974.0,57.95
ORD-6015,2024-03-24,Shoes,3,50000.0,2086,3,2024,47914.0,95.83
ORD-6016,2024-01-04,Mobile,1,30000.0,25406,1,2024,4594.0,15.31
ORD-6018,2023-03-09,Shirt,1,50000.0,22451,3,2023,27549.0,55.1
ORD-6019,2023-01-07,Shoes,2,2000.0,10907,1,2023,-8907.0,-445.35
ORD-6020,2023-11-01,Laptop,3,30000.0,8123,11,2023,21877.0,72.92
ORD-6021,2023-05-17,Laptop,1,30000.0,27302,5,2023,2698.0,8.99
ORD-6022,2023-06-13,Laptop,3,30000.0,8084,6,2023,21916.0,73.05
ORD-6023,2023-03-24,Mobile,1,30000.0,20847,3,2023,9153.0,30.51
ORD-6024,2024-01-20,Shirt,3,2000.0,23805,1,2024,-21805.0,-1090.25
ORD-6025,2023-05-18,Mobile,1,2000.0,15248,5,2023,-13248.0,-662.4
ORD-6027,2023-03-14,Mobile,3,2000.0,26384,3,2023,-24384.0,-1219.2
ORD-6028,2023-08-25,Laptop,1,2000.0,3896,8,2023,-1896.0,-94.8
ORD-6029,2023-02-15,Mobile,1,30000.0,11362,2,2023,18638.0,62.13
ORD-6030,2023-04-16,Laptop,2,2000.0,20512,4,2023,-18512.0,-925.6
ORD-6031,2024-02-20,Shirt,3,30000.0,21639,2,2024,8361.0,27.87
ORD-6032,2023-10-15,Mobile,1,50000.0,18718,10,2023,31282.0,62.56
ORD-6033,2023-09-19,Mobile,2,50000.0,26093,9,2023,23907.0,47.81
ORD-6034,2023-06-25,Mobile,3,50000.0,24462,6,2023,25538.0,51.08
ORD-6035,2023-06-15,Laptop,3,50000.0,18672,6,2023,31328.0,62.66
ORD-6036,2023-05-25,Laptop,1,50000.0,9937,5,2023,40063.0,80.13
ORD-6037,2023-11-26,Mobile,2,50000.0,29543,11,2023,20457.0,40.91
ORD-6038,2024-01-05,Mobile,2,50000.0,23031,1,2024,26969.0,53.94
ORD-6039,2023-10-10,Shirt,1,30000.0,39696,10,2023,-9696.0,-32.32
ORD-6040,2023-02-23,Shirt,2,30000.0,18081,2,2023,11919.0,39.73
ORD-6041,2023-06-27,Shoes,1,30000.0,12226,6,2023,17774.0,59.25
ORD-6042,2024-02-23,Shirt,1,30000.0,17858,2,2024,12142.0,40.47
ORD-6043,2023-09-01,Shirt,3,2000.0,31332,9,2023,-29332.0,-1466.6
ORD-6044,2023-12-07,Shirt,1,2000.0,26113,12,2023,-24113.0,-1205.65
ORD-6046,2024-02-13,Shirt,1,2000.0,6384,2,2024,-4384.0,-219.2
ORD-6047,2024-02-16,Shirt,3,30000.0,18750,2,2024,11250.0,37.5
ORD-6048,2024-01-02,Mobile,3,30000.0,18445,1,2024,11555.0,38.52
ORD-6049,2023-09-28,Laptop,1,50000.0,29904,9,2023,20096.0,40.19
ORD-6050,2023-05-12,Shoes,1,50000.0,36075,5,2023,13925.0,27.85
ORD-6052,2024-01-14,Shirt,1,2000.0,30074,1,2024,-28074.0,-1403.7
ORD-6053,2023-03-14,Shoes,3,30000.0,10188,3,2023,19812.0,66.04
ORD-6054,2024-02-15,Shoes,2,2000.0,26860,2,2024,-24860.0,-1243.0
ORD-6056,2024-02-07,Shirt,2,50000.0,30421,2,2024,19579.0,39.16
ORD-6057,2023-09-05,Shoes,2,30000.0,32990,9,2023,-2990.0,-9.97
ORD-6058,2023-12-14,Shirt,3,50000.0,1303,12,2023,48697.0,97.39
ORD-6059,2023-09-30,Mobile,2,30000.0,7486,9,2023,22514.0,75.05
ORD-6060,2023-02-12,Mobile,2,50000.0,6566,2,2023,43434.0,86.87
ORD-6061,2024-01-12,Shoes,1,50000.0,22541,1,2024,27459.0,54.92
ORD-6063,2023-06-19,Shirt,1,2000.0,10046,6,2023,-8046.0,-402.3
ORD-6064,2024-03-09,Mobile,3,50000.0,30741,3,2024,19259.0,38.52
ORD-6065,2023-07-31,Shoes,1,30000.0,6724,7,2023,23276.0,77.59
ORD-6066,2024-05-07,Shirt,1,2000.0,23664,5,2024,-21664.0,-1083.2
ORD-6067,2023-06-17,Laptop,1,2000.0,6350,6,2023,-4350.0,-217.5
ORD-6068,2023-02-08,Shirt,2,50000.0,15025,2,2023,34975.0,69.95
ORD-6069,2024-01-04,Mobile,1,50000.0,29225,1,2024,20775.0,41.55
ORD-6070,2023-09-02,Laptop,1,50000.0,10164,9,2023,39836.0,79.67
ORD-6071,2023-05-31,Shirt,3,2000.0,37901,5,2023,-35901.0,-1795.05
ORD-6073,2024-04-24,Laptop,2,50000.0,33872,4,2024,16128.0,32.26
ORD-6074,2024-03-11,Laptop,1,2000.0,25830,3,2024,-23830.0,-1191.5
ORD-6075,2023-02-16,Shirt,1,2000.0,24955,2,2023,-22955.0,-1147.75
ORD-6076,2023-03-04,Mobile,1,30000.0,23985,3,2023,6015.0,20.05
ORD-6077,2023-08-13,Shirt,1,50000.0,24055,8,2023,25945.0,51.89
ORD-6079,2023-03-10,Shirt,2,30000.0,13389,3,2023,16611.0,55.37
ORD-6080,2023-10-26,Shirt,2,50000.0,20347,10,2023,29653.0,59.31
ORD-6081,2024-03-07,Shirt,3,30000.0,17360,3,2024,12640.0,42.13
ORD-6082,2023-10-17,Mobile,2,50000.0,15214,10,2023,34786.0,69.57
ORD-6083,2023-10-23,Shirt,1,30000.0,28222,10,2023,1778.0,5.93
ORD-6085,2023-03-02,Shirt,1,30000.0,36356,3,2023,-6356.0,-21.19
ORD-6086,2024-03-09,Laptop,2,30000.0,35303,3,2024,-5303.0,-17.68
ORD-6087,2024-03-26,Shoes,2,30000.0,15698,3,2024,14302.0,47.67
ORD-6088,2023-11-14,Shoes,3,50000.0,35796,11,2023,14204.0,28.41
ORD-6089,2023-11-10,Mobile,3,50000.0,30602,11,2023,19398.0,38.8
ORD-6091,2023-11-27,Shoes,3,30000.0,36537,11,2023,-6537.0,-21.79
ORD-6092,2023-01-16,Shirt,1,2000.0,23469,1,2023,-21469.0,-1073.45
ORD-6093,2023-12-04,Shirt,1,30000.0,7486,12,2023,22514.0,75.05
ORD-6094,2023-04-04,Shirt,1,2000.0,8241,4,2023,-6241.0,-312.05
ORD-6095,2023-10-31,Shoes,2,2000.0,31854,10,2023,-29854.0,-1492.7
ORD-6096,2023-05-18,Laptop,1,30000.0,20371,5,2023,9629.0,32.1
ORD-6097,2023-12-04,Mobile,1,2000.0,33524,12,2023,-31524.0,-1576.2
ORD-6098,2023-02-07,Laptop,2,2000.0,23474,2,2023,-21474.0,-1073.7
ORD-6099,2023-05-07,Shoes,1,30000.0,13667,5,2023,16333.0,54.44
ORD-6100,2023-10-02,Laptop,3,50000.0,14801,10,2023,35199.0,70.4
ORD-6101,2023-06-13,Shirt,3,30000.0,5405,6,2023,24595.0,81.98
ORD-6103,2023-11-15,Laptop,1,2000.0,26131,11,2023,-24131.0,-1206.55
ORD-6105,2023-06-23,Laptop,1,2000.0,20697,6,2023,-18697.0,-934.85
ORD-6106,2024-01-22,Shirt,2,50000.0,36351,1,2024,13649.0,27.3
ORD-6107,2024-04-02,Shirt,2,2000.0,29283,4,2024,-27283.0,-1364.15
ORD-6108,2023-12-24,Shoes,2,30000.0,29444,12,2023,556.0,1.85
ORD-6109,2023-11-17,Laptop,2,2000.0,36811,11,2023,-34811.0,-1740.55
ORD-6111,2023-04-01,Shirt,1,30000.0,20646,4,2023,9354.0,31.18
ORD-6113,2023-09-21,Laptop,2,50000.0,7726,9,2023,42274.0,84.55
ORD-6117,2023-07-28,Laptop,1,30000.0,22555,7,2023,7445.0,24.82
ORD-6118,2023-03-14,Shoes,2,50000.0,11168,3,2023,38832.0,77.66
ORD-6119,2024-01-25,Shirt,2,50000.0,16103,1,2024,33897.0,67.79
ORD-6120,2023-04-17,Laptop,1,50000.0,26901,4,2023,23099.0,46.2
ORD-6122,2023-10-22,Laptop,1,30000.0,14207,10,2023,15793.0,52.64
ORD-6123,2024-01-04,Mobile,2,30000.0,24691,1,2024,5309.0,17.7
ORD-6124,2024-03-19,Shoes,2,30000.0,4556,3,2024,25444.0,84.81
ORD-6126,2023-12-19,Shirt,2,50000.0,16893,12,2023,33107.0,66.21
ORD-6128,2023-02-06,Mobile,3,30000.0,1656,2,2023,28344.0,94.48
ORD-6130,2023-12-04,Mobile,2,2000.0,16447,12,2023,-14447.0,-722.35
ORD-6131,2023-02-25,Laptop,1,50000.0,20854,2,2023,29146.0,58.29
ORD-6132,2023-07-06,Mobile,3,50000.0,22983,7,2023,27017.0,54.03
ORD-6133,2023-12-07,Mobile,1,30000.0,32196,12,2023,-2196.0,-7.32
ORD-6135,2024-03-20,Laptop,2,30000.0,35529,3,2024,-5529.0,-18.43
ORD-6137,2023-12-29,Shoes,1,2000.0,25560,12,2023,-23560.0,-1178.0
ORD-6138,2023-05-03,Shoes,1,50000.0,25175,5,2023,24825.0,49.65
ORD-6139,2023-07-07,Shoes,1,50000.0,22295,7,2023,27705.0,55.41
ORD-6141,2023-06-17,Laptop,2,50000.0,19003,6,2023,30997.0,61.99
ORD-6143,2023-04-24,Shoes,3,30000.0,39773,4,2023,-9773.0,-32.58
ORD-6144,2023-09-09,Shoes,3,2000.0,14844,9,2023,-12844.0,-642.2
ORD-6146,2023-02-06,Shoes,1,2000.0,34146,2,2023,-32146.0,-1607.3
ORD-6147,2023-12-01,Mobile,3,30000.0,18524,12,2023,11476.0,38.25
ORD-6148,2023-04-02,Shirt,1,30000.0,21119,4,2023,8881.0,29.6
ORD-6149,2023-01-18,Shirt,1,30000.0,27589,1,2023,2411.0,8.04
ORD-6151,2023-03-04,Mobile,2,2000.0,14163,3,2023,-12163.0,-608.15
ORD-6152,2023-05-30,Laptop,3,2000.0,25587,5,2023,-23587.0,-1179.35
ORD-6153,2023-05-19,Laptop,1,50000.0,22593,5,2023,27407.0,54.81
ORD-6155,2023-07-04,Laptop,2,50000.0,31802,7,2023,18198.0,36.4
ORD-6156,2023-07-24,Mobile,3,50000.0,29409,7,2023,20591.0,41.18
ORD-6158,2023-08-02,Laptop,3,50000.0,22119,8,2023,27881.0,55.76
ORD-6159,2023-09-13,Shoes,1,50000.0,25675,9,2023,24325.0,48.65
ORD-6160,2023-05-15,Laptop,2,50000.0,36539,5,2023,13461.0,26.92
ORD-6161,2023-03-02,Shirt,2,30000.0,37937,3,2023,-7937.0,-26.46
ORD-6163,2023-11-06,Mobile,3,30000.0,27953,11,2023,2047.0,6.82
ORD-6164,2023-03-29,Shirt,2,50000.0,5019,3,2023,44981.0,89.96
ORD-6165,2023-11-20,Mobile,1,50000.0,21654,11,2023,28346.0,56.69
ORD-6166,2024-04-20,Shoes,1,30000.0,39624,4,2024,-9624.0,-32.08
ORD-6167,2023-07-26,Shoes,2,50000.0,29334,7,2023,20666.0,41.33
ORD-6169,2023-11-07,Shoes,1,2000.0,27742,11,2023,-25742.0,-1287.1
ORD-6170,2023-01-03,Shoes,1,30000.0,14682,1,2023,15318.0,51.06
ORD-6171,2024-04-06,Laptop,1,2000.0,13164,4,2024,-11164.0,-558.2
ORD-6172,2024-02-26,Laptop,1,2000.0,8618,2,2024,-6618.0,-330.9
ORD-6173,2023-08-30,Shoes,1,2000.0,4380,8,2023,-2380.0,-119.0
ORD-6174,2023-05-01,Shoes,2,30000.0,24927,5,2023,5073.0,16.91
ORD-6175,2024-01-20,Laptop,2,50000.0,16163,1,2024,33837.0,67.67
ORD-6177,2023-02-07,Shoes,2,50000.0,15725,2,2023,34275.0,68.55
ORD-6179,2024-05-10,Shoes,1,50000.0,30962,5,2024,19038.0,38.08
ORD-6180,2024-02-17,Shirt,1,2000.0,2586,2,2024,-586.0,-29.3
ORD-6181,2023-05-13,Mobile,3,2000.0,9056,5,2023,-7056.0,-352.8
ORD-6183,2023-07-21,Shoes,2,30000.0,21042,7,2023,8958.0,29.86
ORD-6184,2023-12-14,Laptop,3,50000.0,1952,12,2023,48048.0,96.1
ORD-6185,2023-01-21,Mobile,1,2000.0,30532,1,2023,-28532.0,-1426.6
ORD-6187,2024-03-30,Mobile,1,50000.0,13521,3,2024,36479.0,72.96
ORD-6189,2023-04-19,Mobile,1,30000.0,3978,4,2023,26022.0,86.74
ORD-6190,2023-10-30,Mobile,2,30000.0,32275,10,2023,-2275.0,-7.58
ORD-6191,2023-03-25,Shirt,2,50000.0,13343,3,2023,36657.0,73.31
ORD-6192,2023-03-24,Laptop,2,30000.0,12951,3,2023,17049.0,56.83
ORD-6193,2023-10-18,Shirt,2,50000.0,15691,10,2023,34309.0,68.62
ORD-6194,2024-03-27,Shirt,1,50000.0,12520,3,2024,37480.0,74.96
ORD-6195,2023-03-10,Laptop,1,30000.0,38676,3,2023,-8676.0,-28.92
ORD-6198,2023-05-20,Laptop,1,50000.0,35727,5,2023,14273.0,28.55
ORD-6199,2024-03-19,Mobile,1,2000.0,38950,3,2024,-36950.0,-1847.5
ORD-6200,2023-10-10,Shirt,1,50000.0,1805,10,2023,48195.0,96.39
ORD-6202,2023-08-22,Shirt,2,50000.0,35343,8,2023,14657.0,29.31
ORD-6204,2023-06-02,Shirt,2,30000.0,9791,6,2023,20209.0,67.36
ORD-6205,2023-10-04,Mobile,3,50000.0,36383,10,2023,13617.0,27.23
ORD-6206,2023-03-02,Shoes,1,50000.0,16040,3,2023,33960.0,67.92
ORD-6207,2023-11-15,Shirt,2,30000.0,26187,11,2023,3813.0,12.71
ORD-6208,2024-01-13,Shoes,1,30000.0,31860,1,2024,-1860.0,-6.2
ORD-6209,2023-02-21,Laptop,2,2000.0,27525,2,2023,-25525.0,-1276.25
ORD-6210,2023-12-10,Shirt,2,30000.0,39394,12,2023,-9394.0,-31.31
ORD-6211,2023-06-02,Laptop,2,2000.0,26136,6,2023,-24136.0,-1206.8
ORD-6212,2023-08-25,Laptop,2,30000.0,18010,8,2023,11990.0,39.97
ORD-6214,2023-10-29,Shoes,3,50000.0,9866,10,2023,40134.0,80.27
ORD-6215,2023-02-01,Mobile,2,30000.0,19286,2,2023,10714.0,35.71
ORD-6217,2023-12-18,Shoes,1,30000.0,38140,12,2023,-8140.0,-27.13
ORD-6218,2024-01-24,Laptop,1,50000.0,27670,1,2024,22330.0,44.66
ORD-6219,2023-02-05,Shirt,1,30000.0,37610,2,2023,-7610.0,-25.37
ORD-6220,2023-04-20,Mobile,1,30000.0,21695,4,2023,8305.0,27.68
ORD-6221,2024-05-04,Laptop,1,50000.0,25805,5,2024,24195.0,48.39
ORD-6222,2023-06-26,Mobile,1,30000.0,25190,6,2023,4810.0,16.03
ORD-6223,2023-12-28,Shoes,2,50000.0,8997,12,2023,41003.0,82.01
ORD-6224,2023-11-10,Mobile,1,2000.0,23752,11,2023,-21752.0,-1087.6
ORD-6225,2023-10-22,Mobile,3,30000.0,19069,10,2023,10931.0,36.44
ORD-6227,2023-04-07,Laptop,1,30000.0,22517,4,2023,7483.0,24.94
ORD-6228,2024-01-04,Mobile,1,50000.0,9524,1,2024,40476.0,80.95
ORD-6229,2023-08-01,Mobile,3,50000.0,11071,8,2023,38929.0,77.86
ORD-6232,2023-01-06,Mobile,2,50000.0,35759,1,2023,14241.0,28.48
ORD-6233,2024-05-13,Laptop,1,2000.0,27839,5,2024,-25839.0,-1291.95
ORD-6234,2023-04-19,Mobile,2,2000.0,3263,4,2023,-1263.0,-63.15
ORD-6235,2023-02-04,Mobile,1,50000.0,26002,2,2023,23998.0,48.0
ORD-6236,2023-02-08,Shirt,1,2000.0,39022,2,2023,-37022.0,-1851.1
ORD-6238,2024-02-29,Shirt,3,2000.0,36579,2,2024,-34579.0,-1728.95
ORD-6240,2023-09-18,Laptop,1,30000.0,18217,9,2023,11783.0,39.28
ORD-6242,2023-03-28,Shirt,1,30000.0,15207,3,2023,14793.0,49.31
ORD-6245,2024-04-15,Shoes,3,2000.0,21051,4,2024,-19051.0,-952.55
ORD-6247,2024-03-26,Shoes,1,50000.0,29845,3,2024,20155.0,40.31
ORD-6248,2024-02-18,Shoes,1,30000.0,11015,2,2024,18985.0,63.28
ORD-6249,2023-11-09,Shoes,1,30000.0,18425,11,2023,11575.0,38.58
ORD-6251,2023-08-02,Mobile,1,50000.0,1707,8,2023,48293.0,96.59
ORD-6254,2023-08-27,Shoes,2,2000.0,18686,8,2023,-16686.0,-834.3
ORD-6257,2023-05-21,Mobile,1,2000.0,32485,5,2023,-30485.0,-1524.25
ORD-6258,2023-06-09,Shoes,3,2000.0,16501,6,2023,-14501.0,-725.05
ORD-6259,2023-02-15,Shoes,1,50000.0,9868,2,2023,40132.0,80.26
ORD-6260,2024-01-07,Laptop,3,2000.0,30333,1,2024,-28333.0,-1416.65
ORD-6261,2024-05-09,Shoes,2,30000.0,35028,5,2024,-5028.0,-16.76
ORD-6262,2023-04-22,Shirt,2,30000.0,11545,4,2023,18455.0,61.52
ORD-6263,2024-02-11,Laptop,1,50000.0,1357,2,2024,48643.0,97.29
ORD-6265,2024-02-05,Shoes,1,50000.0,39180,2,2024,10820.0,21.64
ORD-6266,2023-09-04,Laptop,1,2000.0,37002,9,2023,-35002.0,-1750.1
ORD-6268,2023-03-26,Mobile,2,50000.0,21339,3,2023,28661.0,57.32
ORD-6269,2024-03-25,Shirt,3,50000.0,2593,3,2024,47407.0,94.81
ORD-6270,2024-04-29,Shirt,3,30000.0,5602,4,2024,24398.0,81.33
ORD-6271,2023-05-14,Mobile,1,50000.0,10577,5,2023,39423.0,78.85
ORD-6273,2023-01-18,Shoes,1,50000.0,11943,1,2023,38057.0,76.11
ORD-6274,2023-04-04,Shirt,1,50000.0,34012,4,2023,15988.0,31.98
ORD-6275,2023-05-30,Shoes,3,2000.0,5572,5,2023,-3572.0,-178.6
ORD-6276,2023-09-03,Shirt,2,50000.0,17250,9,2023,32750.0,65.5
ORD-6278,2024-02-18,Mobile,3,30000.0,27171,2,2024,2829.0,9.43
ORD-6279,2023-07-28,Shirt,3,30000.0,6869,7,2023,23131.0,77.1
ORD-6280,2023-05-06,Shoes,3,30000.0,6971,5,2023,23029.0,76.76
ORD-6281,2023-08-23,Shoes,1,30000.0,14957,8,2023,15043.0,50.14
ORD-6282,2024-02-20,Laptop,2,2000.0,6968,2,2024,-4968.0,-248.4
ORD-6284,2024-05-13,Laptop,2,2000.0,26941,5,2024,-24941.0,-1247.05
ORD-6285,2024-04-06,Shirt,2,30000.0,8647,4,2024,21353.0,71.18
ORD-6286,2023-05-02,Shoes,2,2000.0,26499,5,2023,-24499.0,-1224.95
ORD-6287,2023-05-18,Mobile,1,50000.0,32785,5,2023,17215.0,34.43
ORD-6289,2023-04-25,Mobile,1,50000.0,10000,4,2023,40000.0,80.0
ORD-6290,2024-02-24,Shirt,1,2000.0,38909,2,2024,-36909.0,-1845.45
ORD-6291,2023-06-11,Shirt,1,50000.0,35894,6,2023,14106.0,28.21
ORD-6292,2023-07-20,Laptop,3,2000.0,19588,7,2023,-17588.0,-879.4
ORD-6293,2023-08-22,Mobile,1,2000.0,7470,8,2023,-5470.0,-273.5
ORD-6297,2023-06-16,Shoes,3,30000.0,13908,6,2023,16092.0,53.64
ORD-6299,2023-02-16,Shirt,2,50000.0,1984,2,2023,48016.0,96.03
ORD-6303,2023-04-28,Laptop,1,2000.0,39481,4,2023,-37481.0,-1874.05
ORD-6304,2024-02-03,Laptop,2,2000.0,15083,2,2024,-13083.0,-654.15
ORD-6306,2024-02-16,Mobile,2,2000.0,3085,2,2024,-1085.0,-54.25
ORD-6307,2023-06-01,Laptop,3,2000.0,31837,6,2023,-29837.0,-1491.85
ORD-6308,2023-03-13,Shoes,1,30000.0,17183,3,2023,12817.0,42.72
ORD-6309,2023-12-29,Laptop,1,50000.0,36495,12,2023,13505.0,27.01
ORD-6310,2023-05-17,Shirt,1,2000.0,34144,5,2023,-32144.0,-1607.2
ORD-6311,2023-06-24,Shoes,2,50000.0,23084,6,2023,26916.0,53.83
ORD-6312,2023-10-16,Shirt,1,2000.0,38458,10,2023,-36458.0,-1822.9
ORD-6314,2024-04-25,Mobile,1,2000.0,4682,4,2024,-2682.0,-134.1
ORD-6315,2023-01-19,Mobile,2,2000.0,33488,1,2023,-31488.0,-1574.4
ORD-6316,2023-07-14,Shirt,1,50000.0,32460,7,2023,17540.0,35.08
ORD-6318,2024-02-28,Laptop,1,30000.0,19757,2,2024,10243.0,34.14
ORD-6319,2023-06-24,Shoes,1,50000.0,24146,6,2023,25854.0,51.71
ORD-6322,2024-02-17,Mobile,3,50000.0,15118,2,2024,34882.0,69.76
ORD-6323,2024-03-09,Laptop,3,2000.0,37742,3,2024,-35742.0,-1787.1
ORD-6325,2024-05-13,Shirt,2,30000.0,5841,5,2024,24159.0,80.53
ORD-6326,2023-05-21,Laptop,2,2000.0,19335,5,2023,-17335.0,-866.75
ORD-6327,2023-09-03,Mobile,2,50000.0,21305,9,2023,28695.0,57.39
ORD-6328,2024-01-20,Shoes,3,50000.0,4424,1,2024,45576.0,91.15
ORD-6329,2024-02-22,Mobile,1,50000.0,15538,2,2024,34462.0,68.92
ORD-6330,2023-04-03,Shoes,3,50000.0,4769,4,2023,45231.0,90.46
ORD-6331,2024-03-07,Shoes,1,30000.0,32586,3,2024,-2586.0,-8.62
ORD-6332,2023-08-27,Shoes,3,30000.0,27447,8,2023,2553.0,8.51
ORD-6334,2023-02-17,Laptop,2,30000.0,36078,2,2023,-6078.0,-20.26
ORD-6335,2024-03-08,Laptop,2,50000.0,3343,3,2024,46657.0,93.31
ORD-6336,2023-09-02,Shoes,1,30000.0,4386,9,2023,25614.0,85.38
ORD-6337,2023-11-16,Shoes,1,2000.0,36107,11,2023,-34107.0,-1705.35
ORD-6338,2023-11-13,Mobile,1,2000.0,1683,11,2023,317.0,15.85
ORD-6340,2023-10-22,Laptop,3,50000.0,2054,10,2023,47946.0,95.89
ORD-6341,2023-05-08,Shoes,3,30000.0,24595,5,2023,5405.0,18.02
ORD-6344,2023-01-17,Mobile,2,30000.0,1348,1,2023,28652.0,95.51
ORD-6346,2023-09-26,Laptop,2,50000.0,17362,9,2023,32638.0,65.28
ORD-6347,2023-11-21,Shirt,1,30000.0,34790,11,2023,-4790.0,-15.97
ORD-6348,2023-10-09,Mobile,1,2000.0,26025,10,2023,-24025.0,-1201.25
ORD-6349,2023-11-01,Laptop,1,2000.0,1503,11,2023,497.0,24.85
ORD-6350,2024-03-26,Mobile,2,30000.0,14576,3,2024,15424.0,51.41
ORD-6353,2023-11-01,Shirt,1,2000.0,26205,11,2023,-24205.0,-1210.25
ORD-6354,2023-04-13,Laptop,1,2000.0,33785,4,2023,-31785.0,-1589.25
ORD-6355,2023-11-05,Shoes,3,50000.0,2268,11,2023,47732.0,95.46
ORD-6357,2023-08-29,Shoes,2,50000.0,19016,8,2023,30984.0,61.97
ORD-6358,2023-03-03,Mobile,1,2000.0,13745,3,2023,-11745.0,-587.25
ORD-6359,2023-01-17,Mobile,1,2000.0,12961,1,2023,-10961.0,-548.05
ORD-6360,2023-06-20,Shirt,2,2000.0,37381,6,2023,-35381.0,-1769.05
ORD-6361,2023-01-25,Shirt,2,2000.0,7768,1,2023,-5768.0,-288.4
ORD-6362,2023-09-08,Shoes,1,50000.0,19972,9,2023,30028.0,60.06
ORD-6363,2023-09-10,Shirt,3,2000.0,34089,9,2023,-32089.0,-1604.45
ORD-6364,2024-01-22,Shirt,2,30000.0,8626,1,2024,21374.0,71.25
ORD-6366,2023-01-29,Shirt,1,2000.0,30032,1,2023,-28032.0,-1401.6
ORD-6368,2024-05-05,Shirt,1,2000.0,29783,5,2024,-27783.0,-1389.15
ORD-6369,2024-02-20,Mobile,1,50000.0,9403,2,2024,40597.0,81.19
ORD-6371,2024-01-15,Laptop,1,50000.0,3619,1,2024,46381.0,92.76
ORD-6372,2023-05-24,Mobile,1,2000.0,2347,5,2023,-347.0,-17.35
ORD-6373,2023-01-25,Mobile,1,30000.0,4164,1,2023,25836.0,86.12
ORD-6374,2023-11-06,Shirt,1,30000.0,14559,11,2023,15441.0,51.47
ORD-6375,2023-06-05,Mobile,2,30000.0,28788,6,2023,1212.0,4.04
ORD-6376,2023-03-14,Shoes,2,30000.0,34678,3,2023,-4678.0,-15.59
ORD-6377,2023-04-30,Shirt,1,30000.0,8166,4,2023,21834.0,72.78
ORD-6378,2023-11-08,Shirt,3,50000.0,36219,11,2023,13781.0,27.56
ORD-6379,2023-11-17,Shirt,2,30000.0,1403,11,2023,28597.0,95.32
ORD-6380,2023-04-03,Laptop,1,2000.0,11033,4,2023,-9033.0,-451.65
ORD-6381,2023-03-27,Shirt,3,50000.0,28224,3,2023,21776.0,43.55
ORD-6382,2023-12-02,Mobile,1,50000.0,19074,12,2023,30926.0,61.85
ORD-6383,2024-02-29,Shoes,1,30000.0,4485,2,2024,25515.0,85.05
ORD-6385,2023-12-30,Shirt,1,2000.0,21672,12,2023,-19672.0,-983.6
ORD-6386,2024-03-10,Shoes,1,50000.0,14410,3,2024,35590.0,71.18
ORD-6387,2023-04-28,Shirt,1,2000.0,15262,4,2023,-13262.0,-663.1
ORD-6389,2023-07-18,Mobile,1,50000.0,10834,7,2023,39166.0,78.33
ORD-6390,2023-07-25,Shoes,3,2000.0,33279,7,2023,-31279.0,-1563.95
ORD-6391,2024-02-17,Shoes,1,30000.0,28928,2,2024,1072.0,3.57
ORD-6392,2023-12-05,Laptop,2,50000.0,21829,12,2023,28171.0,56.34
ORD-6393,2023-05-27,Mobile,1,50000.0,23843,5,2023,26157.0,52.31
ORD-6394,2024-03-25,Laptop,2,50000.0,35712,3,2024,14288.0,28.58
ORD-6395,2024-02-29,Mobile,1,50000.0,20955,2,2024,29045.0,58.09
ORD-6396,2024-03-04,Laptop,2,30000.0,35328,3,2024,-5328.0,-17.76
ORD-6399,2023-05-19,Shoes,3,2000.0,8154,5,2023,-6154.0,-307.7
ORD-6400,2023-06-30,Shoes,3,30000.0,29170,6,2023,830.0,2.77
ORD-6401,2024-03-05,Shoes,1,30000.0,32163,3,2024,-2163.0,-7.21
ORD-6402,2023-01-30,Laptop,3,2000.0,13085,1,2023,-11085.0,-554.25
ORD-6403,2023-02-26,Shoes,2,30000.0,28244,2,2023,1756.0,5.85
ORD-6404,2023-08-20,Shoes,1,30000.0,6327,8,2023,23673.0,78.91
ORD-6405,2023-05-26,Shirt,2,50000.0,18139,5,2023,31861.0,63.72
ORD-6406,2024-03-10,Shirt,1,50000.0,26875,3,2024,23125.0,46.25
ORD-6407,2024-01-19,Mobile,3,50000.0,34264,1,2024,15736.0,31.47
ORD-6408,2023-02-17,Mobile,1,30000.0,14060,2,2023,15940.0,53.13
ORD-6409,2023-07-13,Mobile,3,30000.0,16656,7,2023,13344.0,44.48
ORD-6411,2023-05-16,Mobile,1,50000.0,35366,5,2023,14634.0,29.27
ORD-6412,2023-01-22,Laptop,2,2000.0,29855,1,2023,-27855.0,-1392.75
ORD-6413,2023-01-06,Laptop,1,30000.0,5127,1,2023,24873.0,82.91
ORD-6414,2023-07-23,Mobile,1,50000.0,39319,7,2023,10681.0,21.36
ORD-6416,2023-07-04,Laptop,1,50000.0,13973,7,2023,36027.0,72.05
ORD-6419,2023-12-01,Shoes,1,30000.0,28281,12,2023,1719.0,5.73
ORD-6422,2023-11-09,Laptop,1,2000.0,35496,11,2023,-33496.0,-1674.8
ORD-6424,2023-06-22,Laptop,2,2000.0,5697,6,2023,-3697.0,-184.85
ORD-6425,2023-03-23,Laptop,1,2000.0,16730,3,2023,-14730.0,-736.5
ORD-6426,2023-11-18,Mobile,2,50000.0,29245,11,2023,20755.0,41.51
ORD-6427,2023-11-29,Shirt,3,50000.0,32313,11,2023,17687.0,35.37
ORD-6428,2023-02-14,Shoes,1,30000.0,19557,2,2023,10443.0,34.81
ORD-6429,2023-12-01,Shoes,2,30000.0,1037,12,2023,28963.0,96.54
ORD-6430,2023-01-20,Laptop,1,30000.0,30908,1,2023,-908.0,-3.03
ORD-6432,2023-08-09,Shoes,1,50000.0,38289,8,2023,11711.0,23.42
ORD-6434,2023-08-22,Mobile,1,50000.0,32005,8,2023,17995.0,35.99
ORD-6436,2023-11-19,Laptop,1,30000.0,9511,11,2023,20489.0,68.3
ORD-6437,2023-12-05,Shirt,3,50000.0,21991,12,2023,28009.0,56.02
ORD-6438,2023-01-03,Shoes,1,50000.0,10914,1,2023,39086.0,78.17
ORD-6439,2023-07-01,Shirt,3,2000.0,10948,7,2023,-8948.0,-447.4
ORD-6440,2023-07-25,Mobile,2,50000.0,29354,7,2023,20646.0,41.29
ORD-6441,2023-11-16,Shoes,1,50000.0,6873,11,2023,43127.0,86.25
ORD-6443,2023-02-28,Shirt,1,30000.0,8498,2,2023,21502.0,71.67
ORD-6444,2024-03-14,Mobile,1,2000.0,24556,3,2024,-22556.0,-1127.8
ORD-6446,2023-05-12,Laptop,2,50000.0,28091,5,2023,21909.0,43.82
ORD-6448,2024-01-07,Shoes,2,30000.0,34532,1,2024,-4532.0,-15.11
ORD-6449,2023-11-27,Shirt,1,2000.0,23690,11,2023,-21690.0,-1084.5
ORD-6451,2024-04-23,Laptop,3,50000.0,11321,4,2024,38679.0,77.36
ORD-6453,2023-04-06,Shoes,1,50000.0,21348,4,2023,28652.0,57.3
ORD-6454,2023-12-13,Laptop,1,2000.0,21995,12,2023,-19995.0,-999.75
ORD-6455,2024-02-18,Shoes,3,2000.0,25762,2,2024,-23762.0,-1188.1
ORD-6457,2024-01-21,Mobile,1,2000.0,6101,1,2024,-4101.0,-205.05
ORD-6458,2023-03-03,Shirt,2,30000.0,5247,3,2023,24753.0,82.51
ORD-6460,2023-02-18,Laptop,1,50000.0,5188,2,2023,44812.0,89.62
ORD-6462,2023-12-14,Laptop,2,50000.0,3696,12,2023,46304.0,92.61
ORD-6463,2023-06-08,Mobile,1,2000.0,20713,6,2023,-18713.0,-935.65
ORD-6464,2023-05-04,Shirt,3,50000.0,31875,5,2023,18125.0,36.25
ORD-6465,2024-04-26,Laptop,1,50000.0,26350,4,2024,23650.0,47.3
ORD-6466,2023-11-13,Laptop,2,50000.0,5641,11,2023,44359.0,88.72
ORD-6467,2023-07-26,Shoes,3,50000.0,6559,7,2023,43441.0,86.88
ORD-6468,2023-02-17,Shoes,2,30000.0,35028,2,2023,-5028.0,-16.76
ORD-6469,2024-02-13,Laptop,1,50000.0,12631,2,2024,37369.0,74.74
ORD-6471,2023-05-16,Shoes,1,30000.0,3023,5,2023,26977.0,89.92
ORD-6472,2023-07-20,Shoes,2,50000.0,26656,7,2023,23344.0,46.69
ORD-6473,2023-09-07,Mobile,2,50000.0,21654,9,2023,28346.0,56.69
ORD-6474,2023-11-10,Laptop,1,50000.0,22717,11,2023,27283.0,54.57
ORD-6475,2023-12-23,Laptop,1,30000.0,35842,12,2023,-5842.0,-19.47
ORD-6476,2024-01-03,Shoes,1,50000.0,33550,1,2024,16450.0,32.9
ORD-6477,2024-03-04,Mobile,1,50000.0,36080,3,2024,13920.0,27.84
ORD-6478,2023-11-14,Shoes,1,50000.0,4474,11,2023,45526.0,91.05
ORD-6479,2023-10-22,Mobile,1,2000.0,15171,10,2023,-13171.0,-658.55
ORD-6481,2023-11-10,Shoes,2,50000.0,6618,11,2023,43382.0,86.76
ORD-6483,2023-07-28,Mobile,1,2000.0,10285,7,2023,-8285.0,-414.25
ORD-6484,2023-12-21,Shirt,1,2000.0,39816,12,2023,-37816.0,-1890.8
ORD-6485,2024-04-29,Mobile,1,50000.0,9141,4,2024,40859.0,81.72
ORD-6487,2023-07-11,Laptop,1,30000.0,24707,7,2023,5293.0,17.64
ORD-6488,2023-02-13,Laptop,2,50000.0,23161,2,2023,26839.0,53.68
ORD-6489,2023-01-29,Shoes,1,30000.0,2854,1,2023,27146.0,90.49
ORD-6490,2023-02-28,Shirt,2,2000.0,19650,2,2023,-17650.0,-882.5
ORD-6491,2023-03-12,Mobile,3,2000.0,17944,3,2023,-15944.0,-797.2
ORD-6493,2023-09-22,Shirt,2,30000.0,8207,9,2023,21793.0,72.64
ORD-6494,2024-01-18,Mobile,1,30000.0,30268,1,2024,-268.0,-0.89
ORD-6495,2023-08-08,Shirt,1,50000.0,7486,8,2023,42514.0,85.03
ORD-6498,2024-03-17,Mobile,1,30000.0,19767,3,2024,10233.0,34.11
ORD-6499,2024-02-05,Mobile,1,2000.0,39915,2,2024,-37915.0,-1895.75
ORD-6501,2023-08-03,Shirt,2,2000.0,16094,8,2023,-14094.0,-704.7
ORD-6502,2024-04-23,Shoes,2,50000.0,32236,4,2024,17764.0,35.53
ORD-6505,2023-03-05,Shoes,1,50000.0,30845,3,2023,19155.0,38.31
ORD-6507,2023-10-19,Mobile,1,30000.0,2683,10,2023,27317.0,91.06
ORD-6508,2024-05-04,Laptop,2,30000.0,10390,5,2024,19610.0,65.37
ORD-6509,2024-04-29,Laptop,2,50000.0,34777,4,2024,15223.0,30.45
ORD-6510,2023-09-02,Shoes,1,2000.0,32777,9,2023,-30777.0,-1538.85
ORD-6511,2024-04-14,Shirt,2,2000.0,30111,4,2024,-28111.0,-1405.55
ORD-6513,2024-03-01,Shoes,2,2000.0,36380,3,2024,-34380.0,-1719.0
ORD-6514,2023-11-28,Laptop,3,2000.0,24808,11,2023,-22808.0,-1140.4
ORD-6515,2023-06-19,Mobile,1,50000.0,8226,6,2023,41774.0,83.55
ORD-6516,2024-03-20,Shirt,1,2000.0,23447,3,2024,-21447.0,-1072.35
ORD-6517,2023-09-26,Shoes,3,2000.0,38109,9,2023,-36109.0,-1805.45
ORD-6518,2023-09-24,Mobile,1,2000.0,18926,9,2023,-16926.0,-846.3
ORD-6519,2023-02-23,Shoes,1,30000.0,18621,2,2023,11379.0,37.93
ORD-6520,2023-01-16,Shoes,1,30000.0,12167,1,2023,17833.0,59.44
ORD-6521,2023-01-08,Shoes,1,50000.0,6709,1,2023,43291.0,86.58
ORD-6523,2023-02-28,Laptop,3,50000.0,36031,2,2023,13969.0,27.94
ORD-6526,2023-08-25,Mobile,2,2000.0,11812,8,2023,-9812.0,-490.6
ORD-6527,2024-03-18,Shirt,2,2000.0,32101,3,2024,-30101.0,-1505.05
ORD-6528,2024-01-21,Laptop,3,50000.0,15228,1,2024,34772.0,69.54
ORD-6529,2023-04-04,Mobile,3,50000.0,25747,4,2023,24253.0,48.51
ORD-6530,2023-08-10,Shoes,3,50000.0,30790,8,2023,19210.0,38.42
ORD-6531,2023-07-23,Shirt,2,30000.0,2882,7,2023,27118.0,90.39
ORD-6532,2023-05-18,Shirt,1,30000.0,39955,5,2023,-9955.0,-33.18
ORD-6533,2023-10-27,Shoes,1,30000.0,19659,10,2023,10341.0,34.47
ORD-6534,2024-01-30,Shirt,1,30000.0,24258,1,2024,5742.0,19.14
ORD-6535,2023-07-26,Laptop,1,30000.0,24886,7,2023,5114.0,17.05
ORD-6536,2023-12-02,Shoes,1,2000.0,32343,12,2023,-30343.0,-1517.15
ORD-6538,2023-08-06,Shoes,1,30000.0,4950,8,2023,25050.0,83.5
ORD-6539,2023-01-02,Mobile,2,50000.0,4889,1,2023,45111.0,90.22
ORD-6541,2024-01-31,Shirt,2,30000.0,29968,1,2024,32.0,0.11
ORD-6542,2024-01-06,Laptop,1,30000.0,19976,1,2024,10024.0,33.41
ORD-6543,2023-12-12,Shoes,3,2000.0,24016,12,2023,-22016.0,-1100.8
ORD-6544,2023-10-06,Shoes,1,2000.0,10211,10,2023,-8211.0,-410.55
ORD-6545,2023-05-26,Shirt,2,2000.0,23742,5,2023,-21742.0,-1087.1
ORD-6546,2023-11-14,Laptop,1,30000.0,24553,11,2023,5447.0,18.16
ORD-6547,2023-08-12,Laptop,3,2000.0,30332,8,2023,-28332.0,-1416.6
ORD-6548,2024-01-04,Mobile,3,30000.0,14089,1,2024,15911.0,53.04
ORD-6551,2023-10-21,Laptop,1,30000.0,26428,10,2023,3572.0,11.91
ORD-6552,2023-08-27,Laptop,1,50000.0,9497,8,2023,40503.0,81.01
ORD-6553,2023-07-14,Mobile,3,30000.0,29154,7,2023,846.0,2.82
ORD-6556,2023-08-10,Laptop,1,30000.0,4957,8,2023,25043.0,83.48
ORD-6557,2023-03-02,Shoes,1,30000.0,38358,3,2023,-8358.0,-27.86
ORD-6558,2023-05-09,Mobile,2,30000.0,15913,5,2023,14087.0,46.96
ORD-6560,2023-06-22,Laptop,1,50000.0,8531,6,2023,41469.0,82.94
ORD-6561,2024-04-24,Laptop,3,30000.0,14825,4,2024,15175.0,50.58
ORD-6563,2024-02-09,Shirt,1,30000.0,33316,2,2024,-3316.0,-11.05
ORD-6565,2023-04-20,Mobile,1,30000.0,18279,4,2023,11721.0,39.07
ORD-6567,2024-02-15,Laptop,1,30000.0,29000,2,2024,1000.0,3.33
ORD-6568,2023-12-22,Shoes,2,2000.0,13045,12,2023,-11045.0,-552.25
ORD-6569,2024-01-26,Shirt,2,30000.0,37299,1,2024,-7299.0,-24.33
ORD-6571,2023-03-15,Shirt,1,30000.0,19245,3,2023,10755.0,35.85
ORD-6572,2024-05-01,Shirt,1,50000.0,33566,5,2024,16434.0,32.87
ORD-6573,2024-03-12,Shirt,1,30000.0,28339,3,2024,1661.0,5.54
ORD-6574,2024-04-07,Shirt,1,30000.0,5852,4,2024,24148.0,80.49
ORD-6575,2023-07-26,Shoes,2,30000.0,17414,7,2023,12586.0,41.95
ORD-6576,2024-01-23,Mobile,1,50000.0,15281,1,2024,34719.0,69.44
ORD-6577,2024-04-24,Shoes,2,50000.0,29031,4,2024,20969.0,41.94
ORD-6578,2023-10-06,Shirt,1,50000.0,17626,10,2023,32374.0,64.75
ORD-6579,2024-01-10,Shoes,1,2000.0,24302,1,2024,-22302.0,-1115.1
ORD-6580,2023-11-22,Shoes,3,50000.0,31112,11,2023,18888.0,37.78
ORD-6581,2024-04-16,Shoes,3,2000.0,6511,4,2024,-4511.0,-225.55
ORD-6582,2023-12-06,Shirt,1,30000.0,39276,12,2023,-9276.0,-30.92
ORD-6583,2023-12-23,Shoes,2,2000.0,5668,12,2023,-3668.0,-183.4
ORD-6584,2023-12-06,Laptop,1,30000.0,7087,12,2023,22913.0,76.38
ORD-6585,2023-07-23,Shirt,3,2000.0,8015,7,2023,-6015.0,-300.75
ORD-6586,2023-06-10,Shoes,1,50000.0,32419,6,2023,17581.0,35.16
ORD-6587,2023-01-28,Laptop,3,50000.0,32314,1,2023,17686.0,35.37
ORD-6588,2024-01-27,Shoes,1,2000.0,12614,1,2024,-10614.0,-530.7
ORD-6589,2023-09-14,Mobile,1,2000.0,5003,9,2023,-3003.0,-150.15
ORD-6590,2023-06-14,Shoes,1,50000.0,27235,6,2023,22765.0,45.53
ORD-6591,2023-03-04,Shoes,2,30000.0,34366,3,2023,-4366.0,-14.55
ORD-6592,2023-01-22,Mobile,3,30000.0,33837,1,2023,-3837.0,-12.79
ORD-6593,2023-03-11,Shirt,1,30000.0,9139,3,2023,20861.0,69.54
ORD-6594,2024-01-16,Mobile,3,30000.0,10585,1,2024,19415.0,64.72
ORD-6596,2023-04-06,Mobile,2,30000.0,27225,4,2023,2775.0,9.25
ORD-6599,2023-01-05,Shirt,1,50000.0,36451,1,2023,13549.0,27.1
ORD-6600,2023-11-12,Shirt,1,50000.0,5562,11,2023,44438.0,88.88
ORD-6601,2023-04-30,Laptop,2,2000.0,5652,4,2023,-3652.0,-182.6
ORD-6602,2023-10-29,Laptop,2,30000.0,22315,10,2023,7685.0,25.62
ORD-6603,2023-06-27,Shoes,3,30000.0,10502,6,2023,19498.0,64.99
ORD-6604,2023-06-25,Shoes,2,50000.0,5713,6,2023,44287.0,88.57
ORD-6605,2024-01-25,Laptop,1,50000.0,6413,1,2024,43587.0,87.17
ORD-6606,2023-08-05,Laptop,2,50000.0,22984,8,2023,27016.0,54.03
ORD-6607,2023-02-25,Shirt,2,2000.0,21487,2,2023,-19487.0,-974.35
ORD-6608,2024-01-01,Mobile,1,30000.0,3075,1,2024,26925.0,89.75
ORD-6609,2023-07-06,Shirt,1,2000.0,34550,7,2023,-32550.0,-1627.5
ORD-6612,2024-02-17,Laptop,1,30000.0,12909,2,2024,17091.0,56.97
ORD-6613,2024-03-30,Shoes,1,50000.0,30212,3,2024,19788.0,39.58
ORD-6614,2023-04-14,Shoes,1,50000.0,15962,4,2023,34038.0,68.08
ORD-6615,2023-03-18,Shoes,2,2000.0,16853,3,2023,-14853.0,-742.65
ORD-6618,2023-09-15,Laptop,1,30000.0,3109,9,2023,26891.0,89.64
ORD-6620,2023-11-27,Shoes,1,50000.0,16987,11,2023,33013.0,66.03
ORD-6621,2024-04-25,Shoes,2,50000.0,38185,4,2024,11815.0,23.63
ORD-6622,2023-07-01,Shirt,2,50000.0,4699,7,2023,45301.0,90.6
ORD-6623,2024-01-16,Shirt,2,30000.0,29209,1,2024,791.0,2.64
ORD-6624,2023-09-13,Shoes,2,2000.0,23547,9,2023,-21547.0,-1077.35
ORD-6626,2023-06-25,Shirt,1,30000.0,15202,6,2023,14798.0,49.33
ORD-6627,2023-01-27,Mobile,3,2000.0,30220,1,2023,-28220.0,-1411.0
ORD-6628,2023-10-03,Shirt,2,30000.0,22762,10,2023,7238.0,24.13
ORD-6630,2023-10-26,Laptop,1,50000.0,2722,10,2023,47278.0,94.56
ORD-6631,2024-03-20,Laptop,3,2000.0,12674,3,2024,-10674.0,-533.7
ORD-6632,2023-10-14,Shoes,1,2000.0,3812,10,2023,-1812.0,-90.6
ORD-6633,2023-04-01,Laptop,2,30000.0,3278,4,2023,26722.0,89.07
ORD-6634,2024-04-24,Mobile,2,30000.0,36118,4,2024,-6118.0,-20.39
ORD-6635,2023-03-02,Laptop,1,50000.0,4623,3,2023,45377.0,90.75
ORD-6636,2024-04-02,Shoes,1,30000.0,7530,4,2024,22470.0,74.9
ORD-6641,2023-12-17,Shoes,2,50000.0,13270,12,2023,36730.0,73.46
ORD-6642,2023-05-23,Shoes,3,50000.0,19953,5,2023,30047.0,60.09
ORD-6643,2024-02-04,Mobile,2,50000.0,36583,2,2024,13417.0,26.83
ORD-6644,2023-09-10,Laptop,2,30000.0,24356,9,2023,5644.0,18.81
ORD-6645,2023-09-26,Shoes,1,50000.0,5578,9,2023,44422.0,88.84
ORD-6646,2024-01-04,Mobile,1,2000.0,5462,1,2024,-3462.0,-173.1
ORD-6647,2023-10-18,Shirt,1,2000.0,1888,10,2023,112.0,5.6
ORD-6648,2024-05-14,Shirt,3,2000.0,23332,5,2024,-21332.0,-1066.6
ORD-6649,2024-04-03,Shoes,1,30000.0,20862,4,2024,9138.0,30.46
ORD-6650,2023-07-06,Laptop,1,30000.0,20973,7,2023,9027.0,30.09
ORD-6651,2024-02-09,Shirt,3,50000.0,2723,2,2024,47277.0,94.55
ORD-6653,2024-03-13,Shirt,1,2000.0,9602,3,2024,-7602.0,-380.1
ORD-6654,2024-04-03,Laptop,1,30000.0,19614,4,2024,10386.0,34.62
ORD-6655,2024-02-18,Laptop,3,2000.0,19444,2,2024,-17444.0,-872.2
ORD-6656,2023-10-31,Shoes,2,50000.0,3613,10,2023,46387.0,92.77
ORD-6657,2023-10-18,Shoes,3,30000.0,24082,10,2023,5918.0,19.73
ORD-6660,2024-02-19,Mobile,3,30000.0,12102,2,2024,17898.0,59.66
ORD-6662,2024-02-12,Shoes,1,50000.0,9986,2,2024,40014.0,80.03
ORD-6664,2024-03-08,Shoes,1,2000.0,27269,3,2024,-25269.0,-1263.45
ORD-6665,2024-04-24,Shoes,1,2000.0,15173,4,2024,-13173.0,-658.65
ORD-6666,2023-12-22,Laptop,1,2000.0,22118,12,2023,-20118.0,-1005.9
ORD-6667,2024-02-20,Shirt,3,30000.0,33958,2,2024,-3958.0,-13.19
ORD-6668,2023-07-02,Laptop,3,30000.0,15089,7,2023,14911.0,49.7
ORD-6669,2023-07-26,Shirt,1,30000.0,21250,7,2023,8750.0,29.17
ORD-6670,2023-09-13,Shoes,2,30000.0,27065,9,2023,2935.0,9.78
ORD-6671,2023-08-23,Laptop,3,30000.0,14690,8,2023,15310.0,51.03
ORD-6672,2024-03-17,Mobile,3,50000.0,14740,3,2024,35260.0,70.52
ORD-6673,2023-12-21,Shirt,2,30000.0,39807,12,2023,-9807.0,-32.69
ORD-6675,2023-07-27,Shirt,3,50000.0,6624,7,2023,43376.0,86.75
ORD-6676,2023-07-16,Laptop,1,30000.0,21542,7,2023,8458.0,28.19
ORD-6678,2023-05-05,Laptop,2,50000.0,10033,5,2023,39967.0,79.93
ORD-6679,2023-05-18,Shirt,2,2000.0,22604,5,2023,-20604.0,-1030.2
ORD-6680,2023-12-05,Shirt,1,50000.0,21442,12,2023,28558.0,57.12
ORD-6681,2023-01-25,Shirt,1,30000.0,4247,1,2023,25753.0,85.84
ORD-6682,2023-03-09,Shirt,1,50000.0,26474,3,2023,23526.0,47.05
ORD-6683,2023-03-02,Shoes,1,50000.0,6586,3,2023,43414.0,86.83
ORD-6684,2023-01-29,Shirt,2,2000.0,8940,1,2023,-6940.0,-347.0
ORD-6685,2024-01-18,Mobile,1,50000.0,19606,1,2024,30394.0,60.79
ORD-6686,2023-01-19,Shirt,1,50000.0,35282,1,2023,14718.0,29.44
ORD-6687,2023-06-20,Laptop,2,2000.0,3883,6,2023,-1883.0,-94.15
ORD-6688,2024-03-25,Shoes,3,30000.0,37594,3,2024,-7594.0,-25.31
ORD-6690,2023-03-02,Shoes,3,50000.0,13567,3,2023,36433.0,72.87
ORD-6691,2024-03-02,Shoes,1,2000.0,5339,3,2024,-3339.0,-166.95
ORD-6692,2023-06-02,Shoes,1,50000.0,34442,6,2023,15558.0,31.12
ORD-6693,2023-10-03,Laptop,3,30000.0,23673,10,2023,6327.0,21.09
ORD-6694,2023-02-17,Shoes,2,30000.0,16426,2,2023,13574.0,45.25
ORD-6695,2023-07-30,Shoes,1,2000.0,17486,7,2023,-15486.0,-774.3
ORD-6698,2023-05-19,Mobile,1,50000.0,13219,5,2023,36781.0,73.56
ORD-6699,2023-04-20,Mobile,1,2000.0,4708,4,2023,-2708.0,-135.4
ORD-6701,2023-07-02,Laptop,1,30000.0,2495,7,2023,27505.0,91.68
ORD-6703,2023-07-16,Laptop,2,2000.0,37160,7,2023,-35160.0,-1758.0
ORD-6704,2023-07-10,Shirt,2,30000.0,8537,7,2023,21463.0,71.54
ORD-6705,2023-11-11,Shirt,3,50000.0,36553,11,2023,13447.0,26.89
ORD-6706,2024-01-24,Laptop,2,30000.0,23203,1,2024,6797.0,22.66
ORD-6710,2023-02-19,Shoes,3,50000.0,16211,2,2023,33789.0,67.58
ORD-6712,2023-09-03,Shoes,2,2000.0,4525,9,2023,-2525.0,-126.25
ORD-6713,2023-04-23,Shirt,2,50000.0,20901,4,2023,29099.0,58.2
ORD-6714,2023-06-19,Shoes,3,30000.0,5777,6,2023,24223.0,80.74
ORD-6716,2023-06-15,Shirt,1,2000.0,24317,6,2023,-22317.0,-1115.85
ORD-6717,2024-02-13,Shoes,1,2000.0,32501,2,2024,-30501.0,-1525.05
ORD-6718,2023-01-14,Laptop,2,50000.0,19297,1,2023,30703.0,61.41
ORD-6719,2023-07-22,Shirt,3,2000.0,11649,7,2023,-9649.0,-482.45
ORD-6720,2023-10-15,Shoes,3,50000.0,24719,10,2023,25281.0,50.56
ORD-6721,2024-01-30,Laptop,2,50000.0,2150,1,2024,47850.0,95.7
ORD-6722,2023-07-08,Laptop,3,50000.0,15301,7,2023,34699.0,69.4
ORD-6723,2024-02-06,Mobile,2,30000.0,29434,2,2024,566.0,1.89
ORD-6724,2023-06-04,Mobile,1,30000.0,37905,6,2023,-7905.0,-26.35
ORD-6725,2023-02-24,Shoes,3,2000.0,21520,2,2023,-19520.0,-976.0
ORD-6726,2023-07-01,Shoes,1,30000.0,2510,7,2023,27490.0,91.63
ORD-6727,2023-07-29,Shoes,3,50000.0,29546,7,2023,20454.0,40.91
ORD-6728,2024-01-11,Laptop,2,50000.0,14982,1,2024,35018.0,70.04
ORD-6729,2024-04-15,Shoes,1,30000.0,4915,4,2024,25085.0,83.62
ORD-6730,2023-03-16,Laptop,2,2000.0,15734,3,2023,-13734.0,-686.7
ORD-6731,2023-10-04,Shoes,3,50000.0,23709,10,2023,26291.0,52.58
ORD-6732,2024-03-03,Laptop,1,30000.0,20636,3,2024,9364.0,31.21
ORD-6734,2023-12-09,Mobile,3,2000.0,11957,12,2023,-9957.0,-497.85
ORD-6735,2024-02-29,Shirt,1,2000.0,37706,2,2024,-35706.0,-1785.3
ORD-6736,2023-02-28,Laptop,1,2000.0,34841,2,2023,-32841.0,-1642.05
ORD-6738,2024-05-03,Mobile,1,50000.0,32828,5,2024,17172.0,34.34
ORD-6739,2023-07-01,Shoes,1,2000.0,29129,7,2023,-27129.0,-1356.45
ORD-6740,2024-04-02,Shoes,2,30000.0,38939,4,2024,-8939.0,-29.8
ORD-6741,2024-02-10,Laptop,2,2000.0,9298,2,2024,-7298.0,-364.9
ORD-6742,2023-12-05,Laptop,1,30000.0,7480,12,2023,22520.0,75.07
ORD-6743,2023-11-17,Shirt,1,2000.0,28544,11,2023,-26544.0,-1327.2
ORD-6744,2023-03-05,Laptop,3,30000.0,3857,3,2023,26143.0,87.14
ORD-6745,2023-11-23,Laptop,1,30000.0,5349,11,2023,24651.0,82.17
ORD-6746,2023-09-17,Shirt,3,30000.0,2428,9,2023,27572.0,91.91
ORD-6750,2024-04-04,Shirt,1,50000.0,16718,4,2024,33282.0,66.56
ORD-6751,2024-02-10,Mobile,1,30000.0,15809,2,2024,14191.0,47.3
ORD-6752,2023-08-02,Shoes,3,50000.0,14272,8,2023,35728.0,71.46
ORD-6754,2024-03-06,Mobile,1,30000.0,8856,3,2024,21144.0,70.48
ORD-6755,2023-07-28,Laptop,2,50000.0,12223,7,2023,37777.0,75.55
ORD-6757,2024-03-05,Shirt,1,50000.0,9166,3,2024,40834.0,81.67
ORD-6758,2023-05-22,Mobile,2,50000.0,13637,5,2023,36363.0,72.73
ORD-6760,2024-02-08,Laptop,2,30000.0,11704,2,2024,18296.0,60.99
ORD-6761,2024-03-09,Laptop,3,2000.0,9502,3,2024,-7502.0,-375.1
ORD-6762,2023-04-22,Shoes,1,2000.0,16266,4,2023,-14266.0,-713.3
ORD-6763,2024-02-21,Mobile,2,50000.0,35089,2,2024,14911.0,29.82
ORD-6764,2024-01-10,Shoes,3,50000.0,21759,1,2024,28241.0,56.48
ORD-6765,2023-02-28,Laptop,1,50000.0,16046,2,2023,33954.0,67.91
ORD-6766,2023-02-12,Laptop,2,30000.0,26270,2,2023,3730.0,12.43
ORD-6767,2023-07-26,Laptop,2,50000.0,11806,7,2023,38194.0,76.39
ORD-6768,2023-09-25,Shirt,1,50000.0,38988,9,2023,11012.0,22.02
ORD-6769,2023-10-23,Mobile,3,50000.0,36892,10,2023,13108.0,26.22
ORD-6771,2023-01-20,Shoes,1,2000.0,6099,1,2023,-4099.0,-204.95
ORD-6772,2023-08-10,Shirt,1,2000.0,31311,8,2023,-29311.0,-1465.55
ORD-6774,2023-05-11,Shirt,3,30000.0,12627,5,2023,17373.0,57.91
ORD-6775,2023-06-05,Laptop,2,30000.0,26309,6,2023,3691.0,12.3
ORD-6776,2023-07-03,Shoes,1,30000.0,2350,7,2023,27650.0,92.17
ORD-6778,2023-04-04,Laptop,3,2000.0,12739,4,2023,-10739.0,-536.95
ORD-6779,2023-01-13,Laptop,2,2000.0,22302,1,2023,-20302.0,-1015.1
ORD-6780,2024-04-05,Laptop,1,50000.0,39498,4,2024,10502.0,21.0
ORD-6781,2023-11-18,Mobile,3,2000.0,13384,11,2023,-11384.0,-569.2
ORD-6782,2023-10-20,Shirt,1,30000.0,34094,10,2023,-4094.0,-13.65
ORD-6783,2024-03-08,Shoes,2,30000.0,3120,3,2024,26880.0,89.6
ORD-6784,2023-08-18,Shirt,1,50000.0,1993,8,2023,48007.0,96.01
ORD-6785,2023-11-18,Laptop,1,50000.0,22759,11,2023,27241.0,54.48
ORD-6786,2023-10-19,Laptop,1,2000.0,19150,10,2023,-17150.0,-857.5
ORD-6787,2024-03-13,Shirt,3,50000.0,26756,3,2024,23244.0,46.49
ORD-6788,2023-01-26,Shoes,1,50000.0,36549,1,2023,13451.0,26.9
ORD-6790,2024-03-31,Shirt,2,2000.0,9290,3,2024,-7290.0,-364.5
ORD-6791,2023-12-30,Laptop,2,30000.0,17627,12,2023,12373.0,41.24
ORD-6793,2023-10-26,Mobile,2,30000.0,39262,10,2023,-9262.0,-30.87
ORD-6794,2023-05-30,Shirt,1,50000.0,3709,5,2023,46291.0,92.58
ORD-6795,2023-05-28,Mobile,1,50000.0,28629,5,2023,21371.0,42.74
ORD-6796,2023-01-08,Mobile,3,30000.0,25085,1,2023,4915.0,16.38
ORD-6800,2024-02-18,Shirt,1,50000.0,10507,2,2024,39493.0,78.99
ORD-6801,2023-07-28,Shoes,3,2000.0,10578,7,2023,-8578.0,-428.9
ORD-6802,2023-05-08,Laptop,1,50000.0,7711,5,2023,42289.0,84.58
ORD-6803,2023-12-06,Shirt,1,30000.0,16979,12,2023,13021.0,43.4
ORD-6805,2024-03-14,Shoes,1,2000.0,25997,3,2024,-23997.0,-1199.85
ORD-6807,2024-03-05,Shirt,1,50000.0,21185,3,2024,28815.0,57.63
ORD-6808,2023-11-14,Shirt,1,2000.0,22746,11,2023,-20746.0,-1037.3
ORD-6809,2023-08-23,Laptop,1,2000.0,22857,8,2023,-20857.0,-1042.85
ORD-6810,2023-01-07,Shirt,1,50000.0,10603,1,2023,39397.0,78.79
ORD-6814,2023-08-27,Laptop,1,50000.0,19467,8,2023,30533.0,61.07
ORD-6815,2024-03-15,Laptop,3,30000.0,13845,3,2024,16155.0,53.85
ORD-6816,2024-03-07,Mobile,2,30000.0,27943,3,2024,2057.0,6.86
ORD-6818,2023-06-30,Shoes,1,2000.0,4340,6,2023,-2340.0,-117.0
ORD-6819,2023-08-03,Laptop,2,30000.0,13312,8,2023,16688.0,55.63
ORD-6821,2023-09-13,Shoes,3,30000.0,1639,9,2023,28361.0,94.54
ORD-6823,2024-02-23,Shoes,2,30000.0,14496,2,2024,15504.0,51.68
ORD-6824,2023-06-28,Mobile,3,30000.0,29845,6,2023,155.0,0.52
ORD-6825,2023-07-31,Shoes,2,2000.0,31089,7,2023,-29089.0,-1454.45
ORD-6826,2023-10-20,Laptop,2,2000.0,39168,10,2023,-37168.0,-1858.4
ORD-6827,2023-08-22,Shoes,1,30000.0,30672,8,2023,-672.0,-2.24
ORD-6829,2023-08-27,Laptop,2,2000.0,18702,8,2023,-16702.0,-835.1
ORD-6830,2023-08-11,Mobile,1,50000.0,9719,8,2023,40281.0,80.56
ORD-6831,2023-04-29,Mobile,2,2000.0,37027,4,2023,-35027.0,-1751.35
ORD-6832,2023-11-09,Shoes,3,30000.0,37251,11,2023,-7251.0,-24.17
ORD-6833,2023-09-21,Shirt,1,30000.0,20403,9,2023,9597.0,31.99
ORD-6834,2023-07-26,Shoes,1,50000.0,27809,7,2023,22191.0,44.38
ORD-6835,2023-04-05,Shirt,2,2000.0,26150,4,2023,-24150.0,-1207.5
ORD-6836,2024-01-08,Shoes,2,30000.0,11226,1,2024,18774.0,62.58
ORD-6837,2023-08-10,Mobile,3,50000.0,38172,8,2023,11828.0,23.66
ORD-6838,2024-01-01,Shoes,1,50000.0,39705,1,2024,10295.0,20.59
ORD-6840,2024-01-15,Shirt,1,2000.0,9729,1,2024,-7729.0,-386.45
ORD-6841,2023-08-19,Mobile,3,2000.0,24938,8,2023,-22938.0,-1146.9
ORD-6842,2023-11-05,Shirt,1,2000.0,38721,11,2023,-36721.0,-1836.05
ORD-6843,2023-04-29,Shoes,3,30000.0,10766,4,2023,19234.0,64.11
ORD-6844,2023-09-25,Laptop,2,50000.0,9384,9,2023,40616.0,81.23
ORD-6846,2023-09-30,Shoes,2,2000.0,29724,9,2023,-27724.0,-1386.2
ORD-6849,2023-12-16,Laptop,1,50000.0,14507,12,2023,35493.0,70.99
ORD-6850,2024-02-17,Shirt,1,2000.0,8378,2,2024,-6378.0,-318.9
ORD-6852,2024-05-08,Laptop,1,2000.0,12571,5,2024,-10571.0,-528.55
ORD-6853,2023-01-11,Laptop,3,2000.0,38320,1,2023,-36320.0,-1816.0
ORD-6854,2023-04-08,Shirt,2,2000.0,31190,4,2023,-29190.0,-1459.5
ORD-6856,2023-03-12,Mobile,3,50000.0,37522,3,2023,12478.0,24.96
ORD-6857,2023-12-30,Shoes,3,50000.0,7265,12,2023,42735.0,85.47
ORD-6859,2023-10-17,Shirt,1,30000.0,2837,10,2023,27163.0,90.54
ORD-6860,2023-09-08,Mobile,1,2000.0,18409,9,2023,-16409.0,-820.45
ORD-6861,2023-10-03,Shirt,1,2000.0,18042,10,2023,-16042.0,-802.1
ORD-6862,2023-02-19,Shoes,3,50000.0,18061,2,2023,31939.0,63.88
ORD-6865,2024-01-29,Laptop,1,30000.0,36143,1,2024,-6143.0,-20.48
ORD-6866,2024-02-20,Laptop,2,30000.0,7859,2,2024,22141.0,73.8
ORD-6867,2023-02-21,Laptop,1,50000.0,35356,2,2023,14644.0,29.29
ORD-6868,2023-09-28,Shoes,1,30000.0,21965,9,2023,8035.0,26.78
ORD-6869,2024-04-29,Shirt,1,30000.0,13854,4,2024,16146.0,53.82
ORD-6872,2023-10-20,Laptop,1,30000.0,24054,10,2023,5946.0,19.82
ORD-6873,2023-05-06,Shoes,2,50000.0,9192,5,2023,40808.0,81.62
ORD-6874,2023-10-23,Shoes,1,30000.0,3184,10,2023,26816.0,89.39
ORD-6875,2023-03-13,Shirt,3,50000.0,37019,3,2023,12981.0,25.96
ORD-6876,2023-10-23,Shirt,3,30000.0,17281,10,2023,12719.0,42.4
ORD-6879,2024-02-11,Mobile,2,50000.0,37539,2,2024,12461.0,24.92
ORD-6880,2023-12-26,Shoes,3,30000.0,14536,12,2023,15464.0,51.55
ORD-6881,2024-01-30,Laptop,1,30000.0,17077,1,2024,12923.0,43.08
ORD-6882,2023-04-20,Laptop,1,50000.0,26273,4,2023,23727.0,47.45
ORD-6883,2023-07-11,Shirt,1,30000.0,32052,7,2023,-2052.0,-6.84
ORD-6884,2024-01-27,Shirt,2,2000.0,3419,1,2024,-1419.0,-70.95
ORD-6887,2023-02-25,Shoes,2,50000.0,20012,2,2023,29988.0,59.98
ORD-6888,2023-03-01,Laptop,1,30000.0,12981,3,2023,17019.0,56.73
ORD-6889,2023-05-18,Mobile,3,50000.0,34453,5,2023,15547.0,31.09
ORD-6890,2023-02-08,Mobile,3,2000.0,3756,2,2023,-1756.0,-87.8
ORD-6891,2023-01-28,Shoes,3,30000.0,6023,1,2023,23977.0,79.92
ORD-6892,2023-02-18,Shirt,3,2000.0,27418,2,2023,-25418.0,-1270.9
ORD-6893,2024-02-24,Mobile,3,50000.0,22219,2,2024,27781.0,55.56
ORD-6895,2023-01-13,Shirt,3,2000.0,18094,1,2023,-16094.0,-804.7
ORD-6896,2024-04-24,Mobile,1,30000.0,38853,4,2024,-8853.0,-29.51
ORD-6897,2023-02-05,Laptop,3,50000.0,6646,2,2023,43354.0,86.71
ORD-6898,2023-04-11,Mobile,1,50000.0,12991,4,2023,37009.0,74.02
ORD-6899,2023-10-09,Shirt,3,50000.0,19978,10,2023,30022.0,60.04
ORD-6901,2023-01-04,Mobile,3,50000.0,36723,1,2023,13277.0,26.55
ORD-6902,2023-08-11,Shoes,2,50000.0,25787,8,2023,24213.0,48.43
ORD-6904,2024-03-23,Laptop,2,50000.0,10635,3,2024,39365.0,78.73
ORD-6905,2023-06-15,Shoes,1,50000.0,15932,6,2023,34068.0,68.14
ORD-6906,2024-01-18,Shoes,1,2000.0,37911,1,2024,-35911.0,-1795.55
ORD-6907,2023-12-10,Mobile,1,50000.0,36765,12,2023,13235.0,26.47
ORD-6909,2024-01-11,Shirt,3,2000.0,10946,1,2024,-8946.0,-447.3
ORD-6910,2024-04-15,Shirt,2,50000.0,20363,4,2024,29637.0,59.27
ORD-6912,2023-05-10,Shoes,1,30000.0,4605,5,2023,25395.0,84.65
ORD-6913,2023-01-31,Shoes,2,50000.0,10152,1,2023,39848.0,79.7
ORD-6914,2024-01-10,Shirt,2,30000.0,33898,1,2024,-3898.0,-12.99
ORD-6915,2023-01-11,Laptop,2,2000.0,36415,1,2023,-34415.0,-1720.75
ORD-6917,2023-10-29,Shirt,1,2000.0,32848,10,2023,-30848.0,-1542.4
ORD-6918,2023-04-06,Shirt,1,30000.0,4729,4,2023,25271.0,84.24
ORD-6919,2023-07-09,Shirt,2,30000.0,38199,7,2023,-8199.0,-27.33
ORD-6920,2024-03-28,Mobile,1,30000.0,32455,3,2024,-2455.0,-8.18
ORD-6922,2024-04-30,Laptop,1,30000.0,2024,4,2024,27976.0,93.25
ORD-6923,2023-09-23,Laptop,3,30000.0,27228,9,2023,2772.0,9.24
ORD-6925,2023-05-08,Shirt,3,30000.0,33179,5,2023,-3179.0,-10.6
ORD-6926,2023-08-26,Shirt,2,50000.0,38359,8,2023,11641.0,23.28
ORD-6927,2024-02-12,Shirt,1,30000.0,33037,2,2024,-3037.0,-10.12
ORD-6929,2024-03-03,Shirt,2,30000.0,37692,3,2024,-7692.0,-25.64
ORD-6931,2023-11-12,Shoes,2,30000.0,26335,11,2023,3665.0,12.22
ORD-6932,2024-03-21,Shoes,3,50000.0,21607,3,2024,28393.0,56.79
ORD-6937,2023-08-11,Shirt,2,30000.0,5655,8,2023,24345.0,81.15
ORD-6938,2024-04-23,Shirt,2,30000.0,6019,4,2024,23981.0,79.94
ORD-6939,2024-05-04,Laptop,3,50000.0,37342,5,2024,12658.0,25.32
ORD-6940,2023-11-09,Laptop,3,50000.0,20664,11,2023,29336.0,58.67
ORD-6941,2024-03-14,Laptop,1,30000.0,17924,3,2024,12076.0,40.25
ORD-6942,2023-04-16,Laptop,1,2000.0,23546,4,2023,-21546.0,-1077.3
ORD-6944,2023-07-03,Laptop,2,30000.0,13642,7,2023,16358.0,54.53
ORD-6945,2023-08-14,Shirt,3,50000.0,24086,8,2023,25914.0,51.83
ORD-6947,2023-10-05,Mobile,2,50000.0,31462,10,2023,18538.0,37.08
ORD-6948,2024-02-01,Laptop,1,2000.0,33076,2,2024,-31076.0,-1553.8
ORD-6950,2023-06-25,Mobile,1,2000.0,28856,6,2023,-26856.0,-1342.8
ORD-6951,2023-01-18,Shirt,1,2000.0,10486,1,2023,-8486.0,-424.3
ORD-6952,2024-01-06,Mobile,2,2000.0,33158,1,2024,-31158.0,-1557.9
ORD-6953,2024-04-04,Mobile,1,30000.0,15681,4,2024,14319.0,47.73
ORD-6954,2024-02-28,Shoes,3,50000.0,12701,2,2024,37299.0,74.6
ORD-6956,2024-02-03,Laptop,1,30000.0,27611,2,2024,2389.0,7.96
ORD-6957,2023-04-16,Shoes,3,50000.0,6523,4,2023,43477.0,86.95
ORD-6958,2023-09-28,Mobile,1,30000.0,21233,9,2023,8767.0,29.22
ORD-6959,2024-04-07,Shirt,3,50000.0,25955,4,2024,24045.0,48.09
ORD-6964,2023-02-01,Mobile,3,50000.0,5451,2,2023,44549.0,89.1
ORD-6965,2024-01-28,Shoes,1,30000.0,17061,1,2024,12939.0,43.13
ORD-6969,2023-08-07,Laptop,1,2000.0,6135,8,2023,-4135.0,-206.75
ORD-6972,2023-11-29,Mobile,2,50000.0,9602,11,2023,40398.0,80.8
ORD-6973,2023-07-27,Mobile,1,2000.0,8232,7,2023,-6232.0,-311.6
ORD-6974,2023-07-20,Shirt,1,50000.0,5835,7,2023,44165.0,88.33
ORD-6975,2024-03-22,Mobile,1,30000.0,27066,3,2024,2934.0,9.78
ORD-6976,2023-11-28,Mobile,1,2000.0,29381,11,2023,-27381.0,-1369.05
ORD-6977,2024-03-03,Shoes,1,50000.0,37111,3,2024,12889.0,25.78
ORD-6978,2023-02-07,Mobile,1,50000.0,11769,2,2023,38231.0,76.46
ORD-6979,2023-07-30,Shoes,1,30000.0,17656,7,2023,12344.0,41.15
ORD-6980,2024-03-19,Mobile,1,30000.0,1819,3,2024,28181.0,93.94
ORD-6983,2023-08-15,Shirt,1,2000.0,7069,8,2023,-5069.0,-253.45
ORD-6984,2023-02-17,Mobile,1,2000.0,6640,2,2023,-4640.0,-232.0
ORD-6985,2023-01-18,Laptop,2,30000.0,37752,1,2023,-7752.0,-25.84
ORD-6986,2024-02-04,Laptop,3,2000.0,22274,2,2024,-20274.0,-1013.7
ORD-6988,2023-10-22,Shoes,1,30000.0,20365,10,2023,9635.0,32.12
ORD-6989,2023-07-15,Shirt,3,50000.0,4039,7,2023,45961.0,91.92
ORD-6990,2023-07-06,Shoes,2,30000.0,32915,7,2023,-2915.0,-9.72
ORD-6991,2023-12-11,Laptop,1,2000.0,3487,12,2023,-1487.0,-74.35
ORD-6994,2024-05-02,Mobile,2,50000.0,29108,5,2024,20892.0,41.78
ORD-6995,2024-02-01,Shoes,3,50000.0,9499,2,2024,40501.0,81.0
ORD-6996,2023-12-31,Shoes,3,30000.0,7131,12,2023,22869.0,76.23
ORD-6998,2024-05-11,Shoes,2,50000.0,25984,5,2024,24016.0,48.03
ORD-6999,2023-08-17,Laptop,2,50000.0,1825,8,2023,48175.0,96.35
ORD-7000,2024-01-25,Laptop,1,30000.0,2191,1,2024,27809.0,92.7
ORD-7001,2024-04-11,Shoes,1,30000.0,15707,4,2024,14293.0,47.64
ORD-7003,2023-07-07,Shirt,1,2000.0,7813,7,2023,-5813.0,-290.65
ORD-7004,2023-12-12,Shoes,1,2000.0,27350,12,2023,-25350.0,-1267.5
ORD-7006,2023-04-05,Mobile,1,2000.0,29992,4,2023,-27992.0,-1399.6
ORD-7009,2023-02-08,Mobile,3,50000.0,34975,2,2023,15025.0,30.05
ORD-7010,2023-03-13,Laptop,2,2000.0,25992,3,2023,-23992.0,-1199.6
ORD-7012,2023-11-29,Mobile,3,2000.0,5943,11,2023,-3943.0,-197.15
ORD-7013,2023-06-09,Shoes,1,2000.0,27519,6,2023,-25519.0,-1275.95
ORD-7014,2023-07-06,Laptop,3,30000.0,27756,7,2023,2244.0,7.48
ORD-7015,2024-04-30,Mobile,1,2000.0,22220,4,2024,-20220.0,-1011.0
ORD-7017,2024-02-26,Shirt,1,50000.0,29250,2,2024,20750.0,41.5
ORD-7018,2023-04-30,Shoes,1,2000.0,14942,4,2023,-12942.0,-647.1
ORD-7020,2023-02-22,Shirt,1,30000.0,13769,2,2023,16231.0,54.1
ORD-7021,2023-08-10,Mobile,2,2000.0,17503,8,2023,-15503.0,-775.15
ORD-7022,2024-03-26,Shirt,3,50000.0,11447,3,2024,38553.0,77.11
ORD-7023,2024-02-16,Shirt,2,2000.0,9509,2,2024,-7509.0,-375.45
ORD-7025,2023-08-25,Shirt,1,2000.0,17134,8,2023,-15134.0,-756.7
ORD-7026,2023-09-03,Mobile,3,2000.0,17201,9,2023,-15201.0,-760.05
ORD-7027,2023-08-14,Shirt,1,30000.0,19936,8,2023,10064.0,33.55
ORD-7028,2023-07-27,Shoes,1,2000.0,14258,7,2023,-12258.0,-612.9
ORD-7029,2024-02-10,Laptop,3,50000.0,22762,2,2024,27238.0,54.48
ORD-7030,2023-04-06,Shoes,2,2000.0,4228,4,2023,-2228.0,-111.4
ORD-7031,2024-02-26,Laptop,1,30000.0,4410,2,2024,25590.0,85.3
ORD-7033,2023-09-04,Laptop,3,2000.0,6773,9,2023,-4773.0,-238.65
ORD-7034,2023-03-13,Laptop,1,2000.0,37765,3,2023,-35765.0,-1788.25
ORD-7035,2023-11-14,Laptop,2,30000.0,10179,11,2023,19821.0,66.07
ORD-7036,2023-07-04,Laptop,1,30000.0,6617,7,2023,23383.0,77.94
ORD-7037,2023-01-06,Mobile,1,30000.0,3701,1,2023,26299.0,87.66
ORD-7038,2023-07-25,Shoes,2,2000.0,4907,7,2023,-2907.0,-145.35
ORD-7039,2023-02-01,Laptop,2,50000.0,14841,2,2023,35159.0,70.32
ORD-7040,2023-04-09,Shoes,1,30000.0,26330,4,2023,3670.0,12.23
ORD-7042,2024-01-22,Laptop,3,2000.0,33199,1,2024,-31199.0,-1559.95
ORD-7045,2023-03-17,Shoes,2,50000.0,7816,3,2023,42184.0,84.37
ORD-7047,2023-11-11,Shirt,1,30000.0,27831,11,2023,2169.0,7.23
ORD-7048,2023-10-14,Shoes,1,30000.0,18368,10,2023,11632.0,38.77
ORD-7049,2023-12-15,Shirt,1,2000.0,20045,12,2023,-18045.0,-902.25
ORD-7050,2023-09-12,Mobile,1,50000.0,34385,9,2023,15615.0,31.23
ORD-7051,2023-11-21,Shoes,2,50000.0,13105,11,2023,36895.0,73.79
ORD-7053,2023-11-04,Mobile,1,50000.0,6639,11,2023,43361.0,86.72
ORD-7056,2024-02-29,Laptop,1,50000.0,21580,2,2024,28420.0,56.84
ORD-7057,2023-10-14,Laptop,1,2000.0,33768,10,2023,-31768.0,-1588.4
ORD-7059,2023-08-01,Shoes,1,30000.0,31550,8,2023,-1550.0,-5.17
ORD-7060,2023-09-07,Shoes,1,30000.0,25761,9,2023,4239.0,14.13
ORD-7061,2023-03-25,Shirt,1,50000.0,11701,3,2023,38299.0,76.6
ORD-7062,2024-05-01,Mobile,2,50000.0,21822,5,2024,28178.0,56.36
ORD-7065,2024-01-23,Laptop,3,30000.0,36847,1,2024,-6847.0,-22.82
ORD-7067,2023-02-14,Shirt,3,30000.0,29857,2,2023,143.0,0.48
ORD-7069,2024-03-01,Mobile,1,2000.0,22443,3,2024,-20443.0,-1022.15
ORD-7070,2023-04-24,Shirt,2,2000.0,17944,4,2023,-15944.0,-797.2
ORD-7071,2024-03-08,Shirt,1,30000.0,34957,3,2024,-4957.0,-16.52
ORD-7072,2023-10-03,Laptop,1,2000.0,15974,10,2023,-13974.0,-698.7
ORD-7073,2024-05-14,Shoes,2,2000.0,36136,5,2024,-34136.0,-1706.8
ORD-7074,2023-07-24,Shirt,2,50000.0,27314,7,2023,22686.0,45.37
ORD-7076,2024-03-13,Mobile,2,50000.0,5953,3,2024,44047.0,88.09
ORD-7077,2024-02-24,Mobile,3,30000.0,25282,2,2024,4718.0,15.73
ORD-7078,2024-04-25,Shirt,1,50000.0,12237,4,2024,37763.0,75.53
ORD-7079,2024-01-20,Mobile,2,30000.0,38148,1,2024,-8148.0,-27.16
ORD-7080,2024-02-03,Laptop,2,2000.0,29448,2,2024,-27448.0,-1372.4
ORD-7081,2024-04-05,Shirt,3,50000.0,32771,4,2024,17229.0,34.46
ORD-7082,2023-09-30,Shirt,1,2000.0,3588,9,2023,-1588.0,-79.4
ORD-7084,2023-02-27,Mobile,1,2000.0,7356,2,2023,-5356.0,-267.8
ORD-7086,2024-05-12,Shirt,1,2000.0,15695,5,2024,-13695.0,-684.75
ORD-7087,2023-08-07,Shoes,2,50000.0,21783,8,2023,28217.0,56.43
ORD-7088,2023-04-19,Mobile,3,50000.0,2403,4,2023,47597.0,95.19
ORD-7089,2023-10-06,Mobile,3,2000.0,29327,10,2023,-27327.0,-1366.35
ORD-7090,2023-06-23,Shirt,1,30000.0,3285,6,2023,26715.0,89.05
ORD-7091,2023-11-24,Shoes,3,30000.0,9862,11,2023,20138.0,67.13
ORD-7094,2024-04-18,Shirt,2,2000.0,35017,4,2024,-33017.0,-1650.85
ORD-7095,2023-04-21,Shirt,1,50000.0,34646,4,2023,15354.0,30.71
ORD-7097,2023-09-26,Shoes,2,2000.0,12543,9,2023,-10543.0,-527.15
ORD-7099,2023-08-17,Mobile,2,50000.0,26553,8,2023,23447.0,46.89
ORD-7101,2023-06-05,Shoes,1,2000.0,22263,6,2023,-20263.0,-1013.15
ORD-7103,2023-07-08,Shoes,1,30000.0,17922,7,2023,12078.0,40.26
ORD-7105,2024-01-10,Laptop,2,50000.0,10092,1,2024,39908.0,79.82
ORD-7106,2023-01-02,Shirt,2,50000.0,35234,1,2023,14766.0,29.53
ORD-7107,2023-09-03,Shoes,3,50000.0,19117,9,2023,30883.0,61.77
ORD-7108,2023-07-29,Laptop,1,50000.0,34258,7,2023,15742.0,31.48
ORD-7109,2024-02-05,Laptop,1,2000.0,32190,2,2024,-30190.0,-1509.5
ORD-7114,2024-05-12,Laptop,1,2000.0,23409,5,2024,-21409.0,-1070.45
ORD-7115,2023-08-09,Mobile,1,50000.0,15885,8,2023,34115.0,68.23
ORD-7118,2023-12-04,Shirt,2,50000.0,10726,12,2023,39274.0,78.55
ORD-7119,2023-09-26,Shoes,1,30000.0,10540,9,2023,19460.0,64.87
ORD-7120,2023-06-20,Mobile,1,30000.0,9102,6,2023,20898.0,69.66
ORD-7121,2024-04-13,Mobile,1,50000.0,13754,4,2024,36246.0,72.49
ORD-7123,2023-05-29,Laptop,3,50000.0,34363,5,2023,15637.0,31.27
ORD-7126,2023-12-03,Laptop,3,30000.0,19747,12,2023,10253.0,34.18
ORD-7127,2024-02-28,Shoes,1,30000.0,1134,2,2024,28866.0,96.22
ORD-7131,2023-07-20,Shoes,2,30000.0,32119,7,2023,-2119.0,-7.06
ORD-7133,2023-07-21,Shirt,2,50000.0,8179,7,2023,41821.0,83.64
ORD-7134,2023-12-30,Shoes,2,2000.0,35278,12,2023,-33278.0,-1663.9
ORD-7135,2024-04-23,Mobile,2,2000.0,20180,4,2024,-18180.0,-909.0
ORD-7137,2024-04-15,Laptop,3,50000.0,38280,4,2024,11720.0,23.44
ORD-7139,2023-06-29,Shirt,2,50000.0,5406,6,2023,44594.0,89.19
ORD-7140,2024-02-18,Shirt,2,30000.0,31003,2,2024,-1003.0,-3.34
ORD-7141,2024-02-21,Shoes,1,30000.0,20748,2,2024,9252.0,30.84
ORD-7143,2023-11-04,Shoes,3,30000.0,10591,11,2023,19409.0,64.7
ORD-7145,2023-07-01,Shirt,3,2000.0,4411,7,2023,-2411.0,-120.55
ORD-7146,2024-01-02,Laptop,3,50000.0,17466,1,2024,32534.0,65.07
ORD-7147,2023-01-01,Shoes,1,50000.0,39464,1,2023,10536.0,21.07
ORD-7148,2023-02-13,Laptop,3,2000.0,30698,2,2023,-28698.0,-1434.9
ORD-7149,2023-08-15,Mobile,1,2000.0,11475,8,2023,-9475.0,-473.75
ORD-7150,2023-11-27,Mobile,1,2000.0,32108,11,2023,-30108.0,-1505.4
ORD-7151,2023-04-08,Shoes,1,2000.0,19824,4,2023,-17824.0,-891.2
ORD-7152,2023-07-27,Mobile,3,30000.0,6760,7,2023,23240.0,77.47
ORD-7153,2023-09-22,Laptop,3,50000.0,19166,9,2023,30834.0,61.67
ORD-7154,2023-10-15,Laptop,2,50000.0,32891,10,2023,17109.0,34.22
ORD-7155,2023-09-28,Mobile,3,2000.0,26180,9,2023,-24180.0,-1209.0
ORD-7160,2024-03-16,Shoes,3,30000.0,35846,3,2024,-5846.0,-19.49
ORD-7161,2024-01-27,Shirt,3,50000.0,18361,1,2024,31639.0,63.28
ORD-7162,2023-03-13,Mobile,2,50000.0,30586,3,2023,19414.0,38.83
ORD-7163,2023-06-04,Mobile,1,50000.0,2637,6,2023,47363.0,94.73
ORD-7165,2023-09-25,Shoes,1,2000.0,31926,9,2023,-29926.0,-1496.3
ORD-7167,2023-04-17,Mobile,1,50000.0,37772,4,2023,12228.0,24.46
ORD-7169,2023-02-11,Shoes,2,2000.0,26035,2,2023,-24035.0,-1201.75
ORD-7170,2023-07-09,Mobile,3,2000.0,11168,7,2023,-9168.0,-458.4
ORD-7172,2023-05-19,Shoes,2,50000.0,28473,5,2023,21527.0,43.05
ORD-7173,2023-04-13,Laptop,1,30000.0,36166,4,2023,-6166.0,-20.55
ORD-7174,2023-06-20,Shirt,1,50000.0,35006,6,2023,14994.0,29.99
ORD-7175,2023-12-17,Mobile,1,30000.0,4466,12,2023,25534.0,85.11
ORD-7176,2023-09-30,Shirt,3,50000.0,22902,9,2023,27098.0,54.2
ORD-7178,2024-02-20,Shirt,1,30000.0,36934,2,2024,-6934.0,-23.11
ORD-7179,2023-08-09,Laptop,1,50000.0,34547,8,2023,15453.0,30.91
ORD-7181,2023-12-07,Laptop,3,50000.0,27402,12,2023,22598.0,45.2
ORD-7182,2024-02-28,Shoes,1,2000.0,28714,2,2024,-26714.0,-1335.7
ORD-7183,2024-02-11,Laptop,2,2000.0,21073,2,2024,-19073.0,-953.65
ORD-7184,2023-02-25,Shoes,3,50000.0,15583,2,2023,34417.0,68.83
ORD-7186,2023-12-08,Shoes,1,50000.0,24756,12,2023,25244.0,50.49
ORD-7188,2023-04-12,Shoes,1,30000.0,24634,4,2023,5366.0,17.89
ORD-7189,2024-02-25,Laptop,1,2000.0,32143,2,2024,-30143.0,-1507.15
ORD-7190,2024-05-07,Mobile,1,30000.0,8249,5,2024,21751.0,72.5
ORD-7192,2024-05-13,Shoes,1,50000.0,4796,5,2024,45204.0,90.41
ORD-7193,2023-11-06,Laptop,2,2000.0,19918,11,2023,-17918.0,-895.9
ORD-7196,2024-03-08,Shoes,1,2000.0,29786,3,2024,-27786.0,-1389.3
ORD-7197,2023-08-15,Shoes,2,50000.0,16312,8,2023,33688.0,67.38
ORD-7198,2024-01-06,Shirt,1,2000.0,26973,1,2024,-24973.0,-1248.65
ORD-7199,2023-05-19,Laptop,3,50000.0,14207,5,2023,35793.0,71.59
ORD-7200,2023-12-10,Laptop,1,50000.0,2446,12,2023,47554.0,95.11
ORD-7202,2023-05-29,Shoes,2,50000.0,2717,5,2023,47283.0,94.57
ORD-7203,2023-04-25,Shoes,2,50000.0,39681,4,2023,10319.0,20.64
ORD-7204,2024-03-25,Mobile,2,2000.0,12390,3,2024,-10390.0,-519.5
ORD-7205,2023-03-04,Shoes,2,2000.0,22194,3,2023,-20194.0,-1009.7
ORD-7206,2023-04-14,Shirt,1,50000.0,16477,4,2023,33523.0,67.05
ORD-7208,2023-12-25,Shirt,1,2000.0,31950,12,2023,-29950.0,-1497.5
ORD-7209,2023-06-05,Shoes,1,30000.0,7594,6,2023,22406.0,74.69
ORD-7211,2023-01-06,Shoes,3,2000.0,10098,1,2023,-8098.0,-404.9
ORD-7212,2023-05-27,Shoes,2,2000.0,12942,5,2023,-10942.0,-547.1
ORD-7213,2023-07-03,Shoes,3,30000.0,15012,7,2023,14988.0,49.96
ORD-7214,2024-04-30,Shoes,1,50000.0,31702,4,2024,18298.0,36.6
ORD-7215,2023-01-28,Shoes,2,2000.0,11346,1,2023,-9346.0,-467.3
ORD-7216,2024-03-25,Laptop,2,30000.0,15428,3,2024,14572.0,48.57
ORD-7217,2023-02-07,Shirt,1,30000.0,6755,2,2023,23245.0,77.48
ORD-7218,2023-04-29,Mobile,2,2000.0,7283,4,2023,-5283.0,-264.15
ORD-7220,2024-01-06,Mobile,3,2000.0,21857,1,2024,-19857.0,-992.85
ORD-7221,2023-09-01,Laptop,3,30000.0,25936,9,2023,4064.0,13.55
ORD-7222,2023-03-09,Shirt,3,2000.0,28640,3,2023,-26640.0,-1332.0
ORD-7224,2023-08-06,Laptop,1,50000.0,17214,8,2023,32786.0,65.57
ORD-7225,2023-06-26,Laptop,2,50000.0,27531,6,2023,22469.0,44.94
ORD-7226,2023-10-26,Shirt,3,2000.0,9013,10,2023,-7013.0,-350.65
ORD-7227,2023-06-13,Shoes,2,2000.0,36812,6,2023,-34812.0,-1740.6
ORD-7228,2023-02-27,Shirt,3,30000.0,6018,2,2023,23982.0,79.94
ORD-7230,2023-11-04,Mobile,3,30000.0,28868,11,2023,1132.0,3.77
ORD-7231,2023-02-27,Mobile,1,30000.0,32090,2,2023,-2090.0,-6.97
ORD-7232,2023-10-15,Shirt,1,50000.0,37809,10,2023,12191.0,24.38
ORD-7233,2024-04-09,Mobile,1,30000.0,2889,4,2024,27111.0,90.37
ORD-7234,2023-04-15,Laptop,3,30000.0,25060,4,2023,4940.0,16.47
ORD-7235,2023-08-16,Shirt,1,50000.0,11091,8,2023,38909.0,77.82
ORD-7236,2023-09-04,Shoes,3,50000.0,20039,9,2023,29961.0,59.92
ORD-7240,2023-07-05,Shoes,1,2000.0,35398,7,2023,-33398.0,-1669.9
ORD-7241,2023-09-09,Shirt,1,50000.0,22444,9,2023,27556.0,55.11
ORD-7242,2023-12-21,Laptop,1,2000.0,18375,12,2023,-16375.0,-818.75
ORD-7243,2023-08-26,Shirt,1,2000.0,38358,8,2023,-36358.0,-1817.9
ORD-7245,2023-07-03,Shirt,1,50000.0,29544,7,2023,20456.0,40.91
ORD-7246,2023-10-11,Shirt,3,2000.0,5921,10,2023,-3921.0,-196.05
ORD-7247,2024-01-20,Mobile,2,30000.0,33759,1,2024,-3759.0,-12.53
ORD-7248,2024-03-01,Shoes,2,30000.0,23665,3,2024,6335.0,21.12
ORD-7249,2023-07-29,Laptop,1,50000.0,25942,7,2023,24058.0,48.12
ORD-7250,2023-10-31,Shoes,2,2000.0,7249,10,2023,-5249.0,-262.45
ORD-7252,2023-04-07,Laptop,2,2000.0,28679,4,2023,-26679.0,-1333.95
ORD-7253,2024-03-22,Mobile,1,30000.0,14993,3,2024,15007.0,50.02
ORD-7254,2024-04-04,Shoes,3,30000.0,34754,4,2024,-4754.0,-15.85
ORD-7256,2024-04-16,Mobile,2,50000.0,4595,4,2024,45405.0,90.81
ORD-7257,2023-07-27,Mobile,3,2000.0,3256,7,2023,-1256.0,-62.8
ORD-7258,2024-01-05,Shirt,2,30000.0,13101,1,2024,16899.0,56.33
ORD-7259,2024-01-23,Shoes,2,2000.0,30408,1,2024,-28408.0,-1420.4
ORD-7262,2024-02-15,Shirt,3,50000.0,8961,2,2024,41039.0,82.08
ORD-7264,2024-01-02,Mobile,2,50000.0,39022,1,2024,10978.0,21.96
ORD-7265,2024-02-04,Shoes,3,2000.0,9429,2,2024,-7429.0,-371.45
ORD-7266,2023-07-03,Shirt,3,30000.0,14783,7,2023,15217.0,50.72
ORD-7267,2023-03-17,Shirt,1,30000.0,25290,3,2023,4710.0,15.7
ORD-7268,2023-10-14,Mobile,1,50000.0,35500,10,2023,14500.0,29.0
ORD-7269,2024-04-16,Laptop,3,30000.0,34582,4,2024,-4582.0,-15.27
ORD-7270,2024-01-10,Mobile,1,50000.0,30285,1,2024,19715.0,39.43
ORD-7271,2023-05-22,Shoes,1,50000.0,2186,5,2023,47814.0,95.63
ORD-7272,2023-08-25,Shirt,2,2000.0,19609,8,2023,-17609.0,-880.45
ORD-7273,2023-01-25,Laptop,1,2000.0,10176,1,2023,-8176.0,-408.8
ORD-7275,2023-03-08,Mobile,1,50000.0,32955,3,2023,17045.0,34.09
ORD-7276,2023-09-07,Shirt,2,2000.0,22557,9,2023,-20557.0,-1027.85
ORD-7277,2024-02-12,Mobile,2,50000.0,29738,2,2024,20262.0,40.52
ORD-7278,2023-04-28,Laptop,3,50000.0,26119,4,2023,23881.0,47.76
ORD-7279,2024-05-04,Laptop,1,50000.0,17903,5,2024,32097.0,64.19
ORD-7280,2023-03-14,Laptop,1,2000.0,11738,3,2023,-9738.0,-486.9
ORD-7281,2023-10-09,Laptop,1,50000.0,6041,10,2023,43959.0,87.92
ORD-7282,2024-02-08,Laptop,2,50000.0,24254,2,2024,25746.0,51.49
ORD-7284,2023-12-26,Laptop,1,50000.0,27812,12,2023,22188.0,44.38
ORD-7286,2023-07-30,Shirt,1,50000.0,20790,7,2023,29210.0,58.42
ORD-7288,2023-06-01,Shirt,1,2000.0,37798,6,2023,-35798.0,-1789.9
ORD-7289,2023-01-05,Shirt,1,2000.0,9327,1,2023,-7327.0,-366.35
ORD-7290,2023-07-14,Shirt,2,30000.0,2136,7,2023,27864.0,92.88
ORD-7291,2024-03-17,Mobile,2,50000.0,32915,3,2024,17085.0,34.17
ORD-7292,2023-10-10,Mobile,3,30000.0,26938,10,2023,3062.0,10.21
ORD-7293,2024-04-08,Shoes,1,30000.0,1554,4,2024,28446.0,94.82
ORD-7295,2023-09-28,Shirt,3,2000.0,14233,9,2023,-12233.0,-611.65
ORD-7296,2023-06-12,Mobile,3,50000.0,31893,6,2023,18107.0,36.21
ORD-7297,2024-04-04,Laptop,2,50000.0,37171,4,2024,12829.0,25.66
ORD-7299,2023-06-30,Mobile,1,30000.0,1948,6,2023,28052.0,93.51
ORD-7301,2023-10-09,Laptop,1,30000.0,25193,10,2023,4807.0,16.02
ORD-7302,2023-06-24,Mobile,1,50000.0,8207,6,2023,41793.0,83.59
ORD-7304,2024-04-15,Mobile,1,30000.0,8419,4,2024,21581.0,71.94
ORD-7306,2024-03-09,Shirt,3,2000.0,6956,3,2024,-4956.0,-247.8
ORD-7308,2023-05-20,Mobile,2,50000.0,24753,5,2023,25247.0,50.49
ORD-7310,2023-05-12,Shoes,1,50000.0,3614,5,2023,46386.0,92.77
ORD-7311,2023-03-28,Mobile,2,50000.0,26539,3,2023,23461.0,46.92
ORD-7315,2023-05-09,Shirt,1,2000.0,20572,5,2023,-18572.0,-928.6
ORD-7316,2023-09-03,Shirt,3,2000.0,30095,9,2023,-28095.0,-1404.75
ORD-7317,2023-03-30,Shoes,1,30000.0,16571,3,2023,13429.0,44.76
ORD-7319,2023-06-07,Laptop,3,30000.0,16866,6,2023,13134.0,43.78
ORD-7320,2024-01-22,Mobile,1,30000.0,3198,1,2024,26802.0,89.34
ORD-7321,2024-01-13,Shirt,1,50000.0,10407,1,2024,39593.0,79.19
ORD-7322,2023-05-29,Shirt,3,30000.0,10072,5,2023,19928.0,66.43
ORD-7324,2023-12-06,Shirt,1,2000.0,6217,12,2023,-4217.0,-210.85
ORD-7325,2024-03-08,Shoes,3,30000.0,32260,3,2024,-2260.0,-7.53
ORD-7326,2023-04-26,Mobile,1,30000.0,11411,4,2023,18589.0,61.96
ORD-7327,2023-08-02,Laptop,2,2000.0,34138,8,2023,-32138.0,-1606.9
ORD-7328,2024-04-13,Shoes,3,30000.0,35500,4,2024,-5500.0,-18.33
ORD-7330,2024-04-25,Shoes,1,30000.0,30584,4,2024,-584.0,-1.95
ORD-7331,2024-01-07,Mobile,1,50000.0,15116,1,2024,34884.0,69.77
ORD-7332,2023-10-21,Mobile,1,30000.0,23783,10,2023,6217.0,20.72
ORD-7333,2023-09-10,Shoes,2,50000.0,22155,9,2023,27845.0,55.69
ORD-7334,2023-05-23,Shoes,3,2000.0,33389,5,2023,-31389.0,-1569.45
ORD-7335,2023-09-07,Shoes,1,2000.0,34183,9,2023,-32183.0,-1609.15
ORD-7336,2024-01-01,Shoes,3,30000.0,32048,1,2024,-2048.0,-6.83
ORD-7337,2024-03-11,Shoes,1,30000.0,33121,3,2024,-3121.0,-10.4
ORD-7338,2024-04-07,Shoes,1,2000.0,28541,4,2024,-26541.0,-1327.05
ORD-7339,2023-10-29,Mobile,2,50000.0,37105,10,2023,12895.0,25.79
ORD-7340,2023-01-25,Shoes,1,2000.0,22642,1,2023,-20642.0,-1032.1
ORD-7341,2023-10-04,Shirt,1,2000.0,38825,10,2023,-36825.0,-1841.25
ORD-7342,2024-04-16,Mobile,2,50000.0,35388,4,2024,14612.0,29.22
ORD-7343,2024-01-12,Laptop,2,2000.0,29920,1,2024,-27920.0,-1396.0
ORD-7344,2024-01-13,Mobile,2,30000.0,32027,1,2024,-2027.0,-6.76
ORD-7345,2024-01-24,Laptop,2,30000.0,31480,1,2024,-1480.0,-4.93
ORD-7346,2023-03-11,Laptop,2,2000.0,8386,3,2023,-6386.0,-319.3
ORD-7347,2023-04-23,Shirt,3,30000.0,38661,4,2023,-8661.0,-28.87
ORD-7349,2023-04-22,Shoes,1,2000.0,38624,4,2023,-36624.0,-1831.2
ORD-7351,2023-10-30,Shoes,2,2000.0,25868,10,2023,-23868.0,-1193.4
ORD-7352,2024-04-15,Shirt,3,2000.0,32129,4,2024,-30129.0,-1506.45
ORD-7354,2023-04-01,Mobile,1,2000.0,31080,4,2023,-29080.0,-1454.0
ORD-7355,2023-01-18,Mobile,2,30000.0,5308,1,2023,24692.0,82.31
ORD-7357,2024-04-20,Shoes,2,2000.0,34386,4,2024,-32386.0,-1619.3
ORD-7358,2023-08-15,Shoes,3,30000.0,12470,8,2023,17530.0,58.43
ORD-7361,2023-05-31,Laptop,1,30000.0,12443,5,2023,17557.0,58.52
ORD-7362,2023-07-11,Laptop,1,2000.0,20629,7,2023,-18629.0,-931.45
ORD-7363,2024-03-26,Shoes,3,2000.0,27954,3,2024,-25954.0,-1297.7
ORD-7365,2023-08-30,Shoes,2,50000.0,10914,8,2023,39086.0,78.17
ORD-7366,2023-05-18,Shoes,1,2000.0,29547,5,2023,-27547.0,-1377.35
ORD-7367,2023-12-11,Laptop,1,2000.0,12593,12,2023,-10593.0,-529.65
ORD-7368,2023-06-29,Shirt,1,30000.0,28885,6,2023,1115.0,3.72
ORD-7369,2024-05-11,Shoes,3,50000.0,10291,5,2024,39709.0,79.42
ORD-7370,2023-07-19,Shirt,2,50000.0,5132,7,2023,44868.0,89.74
ORD-7372,2023-03-02,Mobile,3,30000.0,1844,3,2023,28156.0,93.85
ORD-7373,2023-07-11,Mobile,2,30000.0,32869,7,2023,-2869.0,-9.56
ORD-7374,2023-01-05,Shoes,1,2000.0,32516,1,2023,-30516.0,-1525.8
ORD-7376,2023-08-25,Laptop,3,2000.0,35031,8,2023,-33031.0,-1651.55
ORD-7377,2023-06-30,Shoes,2,50000.0,36702,6,2023,13298.0,26.6
ORD-7378,2023-11-07,Shoes,2,30000.0,23523,11,2023,6477.0,21.59
ORD-7380,2023-02-25,Shirt,1,2000.0,5776,2,2023,-3776.0,-188.8
ORD-7381,2024-03-18,Shoes,2,2000.0,19724,3,2024,-17724.0,-886.2
ORD-7382,2023-08-25,Shirt,3,50000.0,15100,8,2023,34900.0,69.8
ORD-7383,2023-12-24,Shoes,1,30000.0,34884,12,2023,-4884.0,-16.28
ORD-7384,2023-12-15,Shoes,2,50000.0,14932,12,2023,35068.0,70.14
ORD-7385,2023-07-16,Shirt,3,2000.0,22718,7,2023,-20718.0,-1035.9
ORD-7386,2023-03-14,Shirt,1,30000.0,20640,3,2023,9360.0,31.2
ORD-7387,2023-02-28,Laptop,2,30000.0,20560,2,2023,9440.0,31.47
ORD-7388,2023-08-28,Shoes,1,50000.0,7380,8,2023,42620.0,85.24
ORD-7389,2023-01-02,Mobile,1,30000.0,29829,1,2023,171.0,0.57
ORD-7390,2024-03-24,Mobile,1,50000.0,30579,3,2024,19421.0,38.84
ORD-7391,2023-12-26,Shoes,1,30000.0,31200,12,2023,-1200.0,-4.0
ORD-7392,2023-07-07,Shoes,1,30000.0,20729,7,2023,9271.0,30.9
ORD-7394,2023-01-30,Shirt,1,30000.0,25125,1,2023,4875.0,16.25
ORD-7395,2023-09-24,Mobile,1,2000.0,6655,9,2023,-4655.0,-232.75
ORD-7397,2023-04-18,Mobile,1,50000.0,15185,4,2023,34815.0,69.63
ORD-7398,2023-11-28,Shoes,2,2000.0,18211,11,2023,-16211.0,-810.55
ORD-7399,2024-02-27,Shirt,1,50000.0,23280,2,2024,26720.0,53.44
ORD-7400,2023-03-31,Shoes,3,50000.0,34971,3,2023,15029.0,30.06
ORD-7401,2023-07-24,Laptop,2,2000.0,7798,7,2023,-5798.0,-289.9
ORD-7402,2024-01-14,Laptop,3,50000.0,18228,1,2024,31772.0,63.54
ORD-7404,2024-03-22,Shoes,1,2000.0,35036,3,2024,-33036.0,-1651.8
ORD-7405,2024-03-23,Laptop,3,50000.0,30309,3,2024,19691.0,39.38
ORD-7406,2024-03-20,Laptop,1,50000.0,5744,3,2024,44256.0,88.51
ORD-7407,2024-01-16,Shoes,2,30000.0,15548,1,2024,14452.0,48.17
ORD-7408,2024-03-13,Shirt,3,30000.0,4530,3,2024,25470.0,84.9
ORD-7409,2023-08-08,Shoes,1,50000.0,38853,8,2023,11147.0,22.29
ORD-7410,2024-01-13,Shoes,3,2000.0,9995,1,2024,-7995.0,-399.75
ORD-7412,2024-04-01,Mobile,1,50000.0,26527,4,2024,23473.0,46.95
ORD-7413,2023-04-13,Mobile,1,50000.0,36032,4,2023,13968.0,27.94
ORD-7414,2023-08-11,Mobile,2,50000.0,32430,8,2023,17570.0,35.14
ORD-7415,2023-07-05,Shirt,1,30000.0,1019,7,2023,28981.0,96.6
ORD-7416,2024-04-13,Laptop,1,2000.0,24241,4,2024,-22241.0,-1112.05
ORD-7417,2023-07-03,Shirt,2,50000.0,8296,7,2023,41704.0,83.41
ORD-7418,2024-05-09,Shoes,3,30000.0,17333,5,2024,12667.0,42.22
ORD-7419,2023-06-11,Shirt,1,50000.0,19628,6,2023,30372.0,60.74
ORD-7420,2023-09-04,Laptop,3,50000.0,20367,9,2023,29633.0,59.27
ORD-7421,2023-01-31,Laptop,1,2000.0,12755,1,2023,-10755.0,-537.75
ORD-7422,2023-02-21,Shoes,1,30000.0,36493,2,2023,-6493.0,-21.64
ORD-7424,2023-03-17,Laptop,1,2000.0,14025,3,2023,-12025.0,-601.25
ORD-7426,2024-03-14,Laptop,3,30000.0,14658,3,2024,15342.0,51.14
ORD-7427,2023-10-05,Shoes,1,30000.0,6226,10,2023,23774.0,79.25
ORD-7429,2023-04-11,Mobile,3,30000.0,4988,4,2023,25012.0,83.37
ORD-7430,2023-04-21,Shoes,3,2000.0,22663,4,2023,-20663.0,-1033.15
ORD-7431,2024-01-20,Mobile,1,50000.0,19853,1,2024,30147.0,60.29
ORD-7433,2023-09-06,Laptop,1,50000.0,15239,9,2023,34761.0,69.52
ORD-7435,2024-05-04,Shoes,3,50000.0,19422,5,2024,30578.0,61.16
ORD-7436,2023-07-01,Shoes,3,50000.0,22816,7,2023,27184.0,54.37
ORD-7437,2024-03-01,Mobile,1,2000.0,28055,3,2024,-26055.0,-1302.75
ORD-7438,2024-02-09,Laptop,1,50000.0,7470,2,2024,42530.0,85.06
ORD-7440,2023-07-28,Mobile,1,50000.0,5761,7,2023,44239.0,88.48
ORD-7441,2023-01-22,Mobile,1,30000.0,22603,1,2023,7397.0,24.66
ORD-7442,2023-06-15,Mobile,1,50000.0,35155,6,2023,14845.0,29.69
ORD-7443,2023-04-09,Laptop,1,50000.0,22996,4,2023,27004.0,54.01
ORD-7444,2024-05-07,Shoes,3,30000.0,34342,5,2024,-4342.0,-14.47
ORD-7445,2023-07-27,Laptop,1,30000.0,10913,7,2023,19087.0,63.62
ORD-7447,2023-07-09,Laptop,3,30000.0,32748,7,2023,-2748.0,-9.16
ORD-7448,2023-06-24,Laptop,1,30000.0,33331,6,2023,-3331.0,-11.1
ORD-7451,2023-03-31,Shirt,2,50000.0,25692,3,2023,24308.0,48.62
ORD-7452,2023-05-21,Laptop,1,2000.0,8986,5,2023,-6986.0,-349.3
ORD-7454,2023-06-15,Shoes,3,30000.0,34599,6,2023,-4599.0,-15.33
ORD-7455,2023-12-03,Shoes,3,50000.0,22352,12,2023,27648.0,55.3
ORD-7456,2024-05-10,Mobile,1,30000.0,11973,5,2024,18027.0,60.09
ORD-7458,2024-03-04,Shoes,1,2000.0,21866,3,2024,-19866.0,-993.3
ORD-7459,2023-09-19,Shirt,1,50000.0,19390,9,2023,30610.0,61.22
ORD-7462,2023-01-14,Shirt,2,30000.0,20463,1,2023,9537.0,31.79
ORD-7463,2023-08-27,Shoes,2,2000.0,22662,8,2023,-20662.0,-1033.1
ORD-7465,2024-03-20,Laptop,3,30000.0,38648,3,2024,-8648.0,-28.83
ORD-7466,2023-05-23,Mobile,3,50000.0,28515,5,2023,21485.0,42.97
ORD-7467,2023-11-06,Shirt,3,30000.0,11846,11,2023,18154.0,60.51
ORD-7468,2023-10-10,Shirt,1,50000.0,29026,10,2023,20974.0,41.95
ORD-7469,2023-09-26,Mobile,3,30000.0,17982,9,2023,12018.0,40.06
ORD-7470,2023-08-29,Mobile,1,2000.0,18207,8,2023,-16207.0,-810.35
ORD-7471,2024-02-19,Shoes,1,30000.0,38985,2,2024,-8985.0,-29.95
ORD-7472,2023-09-02,Mobile,2,2000.0,13306,9,2023,-11306.0,-565.3
ORD-7473,2023-06-12,Mobile,1,2000.0,1312,6,2023,688.0,34.4
ORD-7474,2023-03-01,Shoes,3,50000.0,7671,3,2023,42329.0,84.66
ORD-7475,2023-01-06,Mobile,3,30000.0,24084,1,2023,5916.0,19.72
ORD-7476,2023-07-16,Shirt,1,30000.0,36260,7,2023,-6260.0,-20.87
ORD-7477,2024-04-14,Mobile,1,30000.0,17614,4,2024,12386.0,41.29
ORD-7478,2023-02-27,Laptop,1,2000.0,11864,2,2023,-9864.0,-493.2
ORD-7480,2024-02-11,Shoes,2,30000.0,1043,2,2024,28957.0,96.52
ORD-7481,2023-08-05,Shirt,2,30000.0,25476,8,2023,4524.0,15.08
ORD-7483,2023-01-26,Laptop,1,50000.0,29269,1,2023,20731.0,41.46
ORD-7484,2023-10-30,Laptop,1,30000.0,20841,10,2023,9159.0,30.53
ORD-7486,2024-04-18,Mobile,1,30000.0,31931,4,2024,-1931.0,-6.44
ORD-7487,2023-01-20,Shirt,2,2000.0,6615,1,2023,-4615.0,-230.75
ORD-7489,2023-07-17,Laptop,3,2000.0,33513,7,2023,-31513.0,-1575.65
ORD-7491,2024-03-23,Shirt,1,50000.0,27870,3,2024,22130.0,44.26
ORD-7492,2023-08-30,Mobile,2,2000.0,36763,8,2023,-34763.0,-1738.15
ORD-7493,2023-05-26,Laptop,2,30000.0,25746,5,2023,4254.0,14.18
ORD-7495,2023-09-30,Shirt,3,30000.0,30836,9,2023,-836.0,-2.79
ORD-7496,2023-09-06,Mobile,1,50000.0,10831,9,2023,39169.0,78.34
ORD-7498,2024-04-06,Shirt,1,50000.0,34007,4,2024,15993.0,31.99
ORD-7500,2024-01-26,Shirt,3,2000.0,30069,1,2024,-28069.0,-1403.45
ORD-7501,2024-01-19,Mobile,2,30000.0,18196,1,2024,11804.0,39.35
ORD-7502,2023-02-13,Shirt,3,2000.0,5999,2,2023,-3999.0,-199.95
ORD-7503,2024-01-10,Shirt,1,2000.0,25026,1,2024,-23026.0,-1151.3
ORD-7504,2024-02-03,Shirt,1,2000.0,2730,2,2024,-730.0,-36.5
ORD-7505,2023-01-19,Laptop,2,2000.0,4424,1,2023,-2424.0,-121.2
ORD-7507,2024-05-05,Laptop,1,30000.0,30716,5,2024,-716.0,-2.39
ORD-7511,2023-12-03,Laptop,1,2000.0,29008,12,2023,-27008.0,-1350.4
ORD-7512,2024-02-23,Laptop,3,50000.0,30484,2,2024,19516.0,39.03
ORD-7513,2024-02-07,Mobile,3,2000.0,4368,2,2024,-2368.0,-118.4
ORD-7515,2023-04-10,Shoes,1,2000.0,3227,4,2023,-1227.0,-61.35
ORD-7516,2023-06-12,Shoes,2,30000.0,31322,6,2023,-1322.0,-4.41
ORD-7517,2024-02-20,Mobile,2,30000.0,13817,2,2024,16183.0,53.94
ORD-7518,2023-05-02,Shoes,1,2000.0,14226,5,2023,-12226.0,-611.3
ORD-7519,2024-03-07,Mobile,1,2000.0,32157,3,2024,-30157.0,-1507.85
ORD-7520,2023-02-13,Mobile,1,50000.0,21764,2,2023,28236.0,56.47
ORD-7521,2023-12-26,Shoes,2,2000.0,19204,12,2023,-17204.0,-860.2
ORD-7522,2024-02-12,Laptop,1,2000.0,1188,2,2024,812.0,40.6
ORD-7523,2023-11-13,Shirt,2,50000.0,31397,11,2023,18603.0,37.21
ORD-7524,2024-01-16,Shoes,1,2000.0,10414,1,2024,-8414.0,-420.7
ORD-7525,2023-05-25,Shoes,2,2000.0,38989,5,2023,-36989.0,-1849.45
ORD-7526,2023-11-23,Shoes,2,2000.0,7746,11,2023,-5746.0,-287.3
ORD-7527,2023-12-29,Shoes,2,2000.0,15331,12,2023,-13331.0,-666.55
ORD-7528,2023-02-19,Mobile,1,2000.0,12254,2,2023,-10254.0,-512.7
ORD-7530,2023-12-21,Shirt,2,2000.0,16583,12,2023,-14583.0,-729.15
ORD-7531,2023-10-15,Shirt,3,50000.0,38380,10,2023,11620.0,23.24
ORD-7532,2023-06-13,Shoes,1,2000.0,35318,6,2023,-33318.0,-1665.9
ORD-7534,2024-03-29,Shoes,1,50000.0,31212,3,2024,18788.0,37.58
ORD-7535,2023-11-10,Shirt,2,50000.0,28492,11,2023,21508.0,43.02
ORD-7536,2023-05-08,Shoes,1,2000.0,33592,5,2023,-31592.0,-1579.6
ORD-7537,2024-02-02,Laptop,1,30000.0,6233,2,2024,23767.0,79.22
ORD-7539,2024-01-03,Laptop,3,30000.0,12447,1,2024,17553.0,58.51
ORD-7540,2024-04-07,Shoes,3,2000.0,15036,4,2024,-13036.0,-651.8
ORD-7542,2023-11-20,Laptop,2,30000.0,33801,11,2023,-3801.0,-12.67
ORD-7544,2023-07-06,Laptop,2,2000.0,28076,7,2023,-26076.0,-1303.8
ORD-7546,2023-08-08,Shoes,1,2000.0,2429,8,2023,-429.0,-21.45
ORD-7547,2024-02-04,Laptop,1,30000.0,11381,2,2024,18619.0,62.06
ORD-7549,2024-01-23,Laptop,3,50000.0,30319,1,2024,19681.0,39.36
ORD-7550,2024-03-04,Mobile,2,2000.0,23655,3,2024,-21655.0,-1082.75
ORD-7552,2023-10-11,Shoes,1,50000.0,12889,10,2023,37111.0,74.22
ORD-7553,2023-12-18,Shoes,1,50000.0,2547,12,2023,47453.0,94.91
ORD-7554,2023-08-25,Mobile,1,50000.0,34281,8,2023,15719.0,31.44
ORD-7555,2023-07-13,Shirt,1,50000.0,14550,7,2023,35450.0,70.9
ORD-7556,2023-10-14,Shoes,2,2000.0,6174,10,2023,-4174.0,-208.7
ORD-7558,2023-09-03,Mobile,3,50000.0,21187,9,2023,28813.0,57.63
ORD-7561,2023-09-28,Shoes,1,30000.0,17721,9,2023,12279.0,40.93
ORD-7563,2023-06-08,Laptop,1,2000.0,8444,6,2023,-6444.0,-322.2
ORD-7564,2023-07-20,Mobile,2,2000.0,28657,7,2023,-26657.0,-1332.85
ORD-7565,2024-05-01,Mobile,3,50000.0,37180,5,2024,12820.0,25.64
ORD-7567,2024-03-25,Mobile,2,2000.0,3392,3,2024,-1392.0,-69.6
ORD-7568,2023-09-21,Shirt,3,2000.0,16729,9,2023,-14729.0,-736.45
ORD-7569,2023-03-12,Shoes,2,2000.0,34744,3,2023,-32744.0,-1637.2
ORD-7570,2023-12-30,Shoes,1,50000.0,30709,12,2023,19291.0,38.58
ORD-7571,2024-01-06,Mobile,3,2000.0,37836,1,2024,-35836.0,-1791.8
ORD-7573,2024-05-04,Mobile,1,2000.0,18255,5,2024,-16255.0,-812.75
ORD-7574,2023-05-05,Shoes,1,2000.0,4409,5,2023,-2409.0,-120.45
ORD-7575,2023-11-09,Shoes,3,50000.0,13744,11,2023,36256.0,72.51
ORD-7577,2024-04-27,Shirt,1,2000.0,16085,4,2024,-14085.0,-704.25
ORD-7580,2023-08-18,Laptop,1,2000.0,36389,8,2023,-34389.0,-1719.45
ORD-7581,2023-05-26,Shoes,2,50000.0,3529,5,2023,46471.0,92.94
ORD-7583,2023-07-16,Laptop,1,30000.0,9351,7,2023,20649.0,68.83
ORD-7584,2024-01-08,Laptop,1,2000.0,12000,1,2024,-10000.0,-500.0
ORD-7588,2023-04-08,Laptop,2,2000.0,20318,4,2023,-18318.0,-915.9
ORD-7589,2023-06-20,Shirt,3,30000.0,19695,6,2023,10305.0,34.35
ORD-7592,2023-05-31,Laptop,3,50000.0,21712,5,2023,28288.0,56.58
ORD-7593,2024-03-28,Shoes,2,2000.0,20500,3,2024,-18500.0,-925.0
ORD-7594,2023-12-16,Laptop,1,2000.0,4747,12,2023,-2747.0,-137.35
ORD-7596,2024-03-15,Shirt,2,50000.0,35227,3,2024,14773.0,29.55
ORD-7599,2023-04-18,Shirt,1,2000.0,29927,4,2023,-27927.0,-1396.35
ORD-7600,2023-01-04,Mobile,3,50000.0,9963,1,2023,40037.0,80.07
ORD-7602,2024-02-11,Laptop,1,2000.0,18495,2,2024,-16495.0,-824.75
ORD-7605,2023-04-16,Shoes,2,50000.0,11921,4,2023,38079.0,76.16
ORD-7606,2023-05-26,Shirt,2,50000.0,31253,5,2023,18747.0,37.49
ORD-7607,2023-09-28,Shoes,2,50000.0,20969,9,2023,29031.0,58.06
ORD-7609,2024-01-13,Shoes,1,30000.0,12020,1,2024,17980.0,59.93
ORD-7610,2023-04-06,Shirt,1,50000.0,36141,4,2023,13859.0,27.72
ORD-7611,2024-04-01,Mobile,3,30000.0,30461,4,2024,-461.0,-1.54
ORD-7612,2023-08-17,Mobile,2,30000.0,15352,8,2023,14648.0,48.83
ORD-7613,2023-07-21,Shirt,2,30000.0,16344,7,2023,13656.0,45.52
ORD-7614,2023-07-31,Mobile,1,2000.0,14125,7,2023,-12125.0,-606.25
ORD-7616,2023-04-22,Mobile,2,50000.0,20202,4,2023,29798.0,59.6
ORD-7619,2024-03-22,Shoes,3,2000.0,34506,3,2024,-32506.0,-1625.3
ORD-7620,2023-11-19,Shoes,1,2000.0,27354,11,2023,-25354.0,-1267.7
ORD-7621,2023-04-16,Laptop,1,2000.0,14233,4,2023,-12233.0,-611.65
ORD-7623,2023-10-26,Shoes,1,30000.0,29706,10,2023,294.0,0.98
ORD-7625,2023-04-06,Mobile,2,2000.0,23471,4,2023,-21471.0,-1073.55
ORD-7627,2024-03-22,Shirt,3,2000.0,14105,3,2024,-12105.0,-605.25
ORD-7628,2024-03-27,Shoes,1,2000.0,6081,3,2024,-4081.0,-204.05
ORD-7629,2023-12-03,Shoes,3,50000.0,27718,12,2023,22282.0,44.56
ORD-7630,2023-10-24,Laptop,2,30000.0,21384,10,2023,8616.0,28.72
ORD-7631,2024-04-11,Shirt,3,2000.0,5545,4,2024,-3545.0,-177.25
ORD-7632,2024-01-24,Mobile,1,50000.0,6339,1,2024,43661.0,87.32
ORD-7633,2024-02-20,Mobile,1,30000.0,16353,2,2024,13647.0,45.49
ORD-7634,2023-08-02,Shirt,2,2000.0,27376,8,2023,-25376.0,-1268.8
ORD-7635,2024-03-29,Shoes,1,30000.0,29028,3,2024,972.0,3.24
ORD-7636,2023-10-18,Laptop,2,30000.0,20100,10,2023,9900.0,33.0
ORD-7638,2023-07-12,Shirt,1,50000.0,2809,7,2023,47191.0,94.38
ORD-7639,2024-04-12,Mobile,1,30000.0,29917,4,2024,83.0,0.28
ORD-7641,2024-01-03,Shirt,1,30000.0,19381,1,2024,10619.0,35.4
ORD-7643,2023-09-24,Shoes,3,2000.0,5412,9,2023,-3412.0,-170.6
ORD-7644,2024-04-05,Mobile,1,2000.0,11884,4,2024,-9884.0,-494.2
ORD-7646,2024-05-04,Laptop,1,2000.0,25132,5,2024,-23132.0,-1156.6
ORD-7647,2023-01-03,Shoes,3,2000.0,23707,1,2023,-21707.0,-1085.35
ORD-7648,2024-01-28,Mobile,3,2000.0,31478,1,2024,-29478.0,-1473.9
ORD-7649,2023-11-12,Laptop,3,30000.0,7745,11,2023,22255.0,74.18
ORD-7651,2023-03-28,Shoes,1,50000.0,35323,3,2023,14677.0,29.35
ORD-7652,2023-09-27,Mobile,1,50000.0,12882,9,2023,37118.0,74.24
ORD-7654,2023-01-18,Mobile,3,30000.0,25565,1,2023,4435.0,14.78
ORD-7655,2023-04-23,Laptop,1,2000.0,5443,4,2023,-3443.0,-172.15
ORD-7656,2023-09-08,Laptop,1,2000.0,14583,9,2023,-12583.0,-629.15
ORD-7657,2023-08-21,Shoes,1,30000.0,11136,8,2023,18864.0,62.88
ORD-7658,2023-11-25,Mobile,2,50000.0,22223,11,2023,27777.0,55.55
ORD-7661,2023-03-24,Laptop,1,30000.0,1746,3,2023,28254.0,94.18
ORD-7662,2023-05-05,Shoes,1,2000.0,35952,5,2023,-33952.0,-1697.6
ORD-7663,2023-06-24,Mobile,1,2000.0,25330,6,2023,-23330.0,-1166.5
ORD-7664,2023-03-10,Mobile,1,2000.0,15052,3,2023,-13052.0,-652.6
ORD-7666,2024-01-07,Mobile,1,50000.0,29606,1,2024,20394.0,40.79
ORD-7668,2023-08-03,Shirt,3,30000.0,10210,8,2023,19790.0,65.97
ORD-7670,2023-10-08,Shirt,1,30000.0,28154,10,2023,1846.0,6.15
ORD-7672,2024-04-26,Shirt,2,50000.0,8148,4,2024,41852.0,83.7
ORD-7673,2023-08-25,Mobile,1,30000.0,13855,8,2023,16145.0,53.82
ORD-7674,2023-09-05,Laptop,1,2000.0,29516,9,2023,-27516.0,-1375.8
ORD-7675,2024-01-03,Laptop,1,2000.0,16473,1,2024,-14473.0,-723.65
ORD-7678,2023-03-15,Laptop,2,50000.0,15219,3,2023,34781.0,69.56
ORD-7679,2023-07-25,Laptop,1,50000.0,35470,7,2023,14530.0,29.06
ORD-7680,2024-05-04,Laptop,3,2000.0,39297,5,2024,-37297.0,-1864.85
ORD-7682,2023-11-10,Shoes,2,30000.0,7324,11,2023,22676.0,75.59
ORD-7683,2023-04-04,Mobile,3,50000.0,21257,4,2023,28743.0,57.49
ORD-7684,2024-01-10,Mobile,1,30000.0,9313,1,2024,20687.0,68.96
ORD-7685,2023-05-07,Shirt,1,30000.0,27052,5,2023,2948.0,9.83
ORD-7686,2024-02-29,Shirt,2,50000.0,25603,2,2024,24397.0,48.79
ORD-7688,2023-11-30,Shoes,3,30000.0,19508,11,2023,10492.0,34.97
ORD-7690,2023-04-26,Shirt,2,30000.0,5974,4,2023,24026.0,80.09
ORD-7695,2024-04-03,Shoes,1,50000.0,2085,4,2024,47915.0,95.83
ORD-7696,2023-01-11,Laptop,3,30000.0,23579,1,2023,6421.0,21.4
ORD-7698,2024-02-09,Shoes,2,2000.0,27670,2,2024,-25670.0,-1283.5
ORD-7699,2023-08-02,Shoes,2,30000.0,19869,8,2023,10131.0,33.77
ORD-7700,2023-06-22,Shoes,3,30000.0,16771,6,2023,13229.0,44.1
ORD-7702,2023-07-28,Laptop,1,30000.0,22462,7,2023,7538.0,25.13
ORD-7703,2024-03-23,Shirt,3,2000.0,20432,3,2024,-18432.0,-921.6
ORD-7704,2024-01-17,Shoes,2,2000.0,14174,1,2024,-12174.0,-608.7
ORD-7705,2023-03-05,Shoes,3,2000.0,18183,3,2023,-16183.0,-809.15
ORD-7706,2023-09-15,Laptop,3,30000.0,30697,9,2023,-697.0,-2.32
ORD-7707,2023-11-28,Shirt,2,30000.0,6611,11,2023,23389.0,77.96
ORD-7709,2023-10-25,Laptop,1,30000.0,26871,10,2023,3129.0,10.43
ORD-7710,2024-04-10,Shoes,1,30000.0,6263,4,2024,23737.0,79.12
ORD-7712,2023-11-27,Mobile,1,2000.0,12996,11,2023,-10996.0,-549.8
ORD-7714,2023-08-29,Shirt,3,50000.0,10107,8,2023,39893.0,79.79
ORD-7715,2023-08-31,Shoes,2,30000.0,11467,8,2023,18533.0,61.78
ORD-7716,2023-01-18,Shoes,3,30000.0,22024,1,2023,7976.0,26.59
ORD-7717,2024-04-27,Shoes,1,50000.0,19679,4,2024,30321.0,60.64
ORD-7718,2023-07-06,Shirt,3,50000.0,13270,7,2023,36730.0,73.46
ORD-7719,2023-12-12,Mobile,3,50000.0,18815,12,2023,31185.0,62.37
ORD-7721,2023-09-19,Shoes,3,2000.0,14887,9,2023,-12887.0,-644.35
ORD-7723,2023-12-30,Mobile,2,50000.0,24925,12,2023,25075.0,50.15
ORD-7725,2024-03-06,Laptop,1,30000.0,1723,3,2024,28277.0,94.26
ORD-7727,2023-10-31,Laptop,3,50000.0,9275,10,2023,40725.0,81.45
ORD-7728,2023-10-25,Laptop,1,30000.0,14405,10,2023,15595.0,51.98
ORD-7729,2023-03-17,Shirt,1,2000.0,2365,3,2023,-365.0,-18.25
ORD-7732,2024-01-23,Shoes,3,50000.0,5682,1,2024,44318.0,88.64
ORD-7733,2024-05-01,Shirt,1,2000.0,6960,5,2024,-4960.0,-248.0
ORD-7734,2023-09-03,Shoes,1,30000.0,25727,9,2023,4273.0,14.24
ORD-7735,2023-05-10,Shoes,3,50000.0,25073,5,2023,24927.0,49.85
ORD-7736,2024-04-18,Shirt,3,50000.0,22541,4,2024,27459.0,54.92
ORD-7738,2024-02-15,Laptop,1,2000.0,2567,2,2024,-567.0,-28.35
ORD-7739,2023-10-10,Laptop,1,50000.0,25787,10,2023,24213.0,48.43
ORD-7741,2023-03-13,Laptop,2,30000.0,27755,3,2023,2245.0,7.48
ORD-7742,2023-09-20,Shoes,1,50000.0,28799,9,2023,21201.0,42.4
ORD-7743,2023-07-10,Laptop,2,30000.0,37959,7,2023,-7959.0,-26.53
ORD-7744,2024-01-02,Shoes,1,30000.0,10718,1,2024,19282.0,64.27
ORD-7746,2024-03-05,Shoes,1,2000.0,26097,3,2024,-24097.0,-1204.85
ORD-7747,2023-03-04,Laptop,2,30000.0,23901,3,2023,6099.0,20.33
ORD-7748,2024-05-02,Mobile,2,50000.0,29522,5,2024,20478.0,40.96
ORD-7749,2024-01-15,Shirt,3,2000.0,38903,1,2024,-36903.0,-1845.15
ORD-7750,2023-01-12,Shoes,3,2000.0,12672,1,2023,-10672.0,-533.6
ORD-7752,2023-09-11,Laptop,2,50000.0,19103,9,2023,30897.0,61.79
ORD-7753,2023-02-12,Laptop,3,50000.0,9061,2,2023,40939.0,81.88
ORD-7756,2023-09-10,Mobile,1,2000.0,14265,9,2023,-12265.0,-613.25
ORD-7757,2024-04-09,Laptop,2,30000.0,34646,4,2024,-4646.0,-15.49
ORD-7758,2024-01-11,Shoes,3,30000.0,30472,1,2024,-472.0,-1.57
ORD-7759,2023-10-19,Laptop,2,30000.0,18993,10,2023,11007.0,36.69
ORD-7760,2024-04-13,Laptop,3,30000.0,7714,4,2024,22286.0,74.29
ORD-7761,2023-01-08,Shoes,3,50000.0,30767,1,2023,19233.0,38.47
ORD-7762,2023-11-21,Laptop,1,50000.0,38877,11,2023,11123.0,22.25
ORD-7765,2023-10-19,Shirt,3,30000.0,16888,10,2023,13112.0,43.71
ORD-7767,2023-04-28,Mobile,1,50000.0,17020,4,2023,32980.0,65.96
ORD-7768,2023-12-15,Shoes,1,30000.0,35821,12,2023,-5821.0,-19.4
ORD-7769,2023-06-24,Mobile,3,30000.0,8763,6,2023,21237.0,70.79
ORD-7770,2023-03-17,Laptop,2,50000.0,33851,3,2023,16149.0,32.3
ORD-7771,2023-04-11,Laptop,1,2000.0,17025,4,2023,-15025.0,-751.25
ORD-7772,2024-02-18,Shirt,1,30000.0,27015,2,2024,2985.0,9.95
ORD-7774,2024-02-04,Laptop,1,2000.0,20052,2,2024,-18052.0,-902.6
ORD-7775,2023-09-27,Laptop,2,50000.0,38999,9,2023,11001.0,22.0
ORD-7776,2024-04-02,Mobile,3,2000.0,31992,4,2024,-29992.0,-1499.6
ORD-7777,2023-03-12,Shirt,1,2000.0,7572,3,2023,-5572.0,-278.6
ORD-7778,2024-05-07,Mobile,3,30000.0,36662,5,2024,-6662.0,-22.21
ORD-7779,2023-06-29,Shirt,2,2000.0,37185,6,2023,-35185.0,-1759.25
ORD-7781,2024-01-16,Laptop,3,30000.0,8810,1,2024,21190.0,70.63
ORD-7782,2023-10-20,Mobile,3,50000.0,13674,10,2023,36326.0,72.65
ORD-7784,2023-07-14,Shirt,2,30000.0,13650,7,2023,16350.0,54.5
ORD-7785,2024-02-03,Shirt,2,2000.0,35883,2,2024,-33883.0,-1694.15
ORD-7787,2024-03-06,Shirt,2,30000.0,2806,3,2024,27194.0,90.65
ORD-7788,2024-03-05,Shirt,2,30000.0,25871,3,2024,4129.0,13.76
ORD-7789,2024-03-11,Shirt,1,50000.0,6493,3,2024,43507.0,87.01
ORD-7790,2023-10-02,Shoes,1,30000.0,33548,10,2023,-3548.0,-11.83
ORD-7791,2024-04-05,Shirt,1,50000.0,5650,4,2024,44350.0,88.7
ORD-7792,2023-04-16,Shoes,3,2000.0,17225,4,2023,-15225.0,-761.25
ORD-7793,2023-01-21,Shoes,3,30000.0,1792,1,2023,28208.0,94.03
ORD-7794,2023-03-05,Shirt,2,30000.0,30803,3,2023,-803.0,-2.68
ORD-7795,2023-06-14,Mobile,1,2000.0,34857,6,2023,-32857.0,-1642.85
ORD-7796,2023-01-27,Shirt,2,30000.0,21881,1,2023,8119.0,27.06
ORD-7797,2023-11-07,Laptop,1,30000.0,34557,11,2023,-4557.0,-15.19
ORD-7799,2023-10-12,Shoes,3,50000.0,13558,10,2023,36442.0,72.88
ORD-7800,2023-05-28,Shoes,2,30000.0,27374,5,2023,2626.0,8.75
ORD-7801,2023-10-08,Mobile,1,30000.0,21841,10,2023,8159.0,27.2
ORD-7802,2023-11-22,Mobile,2,50000.0,14475,11,2023,35525.0,71.05
ORD-7804,2023-06-13,Shoes,1,50000.0,32764,6,2023,17236.0,34.47
ORD-7805,2024-01-21,Laptop,1,30000.0,6961,1,2024,23039.0,76.8
ORD-7806,2024-02-10,Shirt,2,2000.0,6155,2,2024,-4155.0,-207.75
ORD-7807,2023-08-12,Mobile,3,2000.0,34081,8,2023,-32081.0,-1604.05
ORD-7810,2024-03-28,Mobile,3,30000.0,25233,3,2024,4767.0,15.89
ORD-7812,2023-12-22,Shirt,2,30000.0,13531,12,2023,16469.0,54.9
ORD-7813,2023-01-30,Laptop,2,2000.0,11480,1,2023,-9480.0,-474.0
ORD-7815,2023-10-02,Shoes,1,30000.0,3122,10,2023,26878.0,89.59
ORD-7816,2024-04-15,Mobile,1,50000.0,4779,4,2024,45221.0,90.44
ORD-7818,2023-05-21,Mobile,1,30000.0,12169,5,2023,17831.0,59.44
ORD-7819,2024-03-02,Shoes,1,30000.0,2172,3,2024,27828.0,92.76
ORD-7820,2023-11-14,Mobile,1,50000.0,8317,11,2023,41683.0,83.37
ORD-7821,2024-01-09,Laptop,3,2000.0,1159,1,2024,841.0,42.05
ORD-7822,2023-08-09,Mobile,2,50000.0,3129,8,2023,46871.0,93.74
ORD-7823,2023-12-22,Laptop,2,30000.0,20462,12,2023,9538.0,31.79
ORD-7824,2023-01-22,Shoes,2,50000.0,19613,1,2023,30387.0,60.77
ORD-7825,2023-06-29,Mobile,1,50000.0,3917,6,2023,46083.0,92.17
ORD-7826,2024-03-11,Laptop,1,30000.0,20397,3,2024,9603.0,32.01
ORD-7827,2024-01-02,Shoes,1,2000.0,27125,1,2024,-25125.0,-1256.25
ORD-7828,2024-02-24,Mobile,2,50000.0,7326,2,2024,42674.0,85.35
ORD-7829,2023-11-25,Shoes,1,50000.0,35347,11,2023,14653.0,29.31
ORD-7832,2024-02-07,Mobile,2,30000.0,31792,2,2024,-1792.0,-5.97
ORD-7833,2023-02-07,Mobile,3,30000.0,8902,2,2023,21098.0,70.33
ORD-7834,2023-03-11,Shoes,1,30000.0,15033,3,2023,14967.0,49.89
ORD-7836,2023-08-27,Laptop,3,30000.0,38465,8,2023,-8465.0,-28.22
ORD-7837,2023-12-01,Shirt,3,50000.0,36158,12,2023,13842.0,27.68
ORD-7838,2024-03-16,Mobile,1,50000.0,35187,3,2024,14813.0,29.63
ORD-7839,2023-05-28,Mobile,1,2000.0,4917,5,2023,-2917.0,-145.85
ORD-7840,2023-01-09,Laptop,2,30000.0,29411,1,2023,589.0,1.96
ORD-7841,2023-10-15,Mobile,1,50000.0,15206,10,2023,34794.0,69.59
ORD-7842,2024-01-23,Shoes,1,50000.0,13620,1,2024,36380.0,72.76
ORD-7843,2023-02-19,Shoes,3,2000.0,12822,2,2023,-10822.0,-541.1
ORD-7844,2023-12-04,Mobile,1,50000.0,38710,12,2023,11290.0,22.58
ORD-7845,2023-01-05,Mobile,2,2000.0,9354,1,2023,-7354.0,-367.7
ORD-7846,2024-02-08,Shoes,3,2000.0,25691,2,2024,-23691.0,-1184.55
ORD-7848,2023-05-06,Shoes,1,50000.0,6198,5,2023,43802.0,87.6
ORD-7850,2023-06-14,Shirt,1,50000.0,23386,6,2023,26614.0,53.23
ORD-7852,2024-03-17,Mobile,1,2000.0,22526,3,2024,-20526.0,-1026.3
ORD-7853,2023-11-20,Mobile,1,2000.0,26257,11,2023,-24257.0,-1212.85
ORD-7854,2024-04-21,Shoes,3,2000.0,9860,4,2024,-7860.0,-393.0
ORD-7855,2023-10-27,Shirt,3,2000.0,27645,10,2023,-25645.0,-1282.25
ORD-7856,2023-10-17,Shirt,2,50000.0,25189,10,2023,24811.0,49.62
ORD-7857,2023-03-18,Laptop,1,30000.0,16762,3,2023,13238.0,44.13
ORD-7858,2023-10-25,Laptop,2,50000.0,1968,10,2023,48032.0,96.06
ORD-7860,2023-04-16,Shoes,1,50000.0,25229,4,2023,24771.0,49.54
ORD-7861,2023-04-05,Mobile,2,50000.0,32049,4,2023,17951.0,35.9
ORD-7863,2023-03-09,Mobile,1,2000.0,22767,3,2023,-20767.0,-1038.35
ORD-7866,2024-04-22,Shirt,3,30000.0,37003,4,2024,-7003.0,-23.34
ORD-7867,2023-06-08,Shirt,2,30000.0,22639,6,2023,7361.0,24.54
ORD-7868,2024-01-19,Shirt,2,2000.0,5300,1,2024,-3300.0,-165.0
ORD-7872,2023-07-08,Shirt,3,50000.0,6180,7,2023,43820.0,87.64
ORD-7873,2024-02-19,Shoes,1,30000.0,13752,2,2024,16248.0,54.16
ORD-7874,2023-12-05,Shoes,3,30000.0,31513,12,2023,-1513.0,-5.04
ORD-7875,2023-04-05,Shoes,1,2000.0,39189,4,2023,-37189.0,-1859.45
ORD-7876,2023-06-30,Shoes,1,30000.0,18879,6,2023,11121.0,37.07
ORD-7877,2023-10-15,Shirt,3,30000.0,25362,10,2023,4638.0,15.46
ORD-7878,2023-11-18,Mobile,2,2000.0,15316,11,2023,-13316.0,-665.8
ORD-7880,2024-01-07,Mobile,3,50000.0,11899,1,2024,38101.0,76.2
ORD-7881,2023-05-18,Laptop,1,2000.0,25525,5,2023,-23525.0,-1176.25
ORD-7882,2023-05-10,Shoes,3,30000.0,6378,5,2023,23622.0,78.74
ORD-7883,2023-07-13,Shirt,1,2000.0,3577,7,2023,-1577.0,-78.85
ORD-7884,2023-11-12,Shirt,1,30000.0,22690,11,2023,7310.0,24.37
ORD-7888,2023-05-24,Laptop,1,30000.0,12847,5,2023,17153.0,57.18
ORD-7889,2023-01-16,Shirt,1,2000.0,22752,1,2023,-20752.0,-1037.6
ORD-7890,2023-10-29,Laptop,3,30000.0,17440,10,2023,12560.0,41.87
ORD-7894,2023-04-17,Shirt,1,30000.0,21464,4,2023,8536.0,28.45
ORD-7895,2023-03-29,Shoes,2,50000.0,23761,3,2023,26239.0,52.48
ORD-7897,2024-01-30,Shirt,3,2000.0,17606,1,2024,-15606.0,-780.3
ORD-7899,2023-12-07,Shoes,1,30000.0,38985,12,2023,-8985.0,-29.95
ORD-7900,2023-01-04,Shoes,1,2000.0,14537,1,2023,-12537.0,-626.85
ORD-7901,2023-11-23,Shirt,3,30000.0,10027,11,2023,19973.0,66.58
ORD-7902,2024-02-14,Shirt,1,50000.0,3536,2,2024,46464.0,92.93
ORD-7903,2024-01-02,Shirt,3,50000.0,3525,1,2024,46475.0,92.95
ORD-7904,2023-11-02,Laptop,2,30000.0,10176,11,2023,19824.0,66.08
ORD-7906,2023-04-05,Laptop,2,2000.0,5887,4,2023,-3887.0,-194.35
ORD-7908,2023-08-13,Mobile,1,30000.0,15847,8,2023,14153.0,47.18
ORD-7909,2024-04-03,Shoes,1,30000.0,12252,4,2024,17748.0,59.16
ORD-7911,2024-04-24,Mobile,3,2000.0,18755,4,2024,-16755.0,-837.75
ORD-7912,2023-11-17,Shirt,3,2000.0,20608,11,2023,-18608.0,-930.4
ORD-7913,2023-02-16,Laptop,2,2000.0,17095,2,2023,-15095.0,-754.75
ORD-7914,2024-04-20,Shirt,2,2000.0,7104,4,2024,-5104.0,-255.2
ORD-7915,2023-06-30,Mobile,2,2000.0,34910,6,2023,-32910.0,-1645.5
ORD-7916,2023-04-16,Laptop,1,50000.0,21693,4,2023,28307.0,56.61
ORD-7917,2023-07-18,Laptop,1,50000.0,30403,7,2023,19597.0,39.19
ORD-7918,2024-01-21,Laptop,2,30000.0,13726,1,2024,16274.0,54.25
ORD-7919,2023-04-16,Laptop,1,50000.0,7898,4,2023,42102.0,84.2
ORD-7920,2023-10-07,Mobile,1,2000.0,18972,10,2023,-16972.0,-848.6
ORD-7921,2023-09-17,Laptop,1,2000.0,13682,9,2023,-11682.0,-584.1
ORD-7922,2023-04-18,Shoes,1,2000.0,5342,4,2023,-3342.0,-167.1
ORD-7923,2023-01-19,Shoes,1,30000.0,4362,1,2023,25638.0,85.46
ORD-7924,2024-02-14,Shirt,2,30000.0,15583,2,2024,14417.0,48.06
ORD-7926,2023-10-23,Shoes,1,50000.0,12104,10,2023,37896.0,75.79
ORD-7927,2023-11-02,Shoes,1,50000.0,27048,11,2023,22952.0,45.9
ORD-7930,2024-05-07,Laptop,1,50000.0,27674,5,2024,22326.0,44.65
ORD-7931,2023-07-14,Mobile,2,2000.0,14268,7,2023,-12268.0,-613.4
ORD-7932,2023-01-12,Mobile,3,50000.0,22690,1,2023,27310.0,54.62
ORD-7933,2023-07-14,Shoes,1,2000.0,31220,7,2023,-29220.0,-1461.0
ORD-7934,2024-05-04,Shoes,1,30000.0,11704,5,2024,18296.0,60.99
ORD-7935,2023-10-10,Shirt,1,50000.0,5514,10,2023,44486.0,88.97
ORD-7936,2024-01-04,Laptop,2,50000.0,25834,1,2024,24166.0,48.33
ORD-7937,2023-07-01,Laptop,3,30000.0,19742,7,2023,10258.0,34.19
ORD-7938,2024-03-25,Shoes,3,30000.0,31892,3,2024,-1892.0,-6.31
ORD-7939,2023-11-01,Shoes,1,30000.0,28987,11,2023,1013.0,3.38
ORD-7940,2023-05-24,Laptop,1,30000.0,39383,5,2023,-9383.0,-31.28
ORD-7941,2024-01-21,Shirt,1,30000.0,15840,1,2024,14160.0,47.2
ORD-7944,2023-01-30,Mobile,1,30000.0,29733,1,2023,267.0,0.89
ORD-7945,2023-03-25,Shoes,1,30000.0,20480,3,2023,9520.0,31.73
ORD-7946,2023-06-15,Mobile,2,30000.0,21019,6,2023,8981.0,29.94
ORD-7947,2023-10-11,Shoes,2,30000.0,17945,10,2023,12055.0,40.18
ORD-7948,2023-10-08,Mobile,1,2000.0,12641,10,2023,-10641.0,-532.05
ORD-7949,2023-04-06,Shoes,1,2000.0,16232,4,2023,-14232.0,-711.6
ORD-7950,2024-01-16,Shirt,2,30000.0,12315,1,2024,17685.0,58.95
ORD-7951,2023-09-23,Shirt,1,30000.0,25615,9,2023,4385.0,14.62
ORD-7952,2024-03-19,Shirt,1,50000.0,24255,3,2024,25745.0,51.49
ORD-7953,2023-10-25,Mobile,1,30000.0,31709,10,2023,-1709.0,-5.7
ORD-7954,2023-10-23,Shirt,2,30000.0,36272,10,2023,-6272.0,-20.91
ORD-7956,2023-11-29,Shoes,1,2000.0,26363,11,2023,-24363.0,-1218.15
ORD-7957,2023-12-27,Mobile,2,30000.0,11068,12,2023,18932.0,63.11
ORD-7958,2024-01-09,Shoes,3,2000.0,7822,1,2024,-5822.0,-291.1
ORD-7959,2023-02-11,Laptop,1,2000.0,21893,2,2023,-19893.0,-994.65
ORD-7960,2023-10-30,Laptop,2,50000.0,13497,10,2023,36503.0,73.01
ORD-7961,2024-02-25,Laptop,3,2000.0,32801,2,2024,-30801.0,-1540.05
ORD-7962,2023-09-03,Mobile,2,2000.0,15251,9,2023,-13251.0,-662.55
ORD-7963,2023-07-27,Laptop,3,30000.0,23570,7,2023,6430.0,21.43
ORD-7965,2023-01-22,Laptop,2,30000.0,6679,1,2023,23321.0,77.74
ORD-7966,2023-07-04,Shoes,1,30000.0,22205,7,2023,7795.0,25.98
ORD-7969,2023-12-29,Laptop,1,50000.0,3249,12,2023,46751.0,93.5
ORD-7971,2023-02-10,Shirt,1,30000.0,13614,2,2023,16386.0,54.62
ORD-7975,2024-04-18,Laptop,1,2000.0,15803,4,2024,-13803.0,-690.15
ORD-7976,2023-03-30,Shirt,2,50000.0,13795,3,2023,36205.0,72.41
ORD-7977,2023-11-18,Shoes,3,2000.0,16653,11,2023,-14653.0,-732.65
ORD-7978,2023-01-12,Shoes,1,2000.0,38953,1,2023,-36953.0,-1847.65
ORD-7979,2024-02-28,Mobile,2,50000.0,21674,2,2024,28326.0,56.65
ORD-7980,2023-03-14,Shoes,2,2000.0,21526,3,2023,-19526.0,-976.3
ORD-7982,2023-12-12,Shirt,3,50000.0,19968,12,2023,30032.0,60.06
ORD-7983,2023-07-20,Shoes,1,2000.0,18985,7,2023,-16985.0,-849.25
ORD-7984,2023-01-10,Shirt,2,30000.0,18191,1,2023,11809.0,39.36
ORD-7985,2023-12-18,Shoes,2,2000.0,32908,12,2023,-30908.0,-1545.4
ORD-7986,2023-08-14,Shirt,1,30000.0,30072,8,2023,-72.0,-0.24
ORD-7988,2023-10-03,Laptop,3,30000.0,9165,10,2023,20835.0,69.45
ORD-7989,2023-02-08,Mobile,1,2000.0,21555,2,2023,-19555.0,-977.75
ORD-7990,2023-03-01,Mobile,3,2000.0,27025,3,2023,-25025.0,-1251.25
ORD-7991,2023-03-07,Laptop,1,2000.0,13574,3,2023,-11574.0,-578.7
ORD-7992,2023-11-17,Shirt,3,50000.0,35336,11,2023,14664.0,29.33
ORD-7993,2024-03-10,Laptop,3,50000.0,26898,3,2024,23102.0,46.2
ORD-7994,2023-05-04,Shoes,1,2000.0,26436,5,2023,-24436.0,-1221.8
ORD-7995,2023-06-13,Laptop,3,2000.0,23821,6,2023,-21821.0,-1091.05
ORD-7997,2024-02-15,Laptop,1,50000.0,36701,2,2024,13299.0,26.6
ORD-7998,2024-01-21,Shirt,3,50000.0,29094,1,2024,20906.0,41.81
ORD-7999,2023-06-08,Mobile,2,50000.0,5509,6,2023,44491.0,88.98
ORD-8000,2023-02-26,Shoes,1,30000.0,5526,2,2023,24474.0,81.58
ORD-8001,2023-03-19,Shirt,1,2000.0,39677,3,2023,-37677.0,-1883.85
ORD-8004,2023-01-15,Shirt,1,2000.0,35108,1,2023,-33108.0,-1655.4
ORD-8005,2023-01-12,Shoes,1,2000.0,2514,1,2023,-514.0,-25.7
ORD-8007,2023-06-05,Laptop,1,30000.0,28612,6,2023,1388.0,4.63
ORD-8009,2023-05-05,Laptop,1,30000.0,18406,5,2023,11594.0,38.65
ORD-8010,2023-12-25,Shoes,2,30000.0,30203,12,2023,-203.0,-0.68
ORD-8011,2023-10-07,Shirt,2,50000.0,30248,10,2023,19752.0,39.5
ORD-8012,2024-02-09,Mobile,1,2000.0,10304,2,2024,-8304.0,-415.2
ORD-8013,2024-01-29,Shoes,1,50000.0,5808,1,2024,44192.0,88.38
ORD-8014,2023-04-20,Mobile,2,30000.0,29455,4,2023,545.0,1.82
ORD-8016,2023-12-23,Shoes,1,50000.0,32897,12,2023,17103.0,34.21
ORD-8018,2023-08-04,Shirt,2,30000.0,5907,8,2023,24093.0,80.31
ORD-8020,2023-06-11,Shirt,2,50000.0,4225,6,2023,45775.0,91.55
ORD-8021,2023-05-08,Mobile,1,30000.0,2014,5,2023,27986.0,93.29
ORD-8022,2023-11-10,Shoes,2,2000.0,7768,11,2023,-5768.0,-288.4
ORD-8023,2023-11-28,Laptop,2,50000.0,39226,11,2023,10774.0,21.55
ORD-8024,2023-05-30,Shirt,1,50000.0,3021,5,2023,46979.0,93.96
ORD-8025,2024-03-29,Mobile,1,2000.0,36874,3,2024,-34874.0,-1743.7
ORD-8026,2023-02-05,Shoes,3,30000.0,9862,2,2023,20138.0,67.13
ORD-8027,2023-06-22,Shoes,2,2000.0,3584,6,2023,-1584.0,-79.2
ORD-8028,2024-02-24,Mobile,1,50000.0,5942,2,2024,44058.0,88.12
ORD-8029,2023-01-22,Mobile,2,30000.0,35045,1,2023,-5045.0,-16.82
ORD-8031,2023-05-07,Laptop,2,50000.0,8370,5,2023,41630.0,83.26
ORD-8033,2024-03-20,Mobile,3,2000.0,9369,3,2024,-7369.0,-368.45
ORD-8034,2023-12-22,Laptop,1,30000.0,9467,12,2023,20533.0,68.44
ORD-8035,2024-03-15,Shoes,3,2000.0,27935,3,2024,-25935.0,-1296.75
ORD-8037,2023-04-06,Shirt,2,50000.0,12551,4,2023,37449.0,74.9
ORD-8038,2024-02-21,Shoes,1,30000.0,32417,2,2024,-2417.0,-8.06
ORD-8039,2024-03-04,Shirt,3,2000.0,8897,3,2024,-6897.0,-344.85
ORD-8042,2023-01-18,Laptop,3,50000.0,33397,1,2023,16603.0,33.21
ORD-8044,2023-07-14,Mobile,1,30000.0,10782,7,2023,19218.0,64.06
ORD-8046,2024-04-24,Shirt,1,50000.0,26688,4,2024,23312.0,46.62
ORD-8047,2023-12-31,Laptop,3,2000.0,26644,12,2023,-24644.0,-1232.2
ORD-8048,2023-05-03,Mobile,3,30000.0,17003,5,2023,12997.0,43.32
ORD-8049,2024-02-04,Shoes,1,2000.0,36313,2,2024,-34313.0,-1715.65
ORD-8050,2023-07-06,Mobile,3,2000.0,21033,7,2023,-19033.0,-951.65
ORD-8053,2023-05-29,Laptop,1,50000.0,27768,5,2023,22232.0,44.46
ORD-8056,2024-04-06,Shoes,2,2000.0,9273,4,2024,-7273.0,-363.65
ORD-8057,2023-08-19,Shirt,3,30000.0,14478,8,2023,15522.0,51.74
ORD-8059,2023-07-25,Mobile,3,30000.0,12368,7,2023,17632.0,58.77
ORD-8062,2024-02-04,Laptop,2,50000.0,9273,2,2024,40727.0,81.45
ORD-8064,2024-05-07,Shoes,3,50000.0,34110,5,2024,15890.0,31.78
ORD-8065,2023-03-28,Laptop,3,2000.0,33552,3,2023,-31552.0,-1577.6
ORD-8066,2023-05-22,Mobile,1,30000.0,27430,5,2023,2570.0,8.57
ORD-8068,2023-07-18,Mobile,1,50000.0,34635,7,2023,15365.0,30.73
ORD-8069,2023-02-15,Mobile,1,2000.0,33938,2,2023,-31938.0,-1596.9
ORD-8071,2023-01-15,Shirt,2,50000.0,9769,1,2023,40231.0,80.46
ORD-8072,2023-02-13,Mobile,3,50000.0,9259,2,2023,40741.0,81.48
ORD-8073,2024-02-05,Shoes,1,2000.0,35283,2,2024,-33283.0,-1664.15
ORD-8076,2024-05-09,Shirt,2,30000.0,35966,5,2024,-5966.0,-19.89
ORD-8078,2023-04-08,Mobile,1,50000.0,23287,4,2023,26713.0,53.43
ORD-8079,2023-09-18,Laptop,3,30000.0,32347,9,2023,-2347.0,-7.82
ORD-8080,2023-04-19,Shirt,1,30000.0,9986,4,2023,20014.0,66.71
ORD-8082,2024-01-07,Shoes,1,30000.0,31754,1,2024,-1754.0,-5.85
ORD-8083,2023-12-09,Laptop,1,50000.0,19922,12,2023,30078.0,60.16
ORD-8084,2023-04-14,Laptop,1,50000.0,37675,4,2023,12325.0,24.65
ORD-8085,2023-09-13,Laptop,1,2000.0,36364,9,2023,-34364.0,-1718.2
ORD-8086,2024-01-14,Shoes,1,50000.0,30428,1,2024,19572.0,39.14
ORD-8087,2023-07-25,Shirt,3,2000.0,20705,7,2023,-18705.0,-935.25
ORD-8088,2023-12-01,Mobile,1,30000.0,25104,12,2023,4896.0,16.32
ORD-8089,2023-02-12,Laptop,1,2000.0,31032,2,2023,-29032.0,-1451.6
ORD-8091,2023-09-02,Shoes,3,2000.0,11920,9,2023,-9920.0,-496.0
ORD-8093,2023-12-21,Shirt,3,30000.0,15423,12,2023,14577.0,48.59
ORD-8094,2023-09-30,Laptop,1,2000.0,38326,9,2023,-36326.0,-1816.3
ORD-8095,2024-04-20,Laptop,1,50000.0,33690,4,2024,16310.0,32.62
ORD-8097,2023-04-20,Shirt,3,30000.0,38107,4,2023,-8107.0,-27.02
ORD-8098,2024-03-13,Laptop,1,50000.0,34006,3,2024,15994.0,31.99
ORD-8100,2024-04-15,Shirt,1,30000.0,23714,4,2024,6286.0,20.95
ORD-8101,2023-10-15,Shirt,2,30000.0,33358,10,2023,-3358.0,-11.19
ORD-8102,2024-02-28,Shoes,1,50000.0,33033,2,2024,16967.0,33.93
ORD-8103,2024-02-01,Shoes,1,30000.0,8388,2,2024,21612.0,72.04
ORD-8104,2023-09-08,Laptop,3,2000.0,27095,9,2023,-25095.0,-1254.75
ORD-8105,2023-07-31,Shoes,1,30000.0,11426,7,2023,18574.0,61.91
ORD-8109,2023-10-12,Shirt,3,2000.0,26394,10,2023,-24394.0,-1219.7
ORD-8110,2023-11-22,Laptop,1,50000.0,29143,11,2023,20857.0,41.71
ORD-8111,2024-02-13,Mobile,2,2000.0,3439,2,2024,-1439.0,-71.95
ORD-8112,2023-04-05,Mobile,1,2000.0,28963,4,2023,-26963.0,-1348.15
ORD-8113,2023-10-05,Laptop,2,2000.0,11019,10,2023,-9019.0,-450.95
ORD-8114,2024-03-25,Shoes,2,30000.0,23470,3,2024,6530.0,21.77
ORD-8115,2024-03-04,Mobile,2,50000.0,28191,3,2024,21809.0,43.62
ORD-8116,2023-11-21,Laptop,3,30000.0,27349,11,2023,2651.0,8.84
ORD-8117,2023-08-07,Mobile,3,2000.0,9391,8,2023,-7391.0,-369.55
ORD-8119,2023-03-13,Shirt,3,2000.0,9369,3,2023,-7369.0,-368.45
ORD-8120,2023-09-04,Laptop,1,50000.0,39310,9,2023,10690.0,21.38
ORD-8122,2023-07-31,Laptop,1,50000.0,12928,7,2023,37072.0,74.14
ORD-8123,2024-03-03,Laptop,1,2000.0,35804,3,2024,-33804.0,-1690.2
ORD-8124,2023-12-09,Laptop,1,50000.0,39318,12,2023,10682.0,21.36
ORD-8125,2023-04-06,Laptop,1,30000.0,38031,4,2023,-8031.0,-26.77
ORD-8127,2024-02-27,Shirt,3,50000.0,14891,2,2024,35109.0,70.22
ORD-8130,2023-12-10,Shirt,2,2000.0,27152,12,2023,-25152.0,-1257.6
ORD-8131,2024-04-03,Shoes,2,2000.0,8123,4,2024,-6123.0,-306.15
ORD-8133,2023-02-23,Shoes,3,50000.0,37112,2,2023,12888.0,25.78
ORD-8135,2023-01-16,Mobile,3,2000.0,2208,1,2023,-208.0,-10.4
ORD-8136,2023-04-09,Mobile,3,50000.0,19242,4,2023,30758.0,61.52
ORD-8138,2023-02-15,Shoes,1,2000.0,2971,2,2023,-971.0,-48.55
ORD-8142,2023-02-27,Shoes,1,50000.0,30941,2,2023,19059.0,38.12
ORD-8143,2024-03-12,Shirt,2,2000.0,12502,3,2024,-10502.0,-525.1
ORD-8144,2023-04-21,Mobile,1,2000.0,29577,4,2023,-27577.0,-1378.85
ORD-8145,2023-05-09,Laptop,1,30000.0,11354,5,2023,18646.0,62.15
ORD-8148,2024-02-17,Shirt,3,30000.0,29850,2,2024,150.0,0.5
ORD-8150,2023-11-22,Shoes,1,50000.0,34328,11,2023,15672.0,31.34
ORD-8151,2023-01-08,Mobile,2,30000.0,7652,1,2023,22348.0,74.49
ORD-8152,2023-01-29,Shoes,2,2000.0,31979,1,2023,-29979.0,-1498.95
ORD-8154,2024-03-10,Mobile,3,2000.0,35677,3,2024,-33677.0,-1683.85
ORD-8156,2023-05-11,Laptop,2,30000.0,18331,5,2023,11669.0,38.9
ORD-8157,2023-07-07,Laptop,1,2000.0,11719,7,2023,-9719.0,-485.95
ORD-8159,2023-07-16,Mobile,1,50000.0,9572,7,2023,40428.0,80.86
ORD-8160,2024-04-19,Shirt,3,30000.0,10896,4,2024,19104.0,63.68
ORD-8164,2023-04-19,Shirt,1,30000.0,10690,4,2023,19310.0,64.37
ORD-8167,2023-06-16,Laptop,3,2000.0,11264,6,2023,-9264.0,-463.2
ORD-8168,2023-09-17,Mobile,2,2000.0,17049,9,2023,-15049.0,-752.45
ORD-8169,2023-08-31,Laptop,3,30000.0,12628,8,2023,17372.0,57.91
ORD-8170,2023-10-02,Laptop,1,30000.0,3142,10,2023,26858.0,89.53
ORD-8171,2023-04-12,Laptop,2,50000.0,15843,4,2023,34157.0,68.31
ORD-8173,2023-06-22,Shirt,1,2000.0,22123,6,2023,-20123.0,-1006.15
ORD-8174,2023-06-20,Shirt,3,2000.0,27007,6,2023,-25007.0,-1250.35
ORD-8177,2023-07-07,Shoes,3,30000.0,29498,7,2023,502.0,1.67
ORD-8178,2024-03-16,Mobile,2,50000.0,34226,3,2024,15774.0,31.55
ORD-8179,2023-03-27,Shoes,2,50000.0,28524,3,2023,21476.0,42.95
ORD-8180,2024-04-20,Shirt,3,30000.0,16298,4,2024,13702.0,45.67
ORD-8181,2023-02-21,Shirt,3,30000.0,13135,2,2023,16865.0,56.22
ORD-8182,2023-04-21,Mobile,1,2000.0,8380,4,2023,-6380.0,-319.0
ORD-8183,2024-03-12,Shoes,1,30000.0,27589,3,2024,2411.0,8.04
ORD-8184,2023-12-31,Mobile,3,50000.0,33466,12,2023,16534.0,33.07
ORD-8185,2023-12-08,Laptop,1,2000.0,37788,12,2023,-35788.0,-1789.4
ORD-8186,2023-02-12,Shoes,1,50000.0,25920,2,2023,24080.0,48.16
ORD-8188,2024-03-31,Mobile,1,50000.0,17729,3,2024,32271.0,64.54
ORD-8189,2024-05-14,Shirt,1,2000.0,7610,5,2024,-5610.0,-280.5
ORD-8190,2023-07-19,Shoes,3,50000.0,19522,7,2023,30478.0,60.96
ORD-8191,2023-10-25,Laptop,1,2000.0,21773,10,2023,-19773.0,-988.65
ORD-8192,2023-12-12,Laptop,3,2000.0,12804,12,2023,-10804.0,-540.2
ORD-8193,2023-08-28,Shoes,3,30000.0,8816,8,2023,21184.0,70.61
ORD-8194,2023-04-25,Shoes,2,50000.0,28473,4,2023,21527.0,43.05
ORD-8195,2023-01-26,Mobile,3,30000.0,12932,1,2023,17068.0,56.89
ORD-8196,2024-02-11,Shirt,3,30000.0,18494,2,2024,11506.0,38.35
ORD-8197,2023-10-26,Shirt,1,50000.0,24709,10,2023,25291.0,50.58
ORD-8198,2023-03-18,Shirt,3,2000.0,31189,3,2023,-29189.0,-1459.45
ORD-8200,2023-05-17,Shirt,2,50000.0,7487,5,2023,42513.0,85.03
ORD-8201,2023-01-20,Mobile,2,30000.0,18204,1,2023,11796.0,39.32
ORD-8202,2024-03-15,Shoes,1,30000.0,6988,3,2024,23012.0,76.71
ORD-8203,2023-07-30,Shoes,1,2000.0,28364,7,2023,-26364.0,-1318.2
ORD-8204,2023-08-28,Shirt,2,30000.0,39403,8,2023,-9403.0,-31.34
ORD-8206,2024-03-10,Laptop,1,30000.0,8093,3,2024,21907.0,73.02
ORD-8207,2023-09-25,Mobile,3,2000.0,38372,9,2023,-36372.0,-1818.6
ORD-8208,2023-07-26,Shirt,1,50000.0,18947,7,2023,31053.0,62.11
ORD-8209,2024-04-23,Shirt,1,2000.0,31735,4,2024,-29735.0,-1486.75
ORD-8210,2024-03-14,Shoes,3,30000.0,30196,3,2024,-196.0,-0.65
ORD-8211,2024-04-06,Shoes,3,2000.0,23727,4,2024,-21727.0,-1086.35
ORD-8212,2023-09-24,Shirt,1,30000.0,25884,9,2023,4116.0,13.72
ORD-8213,2023-06-03,Shoes,2,2000.0,35607,6,2023,-33607.0,-1680.35
ORD-8214,2023-02-11,Shirt,2,50000.0,8675,2,2023,41325.0,82.65
ORD-8215,2024-02-15,Mobile,3,30000.0,10575,2,2024,19425.0,64.75
ORD-8220,2023-10-02,Shoes,1,30000.0,22524,10,2023,7476.0,24.92
ORD-8221,2024-03-23,Shirt,2,30000.0,12159,3,2024,17841.0,59.47
ORD-8222,2024-01-25,Shoes,3,50000.0,14299,1,2024,35701.0,71.4
ORD-8223,2024-03-05,Shoes,1,2000.0,29032,3,2024,-27032.0,-1351.6
ORD-8224,2024-01-07,Shirt,2,30000.0,1455,1,2024,28545.0,95.15
ORD-8226,2024-01-04,Shoes,3,30000.0,5738,1,2024,24262.0,80.87
ORD-8228,2023-08-08,Mobile,1,50000.0,17775,8,2023,32225.0,64.45
ORD-8229,2023-03-06,Laptop,3,2000.0,36389,3,2023,-34389.0,-1719.45
ORD-8230,2023-12-21,Mobile,1,30000.0,16718,12,2023,13282.0,44.27
ORD-8231,2023-08-20,Shirt,1,2000.0,7176,8,2023,-5176.0,-258.8
ORD-8234,2023-02-21,Shoes,1,2000.0,39809,2,2023,-37809.0,-1890.45
ORD-8235,2024-01-09,Laptop,3,50000.0,28033,1,2024,21967.0,43.93
ORD-8236,2024-03-06,Mobile,1,2000.0,20984,3,2024,-18984.0,-949.2
ORD-8237,2024-01-11,Mobile,3,2000.0,32742,1,2024,-30742.0,-1537.1
ORD-8238,2023-09-20,Shirt,1,30000.0,38978,9,2023,-8978.0,-29.93
ORD-8239,2023-09-24,Shoes,2,30000.0,5508,9,2023,24492.0,81.64
ORD-8241,2023-11-13,Mobile,3,30000.0,25269,11,2023,4731.0,15.77
ORD-8242,2023-11-20,Laptop,2,50000.0,1260,11,2023,48740.0,97.48
ORD-8243,2024-02-13,Laptop,3,50000.0,7833,2,2024,42167.0,84.33
ORD-8244,2024-01-31,Mobile,2,50000.0,10527,1,2024,39473.0,78.95
ORD-8246,2023-12-24,Shirt,1,50000.0,23518,12,2023,26482.0,52.96
ORD-8247,2024-01-01,Shoes,2,50000.0,24259,1,2024,25741.0,51.48
ORD-8248,2023-05-20,Shoes,3,30000.0,30860,5,2023,-860.0,-2.87
ORD-8250,2023-02-20,Shirt,2,2000.0,34102,2,2023,-32102.0,-1605.1
ORD-8251,2023-04-27,Shirt,1,50000.0,8669,4,2023,41331.0,82.66
ORD-8252,2024-02-25,Shirt,1,30000.0,36547,2,2024,-6547.0,-21.82
ORD-8253,2023-02-15,Shoes,1,2000.0,26379,2,2023,-24379.0,-1218.95
ORD-8254,2023-11-05,Laptop,1,50000.0,24712,11,2023,25288.0,50.58
ORD-8255,2023-03-29,Shirt,3,2000.0,20191,3,2023,-18191.0,-909.55
ORD-8256,2023-07-27,Mobile,3,2000.0,14259,7,2023,-12259.0,-612.95
ORD-8259,2023-03-30,Shoes,1,50000.0,36931,3,2023,13069.0,26.14
ORD-8260,2024-01-16,Mobile,2,50000.0,10094,1,2024,39906.0,79.81
ORD-8262,2023-02-23,Shirt,2,50000.0,24872,2,2023,25128.0,50.26
ORD-8263,2024-03-16,Laptop,2,50000.0,33791,3,2024,16209.0,32.42
ORD-8265,2023-04-28,Mobile,1,2000.0,36516,4,2023,-34516.0,-1725.8
ORD-8266,2023-09-17,Shoes,1,50000.0,26972,9,2023,23028.0,46.06
ORD-8267,2023-03-16,Shirt,3,30000.0,9095,3,2023,20905.0,69.68
ORD-8269,2023-11-01,Shirt,3,50000.0,13096,11,2023,36904.0,73.81
ORD-8270,2023-01-07,Shirt,1,50000.0,9095,1,2023,40905.0,81.81
ORD-8272,2023-05-02,Mobile,2,30000.0,29242,5,2023,758.0,2.53
ORD-8273,2023-01-11,Shirt,1,30000.0,27333,1,2023,2667.0,8.89
ORD-8275,2024-03-13,Shoes,1,30000.0,25539,3,2024,4461.0,14.87
ORD-8276,2024-05-03,Laptop,3,50000.0,22722,5,2024,27278.0,54.56
ORD-8277,2023-08-03,Shoes,3,30000.0,19916,8,2023,10084.0,33.61
ORD-8278,2024-03-04,Shirt,3,50000.0,39105,3,2024,10895.0,21.79
ORD-8279,2023-10-06,Shirt,3,2000.0,4773,10,2023,-2773.0,-138.65
ORD-8280,2024-05-12,Shoes,3,30000.0,30945,5,2024,-945.0,-3.15
ORD-8281,2023-01-28,Laptop,3,2000.0,22045,1,2023,-20045.0,-1002.25
ORD-8283,2024-01-02,Shoes,3,30000.0,18061,1,2024,11939.0,39.8
ORD-8284,2023-11-09,Mobile,1,50000.0,14138,11,2023,35862.0,71.72
ORD-8285,2023-01-26,Mobile,1,30000.0,36742,1,2023,-6742.0,-22.47
ORD-8288,2023-01-29,Shoes,1,50000.0,30042,1,2023,19958.0,39.92
ORD-8289,2024-04-11,Laptop,2,30000.0,19224,4,2024,10776.0,35.92
ORD-8290,2023-12-19,Shirt,1,2000.0,2878,12,2023,-878.0,-43.9
ORD-8293,2023-11-30,Shirt,3,50000.0,24603,11,2023,25397.0,50.79
ORD-8294,2023-02-04,Mobile,1,30000.0,16037,2,2023,13963.0,46.54
ORD-8295,2023-10-13,Laptop,1,2000.0,12690,10,2023,-10690.0,-534.5
ORD-8296,2023-12-14,Shoes,1,30000.0,11323,12,2023,18677.0,62.26
ORD-8297,2023-09-30,Laptop,3,30000.0,4314,9,2023,25686.0,85.62
ORD-8298,2024-03-26,Shoes,2,2000.0,35146,3,2024,-33146.0,-1657.3
ORD-8299,2023-07-27,Shoes,3,50000.0,15356,7,2023,34644.0,69.29
ORD-8301,2024-02-18,Shoes,1,50000.0,6340,2,2024,43660.0,87.32
ORD-8302,2024-05-14,Laptop,3,50000.0,34220,5,2024,15780.0,31.56
ORD-8303,2023-04-03,Shirt,1,30000.0,1392,4,2023,28608.0,95.36
ORD-8304,2023-06-22,Shoes,2,2000.0,6471,6,2023,-4471.0,-223.55
ORD-8306,2023-04-20,Shoes,1,30000.0,14997,4,2023,15003.0,50.01
ORD-8308,2024-03-10,Shoes,1,30000.0,31278,3,2024,-1278.0,-4.26
ORD-8309,2023-12-24,Mobile,3,2000.0,11397,12,2023,-9397.0,-469.85
ORD-8312,2023-06-30,Mobile,1,50000.0,24794,6,2023,25206.0,50.41
ORD-8313,2023-03-05,Laptop,1,30000.0,17549,3,2023,12451.0,41.5
ORD-8314,2023-09-03,Shoes,1,30000.0,7363,9,2023,22637.0,75.46
ORD-8315,2023-09-01,Mobile,2,30000.0,9079,9,2023,20921.0,69.74
ORD-8316,2024-02-26,Laptop,2,50000.0,13032,2,2024,36968.0,73.94
ORD-8317,2023-11-16,Shoes,1,50000.0,2505,11,2023,47495.0,94.99
ORD-8319,2023-08-05,Mobile,2,30000.0,14240,8,2023,15760.0,52.53
ORD-8320,2024-05-04,Shoes,3,30000.0,31739,5,2024,-1739.0,-5.8
ORD-8324,2023-07-29,Shirt,1,2000.0,3119,7,2023,-1119.0,-55.95
ORD-8325,2024-05-11,Shoes,1,2000.0,1177,5,2024,823.0,41.15
ORD-8327,2023-11-26,Laptop,3,50000.0,11226,11,2023,38774.0,77.55
ORD-8328,2023-05-18,Laptop,3,50000.0,25874,5,2023,24126.0,48.25
ORD-8329,2024-03-16,Mobile,2,30000.0,31985,3,2024,-1985.0,-6.62
ORD-8330,2024-01-26,Shirt,3,2000.0,28143,1,2024,-26143.0,-1307.15
ORD-8331,2024-05-10,Mobile,3,2000.0,13231,5,2024,-11231.0,-561.55
ORD-8337,2023-06-10,Laptop,3,50000.0,15133,6,2023,34867.0,69.73
ORD-8338,2023-01-01,Laptop,1,50000.0,23427,1,2023,26573.0,53.15
ORD-8340,2024-03-12,Mobile,1,50000.0,11546,3,2024,38454.0,76.91
ORD-8343,2023-01-04,Shoes,1,2000.0,26496,1,2023,-24496.0,-1224.8
ORD-8344,2024-02-05,Shoes,2,50000.0,2553,2,2024,47447.0,94.89
ORD-8345,2023-05-12,Shoes,2,50000.0,26241,5,2023,23759.0,47.52
ORD-8346,2024-03-02,Laptop,1,2000.0,3469,3,2024,-1469.0,-73.45
ORD-8347,2023-08-06,Shoes,3,50000.0,2474,8,2023,47526.0,95.05
ORD-8348,2023-09-17,Laptop,3,2000.0,32109,9,2023,-30109.0,-1505.45
ORD-8349,2023-01-01,Shirt,2,30000.0,23861,1,2023,6139.0,20.46
ORD-8350,2023-03-12,Laptop,1,50000.0,34105,3,2023,15895.0,31.79
ORD-8352,2023-06-27,Shirt,2,2000.0,35061,6,2023,-33061.0,-1653.05
ORD-8355,2023-10-18,Laptop,3,50000.0,36596,10,2023,13404.0,26.81
ORD-8356,2023-01-08,Mobile,1,2000.0,7472,1,2023,-5472.0,-273.6
ORD-8357,2023-09-10,Shoes,1,30000.0,21357,9,2023,8643.0,28.81
ORD-8360,2023-10-19,Mobile,3,30000.0,2336,10,2023,27664.0,92.21
ORD-8361,2024-03-09,Shoes,1,2000.0,16181,3,2024,-14181.0,-709.05
ORD-8362,2023-09-01,Mobile,2,50000.0,35435,9,2023,14565.0,29.13
ORD-8364,2023-10-26,Shirt,3,50000.0,2212,10,2023,47788.0,95.58
ORD-8365,2023-10-10,Shirt,1,2000.0,3768,10,2023,-1768.0,-88.4
ORD-8366,2023-02-01,Shoes,3,30000.0,30737,2,2023,-737.0,-2.46
ORD-8367,2023-11-30,Shoes,1,50000.0,28634,11,2023,21366.0,42.73
ORD-8368,2024-01-12,Laptop,1,2000.0,10589,1,2024,-8589.0,-429.45
ORD-8369,2023-05-26,Mobile,1,50000.0,27794,5,2023,22206.0,44.41
ORD-8370,2023-06-05,Shoes,1,50000.0,37444,6,2023,12556.0,25.11
ORD-8372,2023-01-16,Laptop,2,50000.0,8085,1,2023,41915.0,83.83
ORD-8374,2023-02-16,Mobile,1,2000.0,23669,2,2023,-21669.0,-1083.45
ORD-8375,2023-09-08,Shoes,1,2000.0,20603,9,2023,-18603.0,-930.15
ORD-8377,2023-01-31,Laptop,3,30000.0,38456,1,2023,-8456.0,-28.19
ORD-8378,2023-09-17,Shirt,2,50000.0,5511,9,2023,44489.0,88.98
ORD-8379,2024-02-25,Shoes,1,2000.0,19456,2,2024,-17456.0,-872.8
ORD-8380,2023-01-17,Shirt,3,2000.0,24154,1,2023,-22154.0,-1107.7
ORD-8381,2023-02-08,Laptop,1,30000.0,29765,2,2023,235.0,0.78
ORD-8382,2023-10-31,Shoes,1,2000.0,19714,10,2023,-17714.0,-885.7
ORD-8384,2024-04-18,Laptop,2,30000.0,34452,4,2024,-4452.0,-14.84
ORD-8385,2024-03-07,Shirt,1,2000.0,28513,3,2024,-26513.0,-1325.65
ORD-8386,2023-02-08,Shoes,1,30000.0,32535,2,2023,-2535.0,-8.45
ORD-8387,2024-05-03,Mobile,1,30000.0,29287,5,2024,713.0,2.38
ORD-8388,2023-05-12,Shirt,1,2000.0,9532,5,2023,-7532.0,-376.6
ORD-8389,2023-01-30,Mobile,2,2000.0,13891,1,2023,-11891.0,-594.55
ORD-8390,2023-06-07,Shoes,1,2000.0,34501,6,2023,-32501.0,-1625.05
ORD-8391,2023-10-05,Mobile,2,30000.0,2496,10,2023,27504.0,91.68
ORD-8394,2023-04-18,Shirt,3,50000.0,6450,4,2023,43550.0,87.1
ORD-8395,2023-09-25,Shirt,3,2000.0,38403,9,2023,-36403.0,-1820.15
ORD-8397,2023-10-19,Laptop,2,50000.0,28289,10,2023,21711.0,43.42
ORD-8398,2023-01-18,Shoes,1,50000.0,24109,1,2023,25891.0,51.78
ORD-8399,2023-03-31,Mobile,1,2000.0,25415,3,2023,-23415.0,-1170.75
ORD-8400,2023-06-30,Shirt,1,50000.0,18803,6,2023,31197.0,62.39
ORD-8402,2024-03-30,Mobile,1,50000.0,33716,3,2024,16284.0,32.57
ORD-8403,2023-09-10,Mobile,2,50000.0,5710,9,2023,44290.0,88.58
ORD-8405,2024-01-18,Shoes,3,50000.0,14500,1,2024,35500.0,71.0
ORD-8406,2024-03-17,Shirt,2,50000.0,35209,3,2024,14791.0,29.58
ORD-8407,2023-12-12,Shirt,3,30000.0,36158,12,2023,-6158.0,-20.53
ORD-8408,2023-03-28,Shirt,2,50000.0,2384,3,2023,47616.0,95.23
ORD-8409,2023-03-31,Shoes,1,50000.0,19540,3,2023,30460.0,60.92
ORD-8410,2023-08-25,Laptop,1,30000.0,5396,8,2023,24604.0,82.01
ORD-8411,2024-01-25,Shirt,3,30000.0,2391,1,2024,27609.0,92.03
ORD-8412,2023-03-11,Shirt,3,30000.0,17652,3,2023,12348.0,41.16
ORD-8413,2023-02-13,Laptop,1,2000.0,21301,2,2023,-19301.0,-965.05
ORD-8414,2023-07-19,Shoes,1,2000.0,10716,7,2023,-8716.0,-435.8
ORD-8416,2023-03-27,Laptop,3,50000.0,9669,3,2023,40331.0,80.66
ORD-8418,2023-04-11,Laptop,2,2000.0,16228,4,2023,-14228.0,-711.4
ORD-8419,2024-02-06,Shoes,3,50000.0,15256,2,2024,34744.0,69.49
ORD-8420,2023-04-05,Shoes,2,50000.0,26185,4,2023,23815.0,47.63
ORD-8421,2023-09-11,Laptop,1,30000.0,24386,9,2023,5614.0,18.71
ORD-8422,2023-12-23,Mobile,1,2000.0,25152,12,2023,-23152.0,-1157.6
ORD-8423,2023-01-30,Mobile,2,50000.0,23267,1,2023,26733.0,53.47
ORD-8424,2023-09-06,Mobile,1,30000.0,13779,9,2023,16221.0,54.07
ORD-8425,2024-03-01,Mobile,2,50000.0,15434,3,2024,34566.0,69.13
ORD-8426,2023-02-02,Shirt,3,2000.0,30000,2,2023,-28000.0,-1400.0
ORD-8429,2023-01-12,Laptop,1,50000.0,7438,1,2023,42562.0,85.12
ORD-8430,2023-04-28,Shirt,3,30000.0,13729,4,2023,16271.0,54.24
ORD-8431,2023-12-16,Laptop,1,30000.0,30466,12,2023,-466.0,-1.55
ORD-8432,2023-06-04,Laptop,3,30000.0,27407,6,2023,2593.0,8.64
ORD-8433,2024-02-27,Shoes,3,2000.0,30562,2,2024,-28562.0,-1428.1
ORD-8436,2024-02-09,Shoes,1,50000.0,28061,2,2024,21939.0,43.88
ORD-8438,2023-09-04,Shirt,2,30000.0,36101,9,2023,-6101.0,-20.34
ORD-8439,2023-01-29,Shoes,1,2000.0,38154,1,2023,-36154.0,-1807.7
ORD-8440,2023-06-10,Shoes,2,30000.0,13655,6,2023,16345.0,54.48
ORD-8441,2023-08-23,Laptop,2,30000.0,21965,8,2023,8035.0,26.78
ORD-8443,2023-04-27,Laptop,3,2000.0,9359,4,2023,-7359.0,-367.95
ORD-8444,2023-09-28,Mobile,1,2000.0,15172,9,2023,-13172.0,-658.6
ORD-8445,2023-09-15,Shoes,1,30000.0,4542,9,2023,25458.0,84.86
ORD-8446,2023-06-29,Shirt,1,50000.0,16529,6,2023,33471.0,66.94
ORD-8448,2024-01-08,Shirt,2,50000.0,9269,1,2024,40731.0,81.46
ORD-8449,2023-06-21,Mobile,3,30000.0,12090,6,2023,17910.0,59.7
ORD-8451,2023-10-01,Shirt,2,50000.0,22140,10,2023,27860.0,55.72
ORD-8452,2023-09-16,Shirt,1,50000.0,2224,9,2023,47776.0,95.55
ORD-8453,2023-05-15,Laptop,3,50000.0,13876,5,2023,36124.0,72.25
ORD-8455,2023-07-29,Shoes,1,50000.0,9756,7,2023,40244.0,80.49
ORD-8456,2023-08-24,Laptop,1,2000.0,3859,8,2023,-1859.0,-92.95
ORD-8457,2024-02-26,Mobile,1,30000.0,25877,2,2024,4123.0,13.74
ORD-8459,2023-07-05,Shoes,1,2000.0,13581,7,2023,-11581.0,-579.05
ORD-8460,2024-02-21,Shirt,2,50000.0,9300,2,2024,40700.0,81.4
ORD-8461,2023-12-30,Shoes,1,30000.0,3412,12,2023,26588.0,88.63
ORD-8462,2024-03-18,Mobile,1,50000.0,36415,3,2024,13585.0,27.17
ORD-8463,2023-04-05,Shoes,1,2000.0,28301,4,2023,-26301.0,-1315.05
ORD-8464,2024-01-13,Mobile,3,50000.0,14805,1,2024,35195.0,70.39
ORD-8466,2023-03-09,Mobile,3,2000.0,6804,3,2023,-4804.0,-240.2
ORD-8468,2023-07-29,Shirt,1,30000.0,21197,7,2023,8803.0,29.34
ORD-8471,2023-04-08,Mobile,1,50000.0,21029,4,2023,28971.0,57.94
ORD-8472,2023-04-03,Laptop,1,50000.0,28097,4,2023,21903.0,43.81
ORD-8473,2024-04-16,Shoes,1,2000.0,37185,4,2024,-35185.0,-1759.25
ORD-8474,2023-01-22,Shoes,2,30000.0,17395,1,2023,12605.0,42.02
ORD-8475,2024-03-25,Shoes,2,2000.0,23993,3,2024,-21993.0,-1099.65
ORD-8476,2023-06-21,Shoes,3,30000.0,20529,6,2023,9471.0,31.57
ORD-8477,2024-01-18,Shirt,1,30000.0,18258,1,2024,11742.0,39.14
ORD-8479,2024-03-01,Shirt,1,50000.0,8303,3,2024,41697.0,83.39
ORD-8480,2023-01-25,Mobile,3,30000.0,5650,1,2023,24350.0,81.17
ORD-8481,2023-07-04,Mobile,3,50000.0,13177,7,2023,36823.0,73.65
ORD-8482,2023-03-26,Laptop,3,30000.0,14747,3,2023,15253.0,50.84
ORD-8483,2023-02-24,Shoes,1,50000.0,32782,2,2023,17218.0,34.44
ORD-8484,2023-09-08,Mobile,1,2000.0,24181,9,2023,-22181.0,-1109.05
ORD-8485,2023-05-24,Shoes,3,50000.0,22823,5,2023,27177.0,54.35
ORD-8487,2024-02-02,Shoes,2,30000.0,14276,2,2024,15724.0,52.41
ORD-8489,2024-02-16,Shoes,1,30000.0,12963,2,2024,17037.0,56.79
ORD-8491,2023-08-08,Shirt,1,30000.0,15849,8,2023,14151.0,47.17
ORD-8492,2023-06-28,Shoes,1,50000.0,27082,6,2023,22918.0,45.84
ORD-8493,2023-04-29,Laptop,3,30000.0,4487,4,2023,25513.0,85.04
ORD-8496,2024-03-17,Shirt,2,30000.0,3390,3,2024,26610.0,88.7
ORD-8497,2024-03-04,Mobile,1,30000.0,37798,3,2024,-7798.0,-25.99
ORD-8498,2023-05-30,Shoes,1,2000.0,4438,5,2023,-2438.0,-121.9
ORD-8499,2024-02-20,Shirt,2,2000.0,36151,2,2024,-34151.0,-1707.55
ORD-8500,2024-03-28,Shirt,3,50000.0,37135,3,2024,12865.0,25.73
ORD-8501,2023-08-03,Mobile,3,50000.0,7167,8,2023,42833.0,85.67
ORD-8502,2023-07-16,Shirt,3,50000.0,14172,7,2023,35828.0,71.66
ORD-8503,2023-02-11,Mobile,1,50000.0,35233,2,2023,14767.0,29.53
ORD-8504,2023-02-22,Laptop,1,50000.0,37251,2,2023,12749.0,25.5
ORD-8505,2024-04-24,Shoes,1,30000.0,17957,4,2024,12043.0,40.14
ORD-8506,2024-03-18,Shirt,2,2000.0,31360,3,2024,-29360.0,-1468.0
ORD-8507,2023-11-26,Laptop,1,30000.0,1774,11,2023,28226.0,94.09
ORD-8508,2023-09-08,Shirt,3,2000.0,24414,9,2023,-22414.0,-1120.7
ORD-8509,2023-10-22,Shirt,3,2000.0,21722,10,2023,-19722.0,-986.1
ORD-8512,2024-03-30,Shirt,1,2000.0,28256,3,2024,-26256.0,-1312.8
ORD-8513,2024-02-17,Laptop,3,30000.0,22344,2,2024,7656.0,25.52
ORD-8514,2023-05-03,Shirt,2,2000.0,35988,5,2023,-33988.0,-1699.4
ORD-8515,2024-01-02,Mobile,1,50000.0,35207,1,2024,14793.0,29.59
ORD-8516,2024-01-22,Shirt,1,30000.0,9905,1,2024,20095.0,66.98
ORD-8517,2023-12-05,Shoes,1,30000.0,26151,12,2023,3849.0,12.83
ORD-8518,2023-09-23,Shirt,3,2000.0,23723,9,2023,-21723.0,-1086.15
ORD-8519,2023-12-14,Shoes,3,50000.0,39278,12,2023,10722.0,21.44
ORD-8520,2023-01-29,Shoes,1,2000.0,12173,1,2023,-10173.0,-508.65
ORD-8521,2024-04-07,Shirt,1,50000.0,14130,4,2024,35870.0,71.74
ORD-8522,2023-02-04,Laptop,2,30000.0,27952,2,2023,2048.0,6.83
ORD-8523,2023-01-06,Mobile,1,2000.0,11937,1,2023,-9937.0,-496.85
ORD-8524,2024-01-31,Mobile,3,50000.0,21534,1,2024,28466.0,56.93
ORD-8526,2023-10-21,Laptop,1,30000.0,25985,10,2023,4015.0,13.38
ORD-8527,2023-03-18,Laptop,3,30000.0,20391,3,2023,9609.0,32.03
ORD-8529,2023-05-27,Laptop,1,50000.0,7870,5,2023,42130.0,84.26
ORD-8530,2023-03-08,Shirt,1,30000.0,22518,3,2023,7482.0,24.94
ORD-8531,2024-01-27,Shirt,3,50000.0,38010,1,2024,11990.0,23.98
ORD-8533,2023-05-02,Shirt,3,2000.0,30720,5,2023,-28720.0,-1436.0
ORD-8534,2023-12-06,Shoes,1,30000.0,25162,12,2023,4838.0,16.13
ORD-8535,2023-06-24,Mobile,1,30000.0,10906,6,2023,19094.0,63.65
ORD-8536,2024-01-23,Shirt,1,50000.0,18581,1,2024,31419.0,62.84
ORD-8537,2023-06-28,Laptop,3,30000.0,32289,6,2023,-2289.0,-7.63
ORD-8538,2023-03-26,Mobile,1,2000.0,17205,3,2023,-15205.0,-760.25
ORD-8540,2023-02-14,Mobile,1,30000.0,28532,2,2023,1468.0,4.89
ORD-8542,2023-12-09,Shoes,1,50000.0,6220,12,2023,43780.0,87.56
ORD-8543,2023-01-16,Shoes,1,2000.0,20357,1,2023,-18357.0,-917.85
ORD-8544,2023-11-29,Shirt,3,30000.0,20549,11,2023,9451.0,31.5
ORD-8546,2024-05-10,Shirt,1,2000.0,1141,5,2024,859.0,42.95
ORD-8548,2023-11-12,Shirt,1,50000.0,21694,11,2023,28306.0,56.61
ORD-8549,2023-11-30,Shirt,1,2000.0,17863,11,2023,-15863.0,-793.15
ORD-8550,2023-11-29,Shirt,2,2000.0,3690,11,2023,-1690.0,-84.5
ORD-8551,2023-11-23,Shoes,1,50000.0,22320,11,2023,27680.0,55.36
ORD-8552,2023-01-15,Shirt,2,50000.0,3427,1,2023,46573.0,93.15
ORD-8553,2023-11-23,Laptop,2,30000.0,26419,11,2023,3581.0,11.94
ORD-8554,2023-04-12,Shirt,1,50000.0,36983,4,2023,13017.0,26.03
ORD-8555,2023-08-14,Mobile,2,50000.0,23365,8,2023,26635.0,53.27
ORD-8557,2023-10-05,Mobile,1,2000.0,21461,10,2023,-19461.0,-973.05
ORD-8559,2023-04-23,Mobile,2,50000.0,27469,4,2023,22531.0,45.06
ORD-8560,2024-04-29,Laptop,1,30000.0,28826,4,2024,1174.0,3.91
ORD-8563,2023-09-23,Laptop,1,2000.0,35122,9,2023,-33122.0,-1656.1
ORD-8564,2024-05-05,Shirt,2,2000.0,18677,5,2024,-16677.0,-833.85
ORD-8565,2023-07-27,Mobile,1,2000.0,20642,7,2023,-18642.0,-932.1
ORD-8566,2023-04-20,Shoes,3,30000.0,3713,4,2023,26287.0,87.62
ORD-8567,2023-07-19,Laptop,1,30000.0,9595,7,2023,20405.0,68.02
ORD-8568,2024-03-15,Mobile,3,50000.0,14779,3,2024,35221.0,70.44
ORD-8569,2024-01-04,Laptop,1,50000.0,13164,1,2024,36836.0,73.67
ORD-8570,2024-04-17,Shoes,1,2000.0,2546,4,2024,-546.0,-27.3
ORD-8572,2023-01-12,Laptop,1,2000.0,27428,1,2023,-25428.0,-1271.4
ORD-8573,2023-12-11,Mobile,3,50000.0,37974,12,2023,12026.0,24.05
ORD-8575,2023-07-07,Laptop,1,50000.0,26388,7,2023,23612.0,47.22
ORD-8576,2023-06-03,Shoes,1,30000.0,37142,6,2023,-7142.0,-23.81
ORD-8577,2024-05-08,Laptop,3,2000.0,26505,5,2024,-24505.0,-1225.25
ORD-8578,2024-01-03,Laptop,1,2000.0,14173,1,2024,-12173.0,-608.65
ORD-8580,2024-02-29,Mobile,1,2000.0,29651,2,2024,-27651.0,-1382.55
ORD-8581,2024-02-24,Shoes,2,50000.0,24318,2,2024,25682.0,51.36
ORD-8582,2024-01-12,Mobile,1,50000.0,15627,1,2024,34373.0,68.75
ORD-8583,2023-10-06,Mobile,2,30000.0,7078,10,2023,22922.0,76.41
ORD-8584,2023-06-20,Mobile,3,50000.0,37091,6,2023,12909.0,25.82
ORD-8586,2024-05-09,Shirt,3,50000.0,15444,5,2024,34556.0,69.11
ORD-8587,2024-03-28,Laptop,1,30000.0,18747,3,2024,11253.0,37.51
ORD-8588,2024-03-02,Shoes,1,30000.0,28471,3,2024,1529.0,5.1
ORD-8589,2023-01-25,Shirt,2,2000.0,10229,1,2023,-8229.0,-411.45
ORD-8591,2023-07-09,Shirt,1,50000.0,25335,7,2023,24665.0,49.33
ORD-8592,2023-05-21,Shoes,2,30000.0,3090,5,2023,26910.0,89.7
ORD-8593,2023-02-12,Laptop,2,50000.0,33368,2,2023,16632.0,33.26
ORD-8594,2023-11-30,Laptop,2,30000.0,11944,11,2023,18056.0,60.19
ORD-8595,2023-10-11,Mobile,1,2000.0,32752,10,2023,-30752.0,-1537.6
ORD-8596,2023-05-26,Laptop,3,30000.0,33916,5,2023,-3916.0,-13.05
ORD-8597,2023-11-11,Laptop,1,2000.0,21817,11,2023,-19817.0,-990.85
ORD-8599,2023-11-15,Shirt,1,50000.0,2133,11,2023,47867.0,95.73
ORD-8600,2024-03-16,Laptop,1,50000.0,29670,3,2024,20330.0,40.66
ORD-8601,2023-04-02,Shoes,3,2000.0,36974,4,2023,-34974.0,-1748.7
ORD-8603,2023-02-25,Mobile,1,2000.0,29755,2,2023,-27755.0,-1387.75
ORD-8604,2023-06-04,Shoes,1,30000.0,25802,6,2023,4198.0,13.99
ORD-8605,2023-06-09,Mobile,1,2000.0,4106,6,2023,-2106.0,-105.3
ORD-8607,2023-05-17,Mobile,1,30000.0,10658,5,2023,19342.0,64.47
ORD-8608,2023-08-20,Shoes,2,50000.0,17340,8,2023,32660.0,65.32
ORD-8609,2024-04-24,Shirt,2,50000.0,9461,4,2024,40539.0,81.08
ORD-8610,2024-04-12,Shirt,3,50000.0,23933,4,2024,26067.0,52.13
ORD-8616,2024-04-26,Shoes,1,30000.0,25717,4,2024,4283.0,14.28
ORD-8617,2024-05-10,Laptop,2,2000.0,39543,5,2024,-37543.0,-1877.15
ORD-8618,2023-11-19,Mobile,3,50000.0,18331,11,2023,31669.0,63.34
ORD-8620,2024-01-27,Shoes,3,50000.0,22399,1,2024,27601.0,55.2
ORD-8622,2024-04-08,Shoes,3,50000.0,3496,4,2024,46504.0,93.01
ORD-8623,2023-10-07,Mobile,2,2000.0,31985,10,2023,-29985.0,-1499.25
ORD-8624,2024-03-07,Mobile,3,50000.0,20946,3,2024,29054.0,58.11
ORD-8625,2024-05-01,Shoes,1,50000.0,22434,5,2024,27566.0,55.13
ORD-8627,2024-03-04,Mobile,2,30000.0,34310,3,2024,-4310.0,-14.37
ORD-8628,2023-09-26,Mobile,3,30000.0,11871,9,2023,18129.0,60.43
ORD-8629,2023-07-16,Mobile,1,50000.0,14390,7,2023,35610.0,71.22
ORD-8630,2023-01-25,Shirt,1,30000.0,12146,1,2023,17854.0,59.51
ORD-8631,2023-05-28,Mobile,3,2000.0,25107,5,2023,-23107.0,-1155.35
ORD-8632,2023-04-28,Shoes,1,2000.0,16479,4,2023,-14479.0,-723.95
ORD-8633,2023-12-04,Shirt,2,30000.0,12183,12,2023,17817.0,59.39
ORD-8634,2024-01-02,Mobile,2,30000.0,19996,1,2024,10004.0,33.35
ORD-8635,2023-12-04,Shoes,1,2000.0,29224,12,2023,-27224.0,-1361.2
ORD-8636,2023-03-07,Laptop,2,30000.0,11309,3,2023,18691.0,62.3
ORD-8637,2024-04-02,Shirt,1,30000.0,17173,4,2024,12827.0,42.76
ORD-8640,2023-06-24,Shoes,2,30000.0,28424,6,2023,1576.0,5.25
ORD-8641,2023-11-15,Mobile,1,30000.0,23707,11,2023,6293.0,20.98
ORD-8644,2024-04-05,Mobile,3,30000.0,38554,4,2024,-8554.0,-28.51
ORD-8646,2023-04-21,Laptop,3,2000.0,22613,4,2023,-20613.0,-1030.65
ORD-8647,2023-09-06,Shoes,1,50000.0,20879,9,2023,29121.0,58.24
ORD-8648,2024-03-14,Shoes,1,2000.0,7078,3,2024,-5078.0,-253.9
ORD-8650,2023-05-27,Mobile,1,2000.0,28941,5,2023,-26941.0,-1347.05
ORD-8651,2023-02-04,Mobile,2,50000.0,2416,2,2023,47584.0,95.17
ORD-8653,2023-11-05,Shirt,3,2000.0,26425,11,2023,-24425.0,-1221.25
ORD-8654,2023-01-26,Shoes,3,2000.0,34675,1,2023,-32675.0,-1633.75
ORD-8655,2023-08-26,Shoes,3,50000.0,9507,8,2023,40493.0,80.99
ORD-8657,2024-01-09,Shoes,1,30000.0,29698,1,2024,302.0,1.01
ORD-8659,2024-03-03,Laptop,2,50000.0,39719,3,2024,10281.0,20.56
ORD-8660,2023-08-04,Shirt,1,50000.0,5344,8,2023,44656.0,89.31
ORD-8661,2023-08-21,Laptop,1,50000.0,31992,8,2023,18008.0,36.02
ORD-8662,2023-07-12,Shirt,1,50000.0,10993,7,2023,39007.0,78.01
ORD-8663,2023-02-20,Laptop,2,30000.0,20006,2,2023,9994.0,33.31
ORD-8666,2023-08-02,Mobile,3,2000.0,11068,8,2023,-9068.0,-453.4
ORD-8667,2023-05-31,Mobile,2,30000.0,18909,5,2023,11091.0,36.97
ORD-8668,2024-03-15,Mobile,1,30000.0,32335,3,2024,-2335.0,-7.78
ORD-8669,2023-10-02,Laptop,2,2000.0,35184,10,2023,-33184.0,-1659.2
ORD-8670,2023-12-04,Shoes,1,2000.0,2794,12,2023,-794.0,-39.7
ORD-8674,2023-12-14,Mobile,2,30000.0,29780,12,2023,220.0,0.73
ORD-8675,2024-03-19,Shoes,3,30000.0,38844,3,2024,-8844.0,-29.48
ORD-8676,2023-07-06,Laptop,1,2000.0,7369,7,2023,-5369.0,-268.45
ORD-8677,2023-10-16,Laptop,1,50000.0,6826,10,2023,43174.0,86.35
ORD-8678,2024-02-07,Mobile,1,50000.0,3192,2,2024,46808.0,93.62
ORD-8679,2023-01-28,Shirt,3,50000.0,20920,1,2023,29080.0,58.16
ORD-8680,2024-01-14,Laptop,1,50000.0,24683,1,2024,25317.0,50.63
ORD-8681,2023-06-29,Shoes,3,50000.0,26692,6,2023,23308.0,46.62
ORD-8683,2023-05-06,Laptop,3,2000.0,25255,5,2023,-23255.0,-1162.75
ORD-8684,2023-06-26,Laptop,2,50000.0,17917,6,2023,32083.0,64.17
ORD-8685,2023-02-06,Shirt,2,50000.0,10409,2,2023,39591.0,79.18
ORD-8686,2024-02-14,Shoes,2,50000.0,16529,2,2024,33471.0,66.94
ORD-8688,2023-04-08,Laptop,3,50000.0,12180,4,2023,37820.0,75.64
ORD-8689,2023-05-07,Shoes,3,2000.0,22735,5,2023,-20735.0,-1036.75
ORD-8692,2023-03-21,Laptop,1,30000.0,11136,3,2023,18864.0,62.88
ORD-8693,2023-10-21,Shirt,2,30000.0,12291,10,2023,17709.0,59.03
ORD-8695,2023-05-06,Mobile,2,50000.0,13021,5,2023,36979.0,73.96
ORD-8696,2023-12-09,Shirt,3,50000.0,5114,12,2023,44886.0,89.77
ORD-8697,2023-11-06,Shoes,2,50000.0,3584,11,2023,46416.0,92.83
ORD-8698,2023-05-30,Laptop,1,50000.0,10740,5,2023,39260.0,78.52
ORD-8699,2023-01-16,Shoes,2,30000.0,35256,1,2023,-5256.0,-17.52
ORD-8700,2023-01-28,Shirt,2,2000.0,21043,1,2023,-19043.0,-952.15
ORD-8702,2024-02-23,Laptop,1,50000.0,14319,2,2024,35681.0,71.36
ORD-8703,2024-03-19,Laptop,3,30000.0,33995,3,2024,-3995.0,-13.32
ORD-8704,2023-06-22,Mobile,1,2000.0,21855,6,2023,-19855.0,-992.75
ORD-8708,2024-03-14,Shirt,1,50000.0,15850,3,2024,34150.0,68.3
ORD-8710,2023-03-26,Shoes,1,50000.0,15094,3,2023,34906.0,69.81
ORD-8711,2023-10-09,Mobile,2,2000.0,13988,10,2023,-11988.0,-599.4
ORD-8712,2023-08-20,Laptop,3,30000.0,14198,8,2023,15802.0,52.67
ORD-8713,2023-03-26,Laptop,1,30000.0,1698,3,2023,28302.0,94.34
ORD-8714,2024-02-13,Shoes,3,30000.0,1437,2,2024,28563.0,95.21
ORD-8716,2023-03-06,Mobile,1,30000.0,16995,3,2023,13005.0,43.35
ORD-8717,2023-05-14,Shirt,3,2000.0,39948,5,2023,-37948.0,-1897.4
ORD-8718,2023-05-31,Shirt,1,50000.0,10876,5,2023,39124.0,78.25
ORD-8719,2023-04-25,Laptop,1,30000.0,19537,4,2023,10463.0,34.88
ORD-8720,2023-03-05,Mobile,1,50000.0,13902,3,2023,36098.0,72.2
ORD-8721,2023-12-09,Shirt,1,50000.0,23759,12,2023,26241.0,52.48
ORD-8722,2024-03-02,Shoes,1,30000.0,28490,3,2024,1510.0,5.03
ORD-8723,2023-12-29,Shoes,2,30000.0,22520,12,2023,7480.0,24.93
ORD-8724,2024-02-11,Laptop,1,30000.0,6278,2,2024,23722.0,79.07
ORD-8726,2023-06-07,Shoes,1,30000.0,11031,6,2023,18969.0,63.23
ORD-8728,2024-05-05,Shoes,1,2000.0,21604,5,2024,-19604.0,-980.2
ORD-8729,2023-05-26,Shoes,1,50000.0,26919,5,2023,23081.0,46.16
ORD-8730,2023-12-09,Shirt,2,2000.0,22154,12,2023,-20154.0,-1007.7
ORD-8731,2024-04-07,Laptop,1,30000.0,9906,4,2024,20094.0,66.98
ORD-8732,2023-08-13,Laptop,2,50000.0,15298,8,2023,34702.0,69.4
ORD-8733,2024-02-09,Mobile,3,30000.0,2347,2,2024,27653.0,92.18
ORD-8734,2023-11-09,Shoes,3,30000.0,6008,11,2023,23992.0,79.97
ORD-8735,2023-04-13,Shirt,1,50000.0,25553,4,2023,24447.0,48.89
ORD-8736,2024-02-11,Mobile,1,2000.0,28018,2,2024,-26018.0,-1300.9
ORD-8737,2023-12-13,Laptop,1,30000.0,5868,12,2023,24132.0,80.44
ORD-8738,2023-10-28,Laptop,1,50000.0,31905,10,2023,18095.0,36.19
ORD-8739,2024-03-03,Shirt,2,2000.0,4960,3,2024,-2960.0,-148.0
ORD-8741,2023-03-29,Mobile,2,2000.0,3505,3,2023,-1505.0,-75.25
ORD-8742,2024-01-06,Shirt,1,2000.0,24759,1,2024,-22759.0,-1137.95
ORD-8743,2023-10-30,Shirt,1,50000.0,19121,10,2023,30879.0,61.76
ORD-8744,2023-06-17,Mobile,1,2000.0,20063,6,2023,-18063.0,-903.15
ORD-8747,2023-05-15,Laptop,3,30000.0,14081,5,2023,15919.0,53.06
ORD-8749,2024-03-07,Mobile,1,30000.0,31961,3,2024,-1961.0,-6.54
ORD-8751,2023-12-13,Shoes,3,2000.0,34844,12,2023,-32844.0,-1642.2
ORD-8752,2023-05-14,Mobile,1,30000.0,15088,5,2023,14912.0,49.71
ORD-8754,2023-05-17,Laptop,3,2000.0,39439,5,2023,-37439.0,-1871.95
ORD-8755,2023-09-02,Laptop,1,2000.0,23148,9,2023,-21148.0,-1057.4
ORD-8756,2023-04-19,Mobile,1,30000.0,38742,4,2023,-8742.0,-29.14
ORD-8757,2023-11-09,Mobile,1,50000.0,37295,11,2023,12705.0,25.41
ORD-8758,2023-10-14,Shirt,1,2000.0,34843,10,2023,-32843.0,-1642.15
ORD-8759,2023-01-21,Shirt,2,2000.0,21432,1,2023,-19432.0,-971.6
ORD-8760,2023-03-31,Mobile,3,50000.0,17712,3,2023,32288.0,64.58
ORD-8761,2023-10-23,Mobile,3,30000.0,15433,10,2023,14567.0,48.56
ORD-8764,2023-03-18,Shirt,1,2000.0,18386,3,2023,-16386.0,-819.3
ORD-8765,2023-06-26,Laptop,3,50000.0,26152,6,2023,23848.0,47.7
ORD-8766,2023-12-09,Shoes,3,2000.0,25902,12,2023,-23902.0,-1195.1
ORD-8767,2023-05-28,Shirt,1,30000.0,33662,5,2023,-3662.0,-12.21
ORD-8768,2023-04-11,Shirt,1,2000.0,15702,4,2023,-13702.0,-685.1
ORD-8770,2023-04-27,Shoes,2,50000.0,27857,4,2023,22143.0,44.29
ORD-8771,2023-04-02,Shirt,1,30000.0,19764,4,2023,10236.0,34.12
ORD-8772,2024-02-05,Mobile,2,2000.0,9686,2,2024,-7686.0,-384.3
ORD-8774,2024-02-29,Laptop,1,2000.0,26729,2,2024,-24729.0,-1236.45
ORD-8776,2023-01-25,Laptop,1,50000.0,3142,1,2023,46858.0,93.72
ORD-8777,2023-02-27,Shirt,2,30000.0,20772,2,2023,9228.0,30.76
ORD-8778,2024-05-12,Shoes,1,2000.0,26377,5,2024,-24377.0,-1218.85
ORD-8779,2023-10-24,Mobile,1,30000.0,1207,10,2023,28793.0,95.98
ORD-8780,2023-05-14,Laptop,3,50000.0,11846,5,2023,38154.0,76.31
ORD-8782,2023-09-06,Mobile,1,50000.0,25711,9,2023,24289.0,48.58
ORD-8783,2023-02-07,Laptop,1,50000.0,38124,2,2023,11876.0,23.75
ORD-8784,2024-01-25,Mobile,1,30000.0,26746,1,2024,3254.0,10.85
ORD-8785,2024-03-04,Mobile,1,50000.0,7024,3,2024,42976.0,85.95
ORD-8786,2023-03-16,Shoes,1,2000.0,31392,3,2023,-29392.0,-1469.6
ORD-8788,2023-11-18,Laptop,2,50000.0,23759,11,2023,26241.0,52.48
ORD-8789,2023-06-17,Shoes,1,2000.0,27724,6,2023,-25724.0,-1286.2
ORD-8791,2024-01-08,Shirt,3,30000.0,26021,1,2024,3979.0,13.26
ORD-8793,2023-08-13,Shirt,2,30000.0,34211,8,2023,-4211.0,-14.04
ORD-8795,2023-01-19,Laptop,1,50000.0,20986,1,2023,29014.0,58.03
ORD-8796,2023-05-26,Mobile,1,30000.0,19320,5,2023,10680.0,35.6
ORD-8797,2024-03-23,Shoes,2,30000.0,37951,3,2024,-7951.0,-26.5
ORD-8798,2023-08-29,Laptop,1,30000.0,39569,8,2023,-9569.0,-31.9
ORD-8799,2024-01-07,Shoes,1,50000.0,17021,1,2024,32979.0,65.96
ORD-8800,2024-01-16,Shoes,3,50000.0,22199,1,2024,27801.0,55.6
ORD-8803,2023-02-04,Laptop,2,50000.0,6402,2,2023,43598.0,87.2
ORD-8804,2023-07-09,Laptop,3,50000.0,24371,7,2023,25629.0,51.26
ORD-8805,2023-01-01,Laptop,3,30000.0,38549,1,2023,-8549.0,-28.5
ORD-8808,2024-03-04,Mobile,1,30000.0,18587,3,2024,11413.0,38.04
ORD-8809,2024-03-08,Mobile,3,30000.0,38824,3,2024,-8824.0,-29.41
ORD-8810,2023-05-06,Shoes,1,30000.0,8057,5,2023,21943.0,73.14
ORD-8811,2024-05-05,Laptop,1,2000.0,13099,5,2024,-11099.0,-554.95
ORD-8812,2024-04-26,Laptop,2,2000.0,23097,4,2024,-21097.0,-1054.85
ORD-8813,2023-12-11,Shirt,3,50000.0,6183,12,2023,43817.0,87.63
ORD-8815,2023-08-14,Shoes,1,30000.0,32060,8,2023,-2060.0,-6.87
ORD-8816,2023-08-09,Laptop,3,30000.0,17696,8,2023,12304.0,41.01
ORD-8818,2024-02-11,Shirt,1,2000.0,18912,2,2024,-16912.0,-845.6
ORD-8820,2023-01-25,Mobile,1,50000.0,22880,1,2023,27120.0,54.24
ORD-8821,2023-01-16,Shirt,1,2000.0,16760,1,2023,-14760.0,-738.0
ORD-8824,2023-11-25,Shoes,2,50000.0,34166,11,2023,15834.0,31.67
ORD-8826,2023-02-11,Laptop,1,2000.0,19326,2,2023,-17326.0,-866.3
ORD-8827,2024-02-07,Shirt,1,30000.0,28706,2,2024,1294.0,4.31
ORD-8828,2024-04-25,Shoes,3,30000.0,34007,4,2024,-4007.0,-13.36
ORD-8829,2024-02-22,Shoes,2,30000.0,27934,2,2024,2066.0,6.89
ORD-8830,2023-12-02,Shirt,3,2000.0,34439,12,2023,-32439.0,-1621.95
ORD-8835,2023-02-03,Mobile,2,30000.0,21532,2,2023,8468.0,28.23
ORD-8836,2023-12-11,Shoes,2,2000.0,34855,12,2023,-32855.0,-1642.75
ORD-8837,2024-01-16,Shirt,1,50000.0,7776,1,2024,42224.0,84.45
ORD-8838,2023-02-14,Laptop,3,2000.0,10334,2,2023,-8334.0,-416.7
ORD-8841,2023-05-02,Mobile,2,2000.0,29831,5,2023,-27831.0,-1391.55
ORD-8842,2023-03-11,Mobile,3,2000.0,24665,3,2023,-22665.0,-1133.25
ORD-8843,2023-12-18,Mobile,2,30000.0,30205,12,2023,-205.0,-0.68
ORD-8845,2023-02-17,Shoes,1,2000.0,2028,2,2023,-28.0,-1.4
ORD-8847,2023-02-08,Shirt,1,2000.0,22435,2,2023,-20435.0,-1021.75
ORD-8849,2024-05-04,Shirt,1,2000.0,38362,5,2024,-36362.0,-1818.1
ORD-8851,2023-01-30,Mobile,1,50000.0,14394,1,2023,35606.0,71.21
ORD-8852,2023-09-01,Mobile,1,30000.0,35623,9,2023,-5623.0,-18.74
ORD-8853,2023-10-01,Mobile,3,50000.0,31748,10,2023,18252.0,36.5
ORD-8854,2024-03-19,Mobile,1,30000.0,32724,3,2024,-2724.0,-9.08
ORD-8855,2023-03-29,Mobile,2,30000.0,27582,3,2023,2418.0,8.06
ORD-8856,2023-09-01,Laptop,2,2000.0,14597,9,2023,-12597.0,-629.85
ORD-8857,2024-01-16,Laptop,2,50000.0,10880,1,2024,39120.0,78.24
ORD-8858,2023-11-25,Laptop,1,30000.0,21815,11,2023,8185.0,27.28
ORD-8860,2023-01-15,Shoes,2,2000.0,23840,1,2023,-21840.0,-1092.0
ORD-8861,2023-01-04,Mobile,1,2000.0,13886,1,2023,-11886.0,-594.3
ORD-8864,2023-01-09,Mobile,1,30000.0,7514,1,2023,22486.0,74.95
ORD-8866,2023-05-17,Mobile,1,2000.0,6349,5,2023,-4349.0,-217.45
ORD-8868,2024-01-23,Shoes,1,50000.0,7616,1,2024,42384.0,84.77
ORD-8869,2023-07-28,Shoes,2,2000.0,35764,7,2023,-33764.0,-1688.2
ORD-8871,2023-05-23,Shirt,3,2000.0,27712,5,2023,-25712.0,-1285.6
ORD-8872,2023-04-09,Shoes,2,30000.0,19471,4,2023,10529.0,35.1
ORD-8873,2024-01-12,Laptop,1,50000.0,26256,1,2024,23744.0,47.49
ORD-8874,2023-11-04,Mobile,1,30000.0,34142,11,2023,-4142.0,-13.81
ORD-8875,2023-03-10,Mobile,2,50000.0,4045,3,2023,45955.0,91.91
ORD-8877,2023-09-18,Shoes,2,2000.0,30713,9,2023,-28713.0,-1435.65
ORD-8879,2023-03-20,Laptop,1,30000.0,23659,3,2023,6341.0,21.14
ORD-8880,2023-05-26,Mobile,3,2000.0,39717,5,2023,-37717.0,-1885.85
ORD-8883,2023-04-03,Shoes,1,2000.0,24030,4,2023,-22030.0,-1101.5
ORD-8884,2023-01-13,Laptop,1,2000.0,34046,1,2023,-32046.0,-1602.3
ORD-8885,2023-09-17,Shirt,2,30000.0,2405,9,2023,27595.0,91.98
ORD-8886,2024-03-01,Shirt,1,50000.0,8150,3,2024,41850.0,83.7
ORD-8887,2023-04-19,Mobile,2,50000.0,30623,4,2023,19377.0,38.75
ORD-8888,2023-11-26,Laptop,1,2000.0,18716,11,2023,-16716.0,-835.8
ORD-8889,2023-07-08,Shirt,1,50000.0,9065,7,2023,40935.0,81.87
ORD-8890,2023-04-05,Shirt,1,30000.0,13564,4,2023,16436.0,54.79
ORD-8891,2023-04-15,Mobile,1,50000.0,20531,4,2023,29469.0,58.94
ORD-8892,2023-01-08,Laptop,1,2000.0,4449,1,2023,-2449.0,-122.45
ORD-8893,2023-03-08,Shirt,2,30000.0,34200,3,2023,-4200.0,-14.0
ORD-8894,2024-05-10,Shoes,3,2000.0,34777,5,2024,-32777.0,-1638.85
ORD-8895,2023-07-10,Shoes,1,30000.0,8279,7,2023,21721.0,72.4
ORD-8896,2024-01-01,Mobile,1,30000.0,6191,1,2024,23809.0,79.36
ORD-8897,2023-09-13,Mobile,2,2000.0,9508,9,2023,-7508.0,-375.4
ORD-8899,2024-04-22,Mobile,1,2000.0,5216,4,2024,-3216.0,-160.8
ORD-8900,2023-04-27,Shirt,3,30000.0,2365,4,2023,27635.0,92.12
ORD-8901,2023-09-24,Laptop,1,2000.0,10127,9,2023,-8127.0,-406.35
ORD-8902,2023-04-09,Mobile,1,2000.0,20902,4,2023,-18902.0,-945.1
ORD-8903,2024-04-29,Mobile,1,30000.0,36536,4,2024,-6536.0,-21.79
ORD-8904,2023-10-25,Shirt,3,50000.0,1495,10,2023,48505.0,97.01
ORD-8905,2024-02-01,Mobile,2,30000.0,4592,2,2024,25408.0,84.69
ORD-8906,2023-06-13,Mobile,2,2000.0,3232,6,2023,-1232.0,-61.6
ORD-8907,2024-01-11,Laptop,1,30000.0,20319,1,2024,9681.0,32.27
ORD-8908,2023-05-21,Shoes,2,30000.0,15667,5,2023,14333.0,47.78
ORD-8909,2023-09-25,Mobile,2,50000.0,14000,9,2023,36000.0,72.0
ORD-8911,2023-03-15,Laptop,3,2000.0,5445,3,2023,-3445.0,-172.25
ORD-8912,2023-03-14,Shirt,3,2000.0,36135,3,2023,-34135.0,-1706.75
ORD-8913,2023-11-04,Laptop,2,50000.0,11776,11,2023,38224.0,76.45
ORD-8914,2023-07-18,Laptop,1,30000.0,18289,7,2023,11711.0,39.04
ORD-8916,2023-09-03,Mobile,1,2000.0,8900,9,2023,-6900.0,-345.0
ORD-8919,2023-10-06,Shoes,1,30000.0,28156,10,2023,1844.0,6.15
ORD-8920,2023-04-13,Shirt,2,30000.0,38365,4,2023,-8365.0,-27.88
ORD-8921,2023-10-23,Mobile,2,30000.0,25037,10,2023,4963.0,16.54
ORD-8922,2023-11-16,Shoes,1,2000.0,6009,11,2023,-4009.0,-200.45
ORD-8925,2023-05-31,Shoes,2,2000.0,39056,5,2023,-37056.0,-1852.8
ORD-8926,2023-06-06,Laptop,1,50000.0,39904,6,2023,10096.0,20.19
ORD-8927,2023-07-25,Mobile,1,30000.0,12195,7,2023,17805.0,59.35
ORD-8928,2024-04-18,Mobile,3,2000.0,27248,4,2024,-25248.0,-1262.4
ORD-8929,2023-06-28,Shoes,1,30000.0,27226,6,2023,2774.0,9.25
ORD-8931,2023-08-11,Shoes,2,2000.0,11666,8,2023,-9666.0,-483.3
ORD-8932,2023-03-30,Mobile,3,50000.0,21379,3,2023,28621.0,57.24
ORD-8933,2023-10-14,Laptop,1,30000.0,32709,10,2023,-2709.0,-9.03
ORD-8936,2023-08-24,Shirt,3,50000.0,26853,8,2023,23147.0,46.29
ORD-8937,2023-07-02,Mobile,1,50000.0,35195,7,2023,14805.0,29.61
ORD-8938,2023-07-28,Mobile,1,30000.0,22997,7,2023,7003.0,23.34
ORD-8940,2023-05-10,Laptop,3,50000.0,35114,5,2023,14886.0,29.77
ORD-8941,2023-06-02,Mobile,1,2000.0,30871,6,2023,-28871.0,-1443.55
ORD-8942,2023-01-13,Mobile,1,50000.0,2961,1,2023,47039.0,94.08
ORD-8943,2023-05-02,Shoes,1,2000.0,38380,5,2023,-36380.0,-1819.0
ORD-8945,2023-08-08,Laptop,2,30000.0,16168,8,2023,13832.0,46.11
ORD-8950,2023-07-05,Shoes,1,30000.0,5902,7,2023,24098.0,80.33
ORD-8951,2023-04-09,Laptop,1,50000.0,2496,4,2023,47504.0,95.01
ORD-8952,2023-03-23,Mobile,1,30000.0,28664,3,2023,1336.0,4.45
ORD-8953,2023-03-16,Mobile,3,30000.0,5582,3,2023,24418.0,81.39
ORD-8954,2024-01-09,Shirt,1,30000.0,30482,1,2024,-482.0,-1.61
ORD-8955,2023-12-06,Laptop,3,30000.0,35811,12,2023,-5811.0,-19.37
ORD-8956,2023-07-11,Laptop,3,50000.0,37144,7,2023,12856.0,25.71
ORD-8958,2024-04-11,Shirt,1,50000.0,18218,4,2024,31782.0,63.56
ORD-8959,2023-08-02,Mobile,1,50000.0,18007,8,2023,31993.0,63.99
ORD-8961,2024-03-19,Shirt,2,50000.0,30827,3,2024,19173.0,38.35
ORD-8962,2024-04-11,Shoes,2,30000.0,39208,4,2024,-9208.0,-30.69
ORD-8963,2024-01-17,Mobile,3,30000.0,34264,1,2024,-4264.0,-14.21
ORD-8967,2024-01-19,Laptop,1,30000.0,17926,1,2024,12074.0,40.25
ORD-8969,2023-12-27,Shoes,2,50000.0,19185,12,2023,30815.0,61.63
ORD-8970,2023-11-20,Laptop,3,50000.0,12274,11,2023,37726.0,75.45
ORD-8971,2023-01-15,Shoes,2,2000.0,34947,1,2023,-32947.0,-1647.35
ORD-8972,2023-08-05,Shirt,1,2000.0,35839,8,2023,-33839.0,-1691.95
ORD-8974,2024-03-14,Shirt,1,2000.0,31288,3,2024,-29288.0,-1464.4
ORD-8975,2023-02-04,Laptop,1,30000.0,26892,2,2023,3108.0,10.36
ORD-8976,2023-07-02,Mobile,1,30000.0,26682,7,2023,3318.0,11.06
ORD-8977,2023-09-27,Laptop,1,50000.0,2589,9,2023,47411.0,94.82
ORD-8978,2024-03-08,Laptop,3,50000.0,31809,3,2024,18191.0,36.38
ORD-8979,2024-04-11,Mobile,3,2000.0,19870,4,2024,-17870.0,-893.5
ORD-8980,2023-12-24,Mobile,2,2000.0,9679,12,2023,-7679.0,-383.95
ORD-8981,2023-04-10,Mobile,1,30000.0,9803,4,2023,20197.0,67.32
ORD-8982,2023-01-07,Mobile,1,50000.0,28650,1,2023,21350.0,42.7
ORD-8983,2023-01-30,Laptop,1,2000.0,10529,1,2023,-8529.0,-426.45
ORD-8984,2024-04-11,Shoes,1,30000.0,29998,4,2024,2.0,0.01
ORD-8985,2023-11-01,Shirt,2,50000.0,11392,11,2023,38608.0,77.22
ORD-8986,2024-04-17,Shoes,1,30000.0,38265,4,2024,-8265.0,-27.55
ORD-8987,2023-05-24,Laptop,1,30000.0,5583,5,2023,24417.0,81.39
ORD-8988,2023-04-21,Mobile,3,50000.0,27690,4,2023,22310.0,44.62
ORD-8989,2023-08-20,Shirt,1,30000.0,11328,8,2023,18672.0,62.24
ORD-8990,2023-06-28,Shirt,1,2000.0,22638,6,2023,-20638.0,-1031.9
ORD-8991,2023-03-13,Shoes,3,30000.0,17238,3,2023,12762.0,42.54
ORD-8992,2023-07-29,Laptop,1,2000.0,23955,7,2023,-21955.0,-1097.75
ORD-8996,2023-03-24,Shoes,2,30000.0,17761,3,2023,12239.0,40.8
ORD-8999,2023-07-10,Mobile,2,30000.0,12176,7,2023,17824.0,59.41
ORD-9000,2023-06-22,Shoes,1,50000.0,39709,6,2023,10291.0,20.58
ORD-9001,2024-04-05,Mobile,1,30000.0,34914,4,2024,-4914.0,-16.38
ORD-9002,2023-01-07,Laptop,3,2000.0,26639,1,2023,-24639.0,-1231.95
ORD-9003,2023-06-04,Shirt,1,30000.0,3216,6,2023,26784.0,89.28
ORD-9004,2023-01-10,Shoes,1,50000.0,28415,1,2023,21585.0,43.17
ORD-9006,2023-02-05,Shoes,1,30000.0,39217,2,2023,-9217.0,-30.72
ORD-9008,2023-01-06,Shoes,2,2000.0,18900,1,2023,-16900.0,-845.0
ORD-9009,2024-02-12,Laptop,1,50000.0,12242,2,2024,37758.0,75.52
ORD-9014,2023-05-06,Laptop,1,30000.0,15978,5,2023,14022.0,46.74
ORD-9015,2024-02-13,Shirt,2,50000.0,14606,2,2024,35394.0,70.79
ORD-9016,2024-03-14,Mobile,1,50000.0,33031,3,2024,16969.0,33.94
ORD-9018,2023-06-23,Laptop,1,50000.0,3548,6,2023,46452.0,92.9
ORD-9020,2023-11-27,Mobile,3,2000.0,13849,11,2023,-11849.0,-592.45
ORD-9021,2023-01-26,Laptop,2,2000.0,5608,1,2023,-3608.0,-180.4
ORD-9022,2024-01-18,Mobile,2,2000.0,26091,1,2024,-24091.0,-1204.55
ORD-9023,2023-04-25,Shirt,3,50000.0,7745,4,2023,42255.0,84.51
ORD-9025,2024-04-26,Mobile,2,30000.0,39049,4,2024,-9049.0,-30.16
ORD-9026,2023-10-11,Shirt,1,30000.0,38530,10,2023,-8530.0,-28.43
ORD-9027,2024-01-22,Shoes,1,2000.0,31222,1,2024,-29222.0,-1461.1
ORD-9028,2023-03-16,Shoes,1,2000.0,10640,3,2023,-8640.0,-432.0
ORD-9029,2023-06-15,Laptop,2,50000.0,34734,6,2023,15266.0,30.53
ORD-9030,2023-07-08,Shoes,3,30000.0,23078,7,2023,6922.0,23.07
ORD-9031,2023-03-19,Mobile,2,50000.0,33875,3,2023,16125.0,32.25
ORD-9032,2024-03-10,Mobile,3,2000.0,24565,3,2024,-22565.0,-1128.25
ORD-9036,2023-02-23,Mobile,2,2000.0,33408,2,2023,-31408.0,-1570.4
ORD-9037,2023-07-03,Laptop,1,50000.0,23892,7,2023,26108.0,52.22
ORD-9039,2023-08-10,Shoes,1,30000.0,4500,8,2023,25500.0,85.0
ORD-9040,2023-11-11,Shirt,3,30000.0,13546,11,2023,16454.0,54.85
ORD-9041,2023-11-24,Laptop,2,2000.0,16042,11,2023,-14042.0,-702.1
ORD-9042,2023-06-28,Laptop,1,30000.0,39838,6,2023,-9838.0,-32.79
ORD-9043,2023-10-03,Shirt,1,30000.0,39153,10,2023,-9153.0,-30.51
ORD-9044,2023-04-22,Laptop,2,2000.0,1229,4,2023,771.0,38.55
ORD-9045,2023-08-12,Laptop,3,50000.0,25725,8,2023,24275.0,48.55
ORD-9047,2023-02-28,Shirt,1,2000.0,12720,2,2023,-10720.0,-536.0
ORD-9048,2023-11-23,Laptop,1,30000.0,32879,11,2023,-2879.0,-9.6
ORD-9052,2023-06-06,Shoes,1,2000.0,19574,6,2023,-17574.0,-878.7
ORD-9054,2023-07-19,Shirt,1,50000.0,6189,7,2023,43811.0,87.62
ORD-9055,2023-11-08,Laptop,1,30000.0,22323,11,2023,7677.0,25.59
ORD-9056,2023-07-15,Shoes,1,2000.0,24465,7,2023,-22465.0,-1123.25
ORD-9057,2023-02-04,Mobile,1,2000.0,37242,2,2023,-35242.0,-1762.1
ORD-9059,2024-01-22,Mobile,1,30000.0,2865,1,2024,27135.0,90.45
ORD-9062,2023-04-14,Shirt,3,2000.0,28967,4,2023,-26967.0,-1348.35
ORD-9063,2023-01-07,Mobile,1,50000.0,5540,1,2023,44460.0,88.92
ORD-9064,2023-10-10,Shirt,3,30000.0,28773,10,2023,1227.0,4.09
ORD-9065,2023-01-01,Mobile,1,30000.0,13464,1,2023,16536.0,55.12
ORD-9066,2023-08-07,Mobile,1,30000.0,38582,8,2023,-8582.0,-28.61
ORD-9067,2024-04-08,Laptop,2,30000.0,14596,4,2024,15404.0,51.35
ORD-9068,2023-08-18,Laptop,1,50000.0,32385,8,2023,17615.0,35.23
ORD-9069,2024-03-30,Mobile,1,2000.0,16386,3,2024,-14386.0,-719.3
ORD-9070,2023-06-21,Shoes,3,50000.0,20906,6,2023,29094.0,58.19
ORD-9072,2023-02-10,Shirt,1,2000.0,7818,2,2023,-5818.0,-290.9
ORD-9073,2023-05-03,Laptop,1,50000.0,39257,5,2023,10743.0,21.49
ORD-9074,2023-11-27,Shoes,3,30000.0,39853,11,2023,-9853.0,-32.84
ORD-9075,2023-10-25,Mobile,2,30000.0,10037,10,2023,19963.0,66.54
ORD-9076,2024-01-08,Laptop,2,2000.0,5185,1,2024,-3185.0,-159.25
ORD-9077,2024-02-21,Mobile,2,50000.0,37994,2,2024,12006.0,24.01
ORD-9078,2023-06-27,Mobile,1,2000.0,25480,6,2023,-23480.0,-1174.0
ORD-9079,2023-03-04,Laptop,3,30000.0,8692,3,2023,21308.0,71.03
ORD-9080,2024-04-28,Shoes,1,50000.0,20999,4,2024,29001.0,58.0
ORD-9081,2023-06-14,Shirt,1,30000.0,7805,6,2023,22195.0,73.98
ORD-9082,2024-05-03,Laptop,1,2000.0,4157,5,2024,-2157.0,-107.85
ORD-9083,2023-07-06,Shoes,2,2000.0,35873,7,2023,-33873.0,-1693.65
ORD-9084,2024-01-18,Mobile,3,2000.0,38944,1,2024,-36944.0,-1847.2
ORD-9085,2023-07-28,Laptop,3,2000.0,34761,7,2023,-32761.0,-1638.05
ORD-9086,2023-08-15,Shirt,2,2000.0,14705,8,2023,-12705.0,-635.25
ORD-9088,2024-01-24,Mobile,2,2000.0,33957,1,2024,-31957.0,-1597.85
ORD-9089,2023-02-17,Laptop,1,2000.0,32678,2,2023,-30678.0,-1533.9
ORD-9090,2023-08-12,Shirt,1,30000.0,27699,8,2023,2301.0,7.67
ORD-9091,2023-01-03,Laptop,1,2000.0,27994,1,2023,-25994.0,-1299.7
ORD-9092,2024-01-07,Shirt,1,50000.0,30570,1,2024,19430.0,38.86
ORD-9093,2023-06-24,Mobile,1,2000.0,20282,6,2023,-18282.0,-914.1
ORD-9095,2023-04-09,Laptop,2,2000.0,27542,4,2023,-25542.0,-1277.1
ORD-9096,2023-04-26,Shoes,2,30000.0,21633,4,2023,8367.0,27.89
ORD-9097,2023-09-27,Shoes,1,50000.0,16637,9,2023,33363.0,66.73
ORD-9098,2024-03-22,Mobile,1,50000.0,20795,3,2024,29205.0,58.41
ORD-9099,2024-01-03,Shirt,2,2000.0,29522,1,2024,-27522.0,-1376.1
ORD-9100,2023-09-10,Shoes,3,2000.0,10238,9,2023,-8238.0,-411.9
ORD-9101,2023-11-13,Mobile,2,2000.0,28149,11,2023,-26149.0,-1307.45
ORD-9102,2024-02-19,Shirt,1,2000.0,27534,2,2024,-25534.0,-1276.7
ORD-9103,2023-04-05,Shirt,1,30000.0,10256,4,2023,19744.0,65.81
ORD-9104,2023-09-30,Shoes,1,30000.0,1517,9,2023,28483.0,94.94
ORD-9105,2024-01-15,Mobile,3,50000.0,13425,1,2024,36575.0,73.15
ORD-9106,2023-01-24,Shirt,3,2000.0,22602,1,2023,-20602.0,-1030.1
ORD-9107,2023-04-26,Shirt,2,30000.0,15676,4,2023,14324.0,47.75
ORD-9108,2023-05-31,Laptop,3,30000.0,22819,5,2023,7181.0,23.94
ORD-9109,2023-12-04,Laptop,2,50000.0,11781,12,2023,38219.0,76.44
ORD-9110,2023-02-19,Shoes,2,50000.0,19656,2,2023,30344.0,60.69
ORD-9112,2024-05-12,Mobile,3,30000.0,26678,5,2024,3322.0,11.07
ORD-9113,2023-12-01,Shoes,1,50000.0,5792,12,2023,44208.0,88.42
ORD-9114,2023-03-20,Shoes,2,30000.0,12955,3,2023,17045.0,56.82
ORD-9115,2023-03-11,Laptop,2,30000.0,9268,3,2023,20732.0,69.11
ORD-9116,2023-01-27,Shirt,2,2000.0,19693,1,2023,-17693.0,-884.65
ORD-9117,2023-09-28,Mobile,3,2000.0,26601,9,2023,-24601.0,-1230.05
ORD-9118,2023-02-19,Mobile,3,2000.0,27640,2,2023,-25640.0,-1282.0
ORD-9119,2023-10-19,Mobile,3,2000.0,5439,10,2023,-3439.0,-171.95
ORD-9120,2023-09-04,Shoes,2,30000.0,14227,9,2023,15773.0,52.58
ORD-9124,2023-07-09,Laptop,1,30000.0,29575,7,2023,425.0,1.42
ORD-9126,2024-04-05,Shoes,3,30000.0,25392,4,2024,4608.0,15.36
ORD-9127,2023-12-27,Laptop,3,50000.0,18229,12,2023,31771.0,63.54
ORD-9129,2024-04-16,Mobile,3,30000.0,13240,4,2024,16760.0,55.87
ORD-9130,2024-05-02,Shirt,2,50000.0,32000,5,2024,18000.0,36.0
ORD-9131,2023-12-18,Laptop,3,2000.0,2332,12,2023,-332.0,-16.6
ORD-9132,2023-07-08,Shirt,1,50000.0,12229,7,2023,37771.0,75.54
ORD-9133,2024-02-20,Mobile,3,50000.0,7300,2,2024,42700.0,85.4
ORD-9135,2023-08-10,Laptop,3,2000.0,26820,8,2023,-24820.0,-1241.0
ORD-9136,2024-01-07,Mobile,1,2000.0,1337,1,2024,663.0,33.15
ORD-9138,2023-09-26,Shirt,2,50000.0,30906,9,2023,19094.0,38.19
ORD-9139,2023-01-01,Shoes,1,30000.0,14445,1,2023,15555.0,51.85
ORD-9141,2024-03-21,Shoes,3,50000.0,29581,3,2024,20419.0,40.84
ORD-9142,2023-03-20,Shirt,3,30000.0,24298,3,2023,5702.0,19.01
ORD-9145,2024-01-12,Shoes,1,2000.0,37654,1,2024,-35654.0,-1782.7
ORD-9146,2023-12-15,Shirt,1,2000.0,9352,12,2023,-7352.0,-367.6
ORD-9147,2023-04-08,Laptop,2,2000.0,3036,4,2023,-1036.0,-51.8
ORD-9148,2023-03-23,Shirt,1,30000.0,15722,3,2023,14278.0,47.59
ORD-9150,2024-04-21,Shoes,3,2000.0,22467,4,2024,-20467.0,-1023.35
ORD-9151,2024-02-19,Shoes,2,2000.0,26951,2,2024,-24951.0,-1247.55
ORD-9153,2023-09-10,Shirt,2,30000.0,31695,9,2023,-1695.0,-5.65
ORD-9154,2024-02-13,Shirt,2,2000.0,2601,2,2024,-601.0,-30.05
ORD-9155,2023-02-07,Laptop,1,50000.0,2299,2,2023,47701.0,95.4
ORD-9156,2023-01-14,Mobile,1,30000.0,15794,1,2023,14206.0,47.35
ORD-9157,2024-01-27,Mobile,1,2000.0,31148,1,2024,-29148.0,-1457.4
ORD-9158,2023-12-13,Shoes,1,50000.0,30713,12,2023,19287.0,38.57
ORD-9159,2023-11-06,Mobile,2,2000.0,17026,11,2023,-15026.0,-751.3
ORD-9160,2024-01-21,Shoes,1,30000.0,32097,1,2024,-2097.0,-6.99
ORD-9163,2024-04-06,Mobile,2,30000.0,22858,4,2024,7142.0,23.81
ORD-9164,2023-03-30,Shoes,1,2000.0,19582,3,2023,-17582.0,-879.1
ORD-9165,2023-02-25,Laptop,3,30000.0,4332,2,2023,25668.0,85.56
ORD-9166,2023-04-04,Mobile,2,50000.0,34871,4,2023,15129.0,30.26
ORD-9167,2023-04-03,Mobile,2,2000.0,4177,4,2023,-2177.0,-108.85
ORD-9168,2023-12-06,Mobile,3,30000.0,29170,12,2023,830.0,2.77
ORD-9170,2024-03-20,Laptop,1,30000.0,35945,3,2024,-5945.0,-19.82
ORD-9171,2023-09-02,Mobile,3,2000.0,21885,9,2023,-19885.0,-994.25
ORD-9172,2023-01-22,Shoes,1,30000.0,39809,1,2023,-9809.0,-32.7
ORD-9174,2024-04-29,Mobile,2,50000.0,9727,4,2024,40273.0,80.55
ORD-9175,2023-09-29,Laptop,2,30000.0,15532,9,2023,14468.0,48.23
ORD-9176,2023-11-02,Mobile,1,30000.0,26645,11,2023,3355.0,11.18
ORD-9177,2023-05-02,Laptop,2,50000.0,25708,5,2023,24292.0,48.58
ORD-9178,2023-05-08,Mobile,1,30000.0,17647,5,2023,12353.0,41.18
ORD-9180,2024-03-02,Shirt,1,50000.0,19436,3,2024,30564.0,61.13
ORD-9184,2023-05-10,Laptop,1,2000.0,14732,5,2023,-12732.0,-636.6
ORD-9185,2023-05-12,Shirt,3,50000.0,23428,5,2023,26572.0,53.14
ORD-9186,2023-03-26,Shoes,1,2000.0,5089,3,2023,-3089.0,-154.45
ORD-9187,2024-02-27,Mobile,3,2000.0,31788,2,2024,-29788.0,-1489.4
ORD-9188,2024-04-26,Laptop,1,30000.0,28423,4,2024,1577.0,5.26
ORD-9189,2023-12-16,Laptop,1,50000.0,34125,12,2023,15875.0,31.75
ORD-9190,2024-01-25,Mobile,1,30000.0,14999,1,2024,15001.0,50.0
ORD-9191,2023-03-22,Mobile,2,2000.0,39273,3,2023,-37273.0,-1863.65
ORD-9192,2024-05-01,Shoes,2,30000.0,9942,5,2024,20058.0,66.86
ORD-9194,2023-11-21,Shoes,1,2000.0,4250,11,2023,-2250.0,-112.5
ORD-9196,2023-05-28,Laptop,1,50000.0,34351,5,2023,15649.0,31.3
ORD-9197,2024-03-23,Mobile,1,30000.0,20822,3,2024,9178.0,30.59
ORD-9198,2023-01-16,Shoes,1,2000.0,15501,1,2023,-13501.0,-675.05
ORD-9199,2023-11-03,Shoes,2,50000.0,11768,11,2023,38232.0,76.46
ORD-9201,2023-06-14,Laptop,2,30000.0,19167,6,2023,10833.0,36.11
ORD-9202,2024-05-02,Mobile,3,30000.0,21916,5,2024,8084.0,26.95
ORD-9203,2023-07-20,Mobile,2,2000.0,6117,7,2023,-4117.0,-205.85
ORD-9204,2023-07-16,Shoes,3,30000.0,11333,7,2023,18667.0,62.22
ORD-9205,2024-03-01,Shoes,2,30000.0,33302,3,2024,-3302.0,-11.01
ORD-9209,2023-12-29,Shirt,1,50000.0,7120,12,2023,42880.0,85.76
ORD-9210,2023-04-10,Shirt,1,50000.0,3477,4,2023,46523.0,93.05
ORD-9211,2023-12-08,Shoes,1,30000.0,22342,12,2023,7658.0,25.53
ORD-9212,2023-11-16,Shoes,1,50000.0,7137,11,2023,42863.0,85.73
ORD-9213,2023-08-02,Mobile,2,2000.0,36644,8,2023,-34644.0,-1732.2
ORD-9215,2023-06-11,Mobile,3,50000.0,39597,6,2023,10403.0,20.81
ORD-9216,2024-03-14,Shirt,3,30000.0,9595,3,2024,20405.0,68.02
ORD-9218,2024-02-26,Shoes,1,50000.0,23730,2,2024,26270.0,52.54
ORD-9220,2024-01-01,Shirt,1,50000.0,30113,1,2024,19887.0,39.77
ORD-9221,2023-04-07,Laptop,3,30000.0,32926,4,2023,-2926.0,-9.75
ORD-9222,2023-01-18,Laptop,2,50000.0,16661,1,2023,33339.0,66.68
ORD-9223,2023-11-23,Shirt,2,50000.0,35654,11,2023,14346.0,28.69
ORD-9224,2024-03-24,Shirt,2,50000.0,2303,3,2024,47697.0,95.39
ORD-9226,2023-04-07,Shirt,2,50000.0,23424,4,2023,26576.0,53.15
ORD-9227,2023-01-01,Shoes,1,50000.0,8452,1,2023,41548.0,83.1
ORD-9228,2023-08-04,Mobile,1,50000.0,27474,8,2023,22526.0,45.05
ORD-9230,2023-09-17,Shoes,1,30000.0,32873,9,2023,-2873.0,-9.58
ORD-9231,2023-05-05,Shoes,1,30000.0,15426,5,2023,14574.0,48.58
ORD-9232,2023-03-23,Shirt,2,30000.0,34335,3,2023,-4335.0,-14.45
ORD-9233,2023-10-10,Laptop,2,50000.0,31541,10,2023,18459.0,36.92
ORD-9235,2023-02-28,Shoes,1,30000.0,35121,2,2023,-5121.0,-17.07
ORD-9236,2023-02-01,Shirt,3,30000.0,12804,2,2023,17196.0,57.32
ORD-9237,2023-06-10,Mobile,1,30000.0,26556,6,2023,3444.0,11.48
ORD-9238,2023-10-11,Shoes,3,2000.0,5965,10,2023,-3965.0,-198.25
ORD-9240,2023-04-15,Mobile,2,2000.0,3671,4,2023,-1671.0,-83.55
ORD-9241,2024-03-14,Shirt,3,50000.0,17762,3,2024,32238.0,64.48
ORD-9242,2023-08-16,Shirt,3,30000.0,30904,8,2023,-904.0,-3.01
ORD-9243,2023-07-07,Laptop,3,50000.0,2932,7,2023,47068.0,94.14
ORD-9245,2023-11-14,Shirt,1,50000.0,33961,11,2023,16039.0,32.08
ORD-9246,2024-04-08,Shoes,1,50000.0,25839,4,2024,24161.0,48.32
ORD-9247,2023-10-17,Laptop,3,30000.0,30942,10,2023,-942.0,-3.14
ORD-9249,2024-01-05,Shoes,2,50000.0,27047,1,2024,22953.0,45.91
ORD-9250,2023-12-28,Mobile,1,2000.0,11207,12,2023,-9207.0,-460.35
ORD-9251,2024-04-16,Shirt,1,30000.0,31435,4,2024,-1435.0,-4.78
ORD-9252,2023-02-25,Mobile,1,2000.0,5616,2,2023,-3616.0,-180.8
ORD-9253,2023-04-23,Shoes,1,30000.0,38782,4,2023,-8782.0,-29.27
ORD-9254,2023-01-13,Shirt,3,50000.0,8878,1,2023,41122.0,82.24
ORD-9255,2024-03-15,Shoes,3,30000.0,15814,3,2024,14186.0,47.29
ORD-9256,2023-01-18,Mobile,1,50000.0,18684,1,2023,31316.0,62.63
ORD-9257,2023-07-01,Shoes,2,2000.0,36968,7,2023,-34968.0,-1748.4
ORD-9258,2024-04-05,Shirt,1,50000.0,4373,4,2024,45627.0,91.25
ORD-9259,2023-04-23,Mobile,2,30000.0,26149,4,2023,3851.0,12.84
ORD-9260,2023-08-17,Mobile,1,30000.0,35151,8,2023,-5151.0,-17.17
ORD-9261,2023-06-20,Laptop,1,30000.0,16178,6,2023,13822.0,46.07
ORD-9262,2023-10-22,Laptop,2,2000.0,26956,10,2023,-24956.0,-1247.8
ORD-9264,2024-03-01,Laptop,1,2000.0,5991,3,2024,-3991.0,-199.55
ORD-9265,2024-04-09,Laptop,3,50000.0,6202,4,2024,43798.0,87.6
ORD-9266,2023-03-20,Laptop,1,50000.0,21316,3,2023,28684.0,57.37
ORD-9267,2023-05-26,Laptop,3,2000.0,30695,5,2023,-28695.0,-1434.75
ORD-9268,2024-02-11,Shirt,1,2000.0,4622,2,2024,-2622.0,-131.1
ORD-9269,2023-07-01,Shirt,1,50000.0,2610,7,2023,47390.0,94.78
ORD-9270,2024-05-13,Laptop,2,50000.0,17988,5,2024,32012.0,64.02
ORD-9271,2023-10-13,Shoes,2,50000.0,31326,10,2023,18674.0,37.35
ORD-9274,2023-11-10,Shirt,2,2000.0,3602,11,2023,-1602.0,-80.1
ORD-9275,2023-07-15,Mobile,1,2000.0,27759,7,2023,-25759.0,-1287.95
ORD-9277,2023-03-12,Shirt,3,30000.0,23922,3,2023,6078.0,20.26
ORD-9279,2023-05-26,Shirt,1,2000.0,16398,5,2023,-14398.0,-719.9
ORD-9281,2023-09-20,Mobile,1,30000.0,16903,9,2023,13097.0,43.66
ORD-9282,2023-10-23,Laptop,3,2000.0,12309,10,2023,-10309.0,-515.45
ORD-9283,2023-03-11,Shoes,1,50000.0,36483,3,2023,13517.0,27.03
ORD-9284,2024-04-14,Shirt,2,2000.0,38107,4,2024,-36107.0,-1805.35
ORD-9287,2024-05-08,Mobile,3,30000.0,30425,5,2024,-425.0,-1.42
ORD-9289,2023-02-21,Shirt,2,30000.0,34837,2,2023,-4837.0,-16.12
ORD-9290,2024-01-05,Mobile,1,2000.0,5017,1,2024,-3017.0,-150.85
ORD-9292,2023-10-12,Laptop,3,2000.0,29167,10,2023,-27167.0,-1358.35
ORD-9293,2024-02-09,Shirt,3,50000.0,36587,2,2024,13413.0,26.83
ORD-9294,2024-04-18,Shoes,1,50000.0,14582,4,2024,35418.0,70.84
ORD-9295,2023-11-30,Shirt,2,30000.0,14867,11,2023,15133.0,50.44
ORD-9297,2023-09-08,Shirt,2,2000.0,11227,9,2023,-9227.0,-461.35
ORD-9298,2024-03-06,Mobile,1,2000.0,16947,3,2024,-14947.0,-747.35
ORD-9300,2023-10-25,Mobile,2,2000.0,11985,10,2023,-9985.0,-499.25
ORD-9303,2023-06-28,Laptop,3,50000.0,18107,6,2023,31893.0,63.79
ORD-9305,2023-05-08,Shirt,1,2000.0,8535,5,2023,-6535.0,-326.75
ORD-9307,2024-04-16,Laptop,2,50000.0,17470,4,2024,32530.0,65.06
ORD-9308,2024-02-15,Laptop,3,50000.0,25081,2,2024,24919.0,49.84
ORD-9309,2024-02-26,Shoes,3,30000.0,7846,2,2024,22154.0,73.85
ORD-9310,2023-11-24,Laptop,1,2000.0,5149,11,2023,-3149.0,-157.45
ORD-9312,2023-07-01,Shoes,1,2000.0,37188,7,2023,-35188.0,-1759.4
ORD-9313,2023-08-29,Laptop,1,2000.0,30925,8,2023,-28925.0,-1446.25
ORD-9315,2023-01-24,Shoes,3,50000.0,4922,1,2023,45078.0,90.16
ORD-9316,2024-01-19,Mobile,2,2000.0,31544,1,2024,-29544.0,-1477.2
ORD-9317,2024-03-06,Shoes,1,30000.0,33065,3,2024,-3065.0,-10.22
ORD-9318,2024-03-30,Laptop,1,2000.0,28065,3,2024,-26065.0,-1303.25
ORD-9319,2023-03-24,Shoes,2,50000.0,23694,3,2023,26306.0,52.61
ORD-9320,2024-04-14,Laptop,1,30000.0,7042,4,2024,22958.0,76.53
ORD-9321,2023-11-15,Shirt,2,30000.0,9013,11,2023,20987.0,69.96
ORD-9322,2023-07-04,Shoes,1,30000.0,32285,7,2023,-2285.0,-7.62
ORD-9323,2024-03-14,Shoes,2,30000.0,25648,3,2024,4352.0,14.51
ORD-9327,2023-10-13,Laptop,3,30000.0,1546,10,2023,28454.0,94.85
ORD-9328,2024-04-21,Shoes,1,50000.0,37497,4,2024,12503.0,25.01
ORD-9329,2023-01-22,Laptop,1,2000.0,35736,1,2023,-33736.0,-1686.8
ORD-9330,2024-04-03,Shoes,1,30000.0,31599,4,2024,-1599.0,-5.33
ORD-9331,2023-07-31,Mobile,3,50000.0,5516,7,2023,44484.0,88.97
ORD-9332,2023-05-06,Shoes,1,2000.0,2259,5,2023,-259.0,-12.95
ORD-9333,2024-02-17,Laptop,3,30000.0,24376,2,2024,5624.0,18.75
ORD-9334,2024-05-13,Laptop,2,2000.0,25140,5,2024,-23140.0,-1157.0
ORD-9338,2024-03-24,Shoes,1,50000.0,18946,3,2024,31054.0,62.11
ORD-9340,2023-06-07,Shoes,1,50000.0,11277,6,2023,38723.0,77.45
ORD-9344,2023-05-02,Shirt,2,50000.0,31564,5,2023,18436.0,36.87
ORD-9345,2023-09-30,Shoes,3,2000.0,19865,9,2023,-17865.0,-893.25
ORD-9346,2023-10-21,Laptop,3,50000.0,17588,10,2023,32412.0,64.82
ORD-9347,2024-02-02,Mobile,1,30000.0,16040,2,2024,13960.0,46.53
ORD-9348,2024-04-15,Laptop,1,30000.0,18125,4,2024,11875.0,39.58
ORD-9349,2024-04-17,Mobile,2,50000.0,31759,4,2024,18241.0,36.48
ORD-9350,2023-07-26,Shoes,3,50000.0,29070,7,2023,20930.0,41.86
ORD-9351,2023-04-20,Shoes,1,2000.0,8049,4,2023,-6049.0,-302.45
ORD-9352,2024-03-15,Mobile,3,50000.0,16516,3,2024,33484.0,66.97
ORD-9354,2024-03-26,Laptop,1,2000.0,5737,3,2024,-3737.0,-186.85
ORD-9355,2023-02-25,Shoes,2,50000.0,17027,2,2023,32973.0,65.95
ORD-9356,2024-01-10,Laptop,1,50000.0,11015,1,2024,38985.0,77.97
ORD-9357,2024-02-07,Mobile,1,30000.0,37965,2,2024,-7965.0,-26.55
ORD-9358,2023-02-26,Shirt,1,2000.0,16095,2,2023,-14095.0,-704.75
ORD-9359,2024-03-03,Shirt,2,30000.0,16053,3,2024,13947.0,46.49
ORD-9360,2024-04-26,Shirt,3,50000.0,23872,4,2024,26128.0,52.26
ORD-9361,2023-10-18,Mobile,1,2000.0,32519,10,2023,-30519.0,-1525.95
ORD-9363,2024-01-16,Shoes,1,50000.0,7306,1,2024,42694.0,85.39
ORD-9364,2024-01-20,Mobile,2,50000.0,13573,1,2024,36427.0,72.85
ORD-9365,2023-11-04,Shirt,1,30000.0,18248,11,2023,11752.0,39.17
ORD-9367,2024-04-21,Shoes,1,50000.0,17941,4,2024,32059.0,64.12
ORD-9368,2023-07-17,Shoes,2,30000.0,14018,7,2023,15982.0,53.27
ORD-9369,2024-02-25,Mobile,2,30000.0,14088,2,2024,15912.0,53.04
ORD-9370,2023-11-17,Mobile,3,50000.0,21675,11,2023,28325.0,56.65
ORD-9371,2023-06-28,Shoes,3,2000.0,17124,6,2023,-15124.0,-756.2
ORD-9372,2024-01-20,Shoes,3,50000.0,17831,1,2024,32169.0,64.34
ORD-9374,2023-10-04,Shoes,1,50000.0,4819,10,2023,45181.0,90.36
ORD-9375,2024-03-12,Mobile,1,2000.0,31286,3,2024,-29286.0,-1464.3
ORD-9376,2023-01-16,Laptop,1,30000.0,12164,1,2023,17836.0,59.45
ORD-9381,2023-06-17,Shirt,1,2000.0,33869,6,2023,-31869.0,-1593.45
ORD-9382,2023-01-26,Mobile,2,2000.0,37603,1,2023,-35603.0,-1780.15
ORD-9383,2023-12-02,Shoes,3,2000.0,5235,12,2023,-3235.0,-161.75
ORD-9384,2024-04-20,Mobile,1,2000.0,13015,4,2024,-11015.0,-550.75
ORD-9385,2023-03-06,Shoes,1,30000.0,15601,3,2023,14399.0,48.0
ORD-9386,2023-04-10,Shirt,1,50000.0,8509,4,2023,41491.0,82.98
ORD-9387,2023-03-15,Shoes,1,2000.0,17918,3,2023,-15918.0,-795.9
ORD-9388,2023-07-11,Laptop,1,50000.0,36693,7,2023,13307.0,26.61
ORD-9390,2023-09-30,Laptop,1,30000.0,1909,9,2023,28091.0,93.64
ORD-9391,2024-01-12,Mobile,1,30000.0,10605,1,2024,19395.0,64.65
ORD-9392,2023-07-06,Mobile,1,50000.0,15505,7,2023,34495.0,68.99
ORD-9393,2023-01-23,Shoes,2,50000.0,38776,1,2023,11224.0,22.45
ORD-9394,2024-01-26,Shirt,1,50000.0,1118,1,2024,48882.0,97.76
ORD-9395,2024-03-03,Shirt,1,30000.0,29638,3,2024,362.0,1.21
ORD-9396,2023-06-30,Laptop,2,2000.0,4113,6,2023,-2113.0,-105.65
ORD-9397,2023-11-23,Shoes,1,30000.0,39921,11,2023,-9921.0,-33.07
ORD-9398,2023-04-18,Shirt,2,2000.0,15765,4,2023,-13765.0,-688.25
ORD-9400,2023-06-11,Mobile,1,2000.0,19480,6,2023,-17480.0,-874.0
ORD-9401,2023-10-29,Shoes,2,50000.0,8944,10,2023,41056.0,82.11
ORD-9402,2024-05-07,Laptop,2,2000.0,36022,5,2024,-34022.0,-1701.1
ORD-9403,2024-03-27,Shoes,1,2000.0,26089,3,2024,-24089.0,-1204.45
ORD-9404,2023-07-25,Laptop,1,30000.0,33563,7,2023,-3563.0,-11.88
ORD-9405,2023-03-19,Shoes,1,50000.0,2233,3,2023,47767.0,95.53
ORD-9407,2023-11-23,Shoes,1,2000.0,29708,11,2023,-27708.0,-1385.4
ORD-9409,2023-05-27,Shirt,2,50000.0,39399,5,2023,10601.0,21.2
ORD-9410,2023-01-02,Shoes,1,2000.0,1129,1,2023,871.0,43.55
ORD-9411,2023-01-10,Laptop,3,30000.0,37484,1,2023,-7484.0,-24.95
ORD-9413,2023-05-05,Mobile,3,30000.0,21838,5,2023,8162.0,27.21
ORD-9415,2024-04-29,Laptop,1,50000.0,31294,4,2024,18706.0,37.41
ORD-9416,2023-05-20,Shoes,1,2000.0,6273,5,2023,-4273.0,-213.65
ORD-9418,2023-05-30,Laptop,2,30000.0,6628,5,2023,23372.0,77.91
ORD-9425,2023-02-27,Shoes,1,30000.0,39169,2,2023,-9169.0,-30.56
ORD-9429,2024-01-25,Mobile,1,2000.0,17982,1,2024,-15982.0,-799.1
ORD-9430,2023-02-14,Mobile,1,50000.0,33281,2,2023,16719.0,33.44
ORD-9431,2023-04-07,Shoes,1,50000.0,4963,4,2023,45037.0,90.07
ORD-9432,2023-10-06,Mobile,3,50000.0,26004,10,2023,23996.0,47.99
ORD-9433,2023-01-23,Laptop,1,30000.0,24677,1,2023,5323.0,17.74
ORD-9434,2024-02-14,Shirt,1,30000.0,2324,2,2024,27676.0,92.25
ORD-9435,2024-04-05,Shoes,2,30000.0,28166,4,2024,1834.0,6.11
ORD-9437,2023-12-01,Laptop,2,50000.0,38932,12,2023,11068.0,22.14
ORD-9439,2023-01-27,Laptop,1,2000.0,2339,1,2023,-339.0,-16.95
ORD-9440,2023-10-09,Laptop,1,50000.0,13286,10,2023,36714.0,73.43
ORD-9441,2023-04-07,Shoes,1,2000.0,30235,4,2023,-28235.0,-1411.75
ORD-9442,2024-04-07,Shirt,3,2000.0,12595,4,2024,-10595.0,-529.75
ORD-9444,2023-04-19,Laptop,3,50000.0,14629,4,2023,35371.0,70.74
ORD-9445,2023-02-24,Mobile,3,2000.0,30925,2,2023,-28925.0,-1446.25
ORD-9446,2023-07-11,Shoes,1,50000.0,39231,7,2023,10769.0,21.54
ORD-9447,2023-08-07,Shirt,3,2000.0,39258,8,2023,-37258.0,-1862.9
ORD-9448,2023-07-04,Laptop,1,2000.0,13843,7,2023,-11843.0,-592.15
ORD-9450,2023-11-13,Mobile,1,50000.0,24988,11,2023,25012.0,50.02
ORD-9456,2023-03-28,Shirt,3,2000.0,27071,3,2023,-25071.0,-1253.55
ORD-9457,2023-10-21,Mobile,2,50000.0,10565,10,2023,39435.0,78.87
ORD-9458,2023-04-29,Laptop,1,50000.0,29715,4,2023,20285.0,40.57
ORD-9460,2023-11-30,Mobile,1,50000.0,38850,11,2023,11150.0,22.3
ORD-9461,2024-02-17,Shoes,2,2000.0,12334,2,2024,-10334.0,-516.7
ORD-9463,2023-02-04,Laptop,1,30000.0,20369,2,2023,9631.0,32.1
ORD-9464,2023-03-20,Shirt,1,30000.0,39362,3,2023,-9362.0,-31.21
ORD-9465,2023-03-08,Mobile,3,2000.0,25401,3,2023,-23401.0,-1170.05
ORD-9466,2023-12-09,Laptop,1,2000.0,21639,12,2023,-19639.0,-981.95
ORD-9467,2024-02-17,Laptop,3,30000.0,18388,2,2024,11612.0,38.71
ORD-9469,2023-04-07,Laptop,2,2000.0,13766,4,2023,-11766.0,-588.3
ORD-9470,2023-06-18,Shoes,1,30000.0,7696,6,2023,22304.0,74.35
ORD-9472,2023-05-31,Mobile,1,2000.0,17855,5,2023,-15855.0,-792.75
ORD-9473,2023-03-12,Shoes,1,50000.0,20789,3,2023,29211.0,58.42
ORD-9474,2023-01-03,Mobile,2,50000.0,1308,1,2023,48692.0,97.38
ORD-9475,2023-11-10,Mobile,2,50000.0,28510,11,2023,21490.0,42.98
ORD-9477,2023-10-14,Laptop,1,2000.0,8707,10,2023,-6707.0,-335.35
ORD-9478,2023-03-23,Laptop,1,30000.0,16522,3,2023,13478.0,44.93
ORD-9479,2023-02-12,Mobile,2,2000.0,36815,2,2023,-34815.0,-1740.75
ORD-9480,2024-01-26,Laptop,1,50000.0,27497,1,2024,22503.0,45.01
ORD-9481,2023-04-15,Shoes,3,50000.0,31524,4,2023,18476.0,36.95
ORD-9483,2023-03-02,Laptop,3,30000.0,14366,3,2023,15634.0,52.11
ORD-9485,2023-06-29,Shoes,1,30000.0,35246,6,2023,-5246.0,-17.49
ORD-9486,2023-08-12,Shirt,3,2000.0,27928,8,2023,-25928.0,-1296.4
ORD-9490,2023-03-12,Laptop,2,50000.0,20843,3,2023,29157.0,58.31
ORD-9491,2023-03-31,Shirt,1,50000.0,6434,3,2023,43566.0,87.13
ORD-9492,2023-08-14,Mobile,1,30000.0,34339,8,2023,-4339.0,-14.46
ORD-9493,2023-06-07,Shoes,3,2000.0,20973,6,2023,-18973.0,-948.65
ORD-9495,2024-02-09,Mobile,1,50000.0,1596,2,2024,48404.0,96.81
ORD-9497,2024-03-19,Laptop,3,30000.0,33415,3,2024,-3415.0,-11.38
ORD-9498,2023-07-28,Shirt,1,30000.0,29321,7,2023,679.0,2.26
ORD-9499,2023-04-07,Laptop,1,2000.0,15834,4,2023,-13834.0,-691.7
ORD-9500,2023-03-15,Shoes,1,30000.0,38018,3,2023,-8018.0,-26.73
ORD-9502,2023-07-10,Shirt,2,2000.0,4371,7,2023,-2371.0,-118.55
ORD-9503,2024-05-09,Laptop,2,2000.0,1157,5,2024,843.0,42.15
ORD-9504,2023-06-19,Shoes,1,50000.0,17032,6,2023,32968.0,65.94
ORD-9506,2024-03-23,Mobile,1,30000.0,14462,3,2024,15538.0,51.79
ORD-9507,2023-07-23,Laptop,1,50000.0,9957,7,2023,40043.0,80.09
ORD-9510,2023-02-10,Mobile,1,2000.0,21946,2,2023,-19946.0,-997.3
ORD-9511,2023-02-01,Shirt,1,2000.0,13020,2,2023,-11020.0,-551.0
ORD-9513,2023-03-03,Laptop,1,50000.0,31247,3,2023,18753.0,37.51
ORD-9514,2023-06-04,Shoes,3,2000.0,1443,6,2023,557.0,27.85
ORD-9515,2023-10-11,Shoes,1,2000.0,39741,10,2023,-37741.0,-1887.05
ORD-9518,2024-05-08,Laptop,2,2000.0,35569,5,2024,-33569.0,-1678.45
ORD-9519,2023-07-06,Mobile,1,50000.0,18309,7,2023,31691.0,63.38
ORD-9520,2024-05-12,Shirt,3,2000.0,12913,5,2024,-10913.0,-545.65
ORD-9522,2023-05-10,Shirt,1,2000.0,29963,5,2023,-27963.0,-1398.15
ORD-9524,2023-10-19,Shoes,1,2000.0,25235,10,2023,-23235.0,-1161.75
ORD-9527,2023-01-13,Laptop,1,50000.0,31091,1,2023,18909.0,37.82
ORD-9529,2023-03-30,Mobile,1,2000.0,10776,3,2023,-8776.0,-438.8
ORD-9531,2024-03-19,Mobile,1,30000.0,38772,3,2024,-8772.0,-29.24
ORD-9532,2023-10-05,Shirt,1,2000.0,21954,10,2023,-19954.0,-997.7
ORD-9533,2024-03-22,Shoes,1,50000.0,21837,3,2024,28163.0,56.33
ORD-9534,2024-04-18,Mobile,1,2000.0,10958,4,2024,-8958.0,-447.9
ORD-9535,2024-04-25,Shoes,3,50000.0,6575,4,2024,43425.0,86.85
ORD-9536,2023-07-22,Shoes,2,30000.0,8945,7,2023,21055.0,70.18
ORD-9537,2023-03-15,Shoes,1,50000.0,11863,3,2023,38137.0,76.27
ORD-9539,2023-04-11,Mobile,2,30000.0,33309,4,2023,-3309.0,-11.03
ORD-9540,2023-06-25,Laptop,2,30000.0,23954,6,2023,6046.0,20.15
ORD-9541,2024-03-02,Laptop,2,50000.0,34368,3,2024,15632.0,31.26
ORD-9542,2023-04-27,Mobile,1,2000.0,28742,4,2023,-26742.0,-1337.1
ORD-9543,2023-06-15,Shoes,1,50000.0,13134,6,2023,36866.0,73.73
ORD-9544,2023-02-10,Laptop,1,50000.0,12580,2,2023,37420.0,74.84
ORD-9545,2024-03-04,Laptop,2,30000.0,21966,3,2024,8034.0,26.78
ORD-9547,2024-02-28,Shoes,1,2000.0,3786,2,2024,-1786.0,-89.3
ORD-9548,2024-01-01,Laptop,1,50000.0,20079,1,2024,29921.0,59.84
ORD-9551,2023-05-25,Shirt,1,2000.0,3052,5,2023,-1052.0,-52.6
ORD-9553,2023-08-17,Laptop,3,50000.0,4442,8,2023,45558.0,91.12
ORD-9554,2023-11-09,Mobile,3,30000.0,2754,11,2023,27246.0,90.82
ORD-9556,2023-12-18,Shoes,1,30000.0,14499,12,2023,15501.0,51.67
ORD-9557,2024-01-12,Mobile,2,2000.0,1025,1,2024,975.0,48.75
ORD-9558,2023-11-14,Shirt,2,2000.0,25330,11,2023,-23330.0,-1166.5
ORD-9560,2023-05-17,Laptop,1,30000.0,7553,5,2023,22447.0,74.82
ORD-9561,2023-11-20,Mobile,1,50000.0,6759,11,2023,43241.0,86.48
ORD-9562,2023-12-03,Shoes,2,30000.0,8755,12,2023,21245.0,70.82
ORD-9564,2023-04-27,Mobile,1,30000.0,30928,4,2023,-928.0,-3.09
ORD-9565,2023-11-02,Shoes,1,30000.0,28478,11,2023,1522.0,5.07
ORD-9566,2024-01-03,Shoes,2,2000.0,34897,1,2024,-32897.0,-1644.85
ORD-9568,2023-06-17,Shirt,2,30000.0,33374,6,2023,-3374.0,-11.25
ORD-9570,2023-07-22,Shoes,3,50000.0,39409,7,2023,10591.0,21.18
ORD-9572,2023-05-29,Shoes,2,50000.0,15371,5,2023,34629.0,69.26
ORD-9575,2024-02-17,Laptop,2,30000.0,15453,2,2024,14547.0,48.49
ORD-9576,2023-06-01,Mobile,1,30000.0,5797,6,2023,24203.0,80.68
ORD-9577,2023-03-15,Mobile,3,50000.0,2828,3,2023,47172.0,94.34
ORD-9578,2023-12-31,Mobile,1,50000.0,10727,12,2023,39273.0,78.55
ORD-9579,2024-02-05,Mobile,1,2000.0,13517,2,2024,-11517.0,-575.85
ORD-9580,2023-10-01,Shoes,1,30000.0,17943,10,2023,12057.0,40.19
ORD-9581,2023-02-11,Laptop,1,50000.0,27831,2,2023,22169.0,44.34
ORD-9582,2024-05-10,Shoes,1,30000.0,25814,5,2024,4186.0,13.95
ORD-9584,2023-04-11,Shirt,1,2000.0,10663,4,2023,-8663.0,-433.15
ORD-9585,2023-02-14,Mobile,1,30000.0,7900,2,2023,22100.0,73.67
ORD-9586,2023-03-23,Shoes,1,30000.0,39355,3,2023,-9355.0,-31.18
ORD-9587,2023-01-17,Shoes,1,30000.0,22796,1,2023,7204.0,24.01
ORD-9588,2023-03-14,Laptop,2,30000.0,16784,3,2023,13216.0,44.05
ORD-9589,2023-01-14,Laptop,3,50000.0,38380,1,2023,11620.0,23.24
ORD-9590,2024-03-08,Laptop,1,50000.0,4683,3,2024,45317.0,90.63
ORD-9591,2023-06-06,Shoes,1,2000.0,9396,6,2023,-7396.0,-369.8
ORD-9594,2023-12-04,Laptop,3,2000.0,24027,12,2023,-22027.0,-1101.35
ORD-9596,2024-01-11,Shirt,1,50000.0,15072,1,2024,34928.0,69.86
ORD-9597,2024-01-11,Shirt,1,30000.0,13026,1,2024,16974.0,56.58
ORD-9599,2023-04-17,Shoes,2,30000.0,32041,4,2023,-2041.0,-6.8
ORD-9600,2023-04-18,Mobile,2,30000.0,31987,4,2023,-1987.0,-6.62
ORD-9601,2023-09-22,Shirt,2,50000.0,4498,9,2023,45502.0,91.0
ORD-9602,2023-07-24,Laptop,2,30000.0,33256,7,2023,-3256.0,-10.85
ORD-9604,2023-06-04,Shoes,1,50000.0,39274,6,2023,10726.0,21.45
ORD-9605,2023-09-28,Shirt,1,2000.0,25839,9,2023,-23839.0,-1191.95
ORD-9606,2024-04-20,Shoes,3,50000.0,3137,4,2024,46863.0,93.73
ORD-9608,2023-09-04,Laptop,1,50000.0,25508,9,2023,24492.0,48.98
ORD-9611,2024-03-11,Shoes,2,50000.0,37633,3,2024,12367.0,24.73
ORD-9613,2023-08-05,Shirt,2,2000.0,38264,8,2023,-36264.0,-1813.2
ORD-9615,2023-06-03,Shirt,1,2000.0,38697,6,2023,-36697.0,-1834.85
ORD-9616,2023-06-23,Shirt,3,2000.0,13722,6,2023,-11722.0,-586.1
ORD-9618,2024-03-08,Mobile,2,30000.0,8214,3,2024,21786.0,72.62
ORD-9619,2023-12-04,Mobile,2,2000.0,32911,12,2023,-30911.0,-1545.55
ORD-9620,2024-04-24,Laptop,1,2000.0,14310,4,2024,-12310.0,-615.5
ORD-9621,2023-06-30,Laptop,1,50000.0,36163,6,2023,13837.0,27.67
ORD-9622,2023-05-11,Shoes,1,2000.0,25055,5,2023,-23055.0,-1152.75
ORD-9623,2024-03-25,Shirt,3,2000.0,15874,3,2024,-13874.0,-693.7
ORD-9624,2024-04-25,Shoes,1,2000.0,28943,4,2024,-26943.0,-1347.15
ORD-9625,2023-10-25,Laptop,1,2000.0,32917,10,2023,-30917.0,-1545.85
ORD-9626,2023-10-02,Mobile,1,30000.0,2702,10,2023,27298.0,90.99
ORD-9627,2023-09-30,Laptop,3,2000.0,21058,9,2023,-19058.0,-952.9
ORD-9629,2024-02-21,Laptop,3,30000.0,13259,2,2024,16741.0,55.8
ORD-9630,2023-03-17,Shoes,1,2000.0,16892,3,2023,-14892.0,-744.6
ORD-9633,2023-11-15,Shoes,3,30000.0,1013,11,2023,28987.0,96.62
ORD-9634,2023-05-11,Laptop,1,30000.0,38308,5,2023,-8308.0,-27.69
ORD-9636,2023-02-18,Shoes,1,30000.0,3169,2,2023,26831.0,89.44
ORD-9637,2023-02-24,Shirt,1,30000.0,11423,2,2023,18577.0,61.92
ORD-9638,2023-06-03,Shoes,1,50000.0,29452,6,2023,20548.0,41.1
ORD-9639,2023-12-21,Laptop,1,30000.0,9017,12,2023,20983.0,69.94
ORD-9640,2023-07-19,Shoes,1,50000.0,33948,7,2023,16052.0,32.1
ORD-9641,2023-11-04,Mobile,2,30000.0,26993,11,2023,3007.0,10.02
ORD-9642,2023-12-22,Mobile,1,30000.0,37232,12,2023,-7232.0,-24.11
ORD-9644,2023-04-28,Mobile,3,50000.0,33219,4,2023,16781.0,33.56
ORD-9645,2023-09-20,Mobile,1,30000.0,31860,9,2023,-1860.0,-6.2
ORD-9646,2023-02-15,Laptop,1,2000.0,22063,2,2023,-20063.0,-1003.15
ORD-9647,2023-10-29,Shirt,1,30000.0,15065,10,2023,14935.0,49.78
ORD-9651,2023-07-08,Shirt,3,50000.0,25869,7,2023,24131.0,48.26
ORD-9652,2023-11-06,Mobile,1,50000.0,6628,11,2023,43372.0,86.74
ORD-9653,2023-11-14,Shoes,3,50000.0,30093,11,2023,19907.0,39.81
ORD-9654,2023-05-09,Mobile,1,2000.0,1660,5,2023,340.0,17.0
ORD-9655,2023-02-18,Shoes,1,50000.0,20562,2,2023,29438.0,58.88
ORD-9657,2023-09-23,Shoes,1,50000.0,36831,9,2023,13169.0,26.34
ORD-9658,2023-04-28,Shirt,3,50000.0,36608,4,2023,13392.0,26.78
ORD-9659,2024-04-08,Mobile,1,30000.0,11770,4,2024,18230.0,60.77
ORD-9660,2023-05-24,Mobile,3,50000.0,27627,5,2023,22373.0,44.75
ORD-9661,2024-03-17,Laptop,3,30000.0,7146,3,2024,22854.0,76.18
ORD-9662,2023-07-19,Shirt,2,50000.0,23945,7,2023,26055.0,52.11
ORD-9663,2023-06-06,Laptop,2,30000.0,25944,6,2023,4056.0,13.52
ORD-9665,2023-12-14,Shoes,2,50000.0,24251,12,2023,25749.0,51.5
ORD-9667,2024-02-04,Laptop,1,50000.0,32896,2,2024,17104.0,34.21
ORD-9668,2023-05-28,Mobile,1,2000.0,14322,5,2023,-12322.0,-616.1
ORD-9669,2023-12-02,Laptop,1,2000.0,8747,12,2023,-6747.0,-337.35
ORD-9672,2023-11-30,Mobile,3,2000.0,3277,11,2023,-1277.0,-63.85
ORD-9673,2023-10-26,Mobile,1,2000.0,2656,10,2023,-656.0,-32.8
ORD-9674,2023-06-03,Shoes,1,30000.0,33403,6,2023,-3403.0,-11.34
ORD-9675,2023-03-31,Mobile,1,50000.0,35531,3,2023,14469.0,28.94
ORD-9676,2023-11-30,Shoes,1,2000.0,16413,11,2023,-14413.0,-720.65
ORD-9679,2023-01-26,Laptop,3,2000.0,36522,1,2023,-34522.0,-1726.1
ORD-9681,2023-10-28,Shirt,1,50000.0,9101,10,2023,40899.0,81.8
ORD-9682,2023-07-31,Mobile,1,30000.0,9067,7,2023,20933.0,69.78
ORD-9683,2023-03-04,Laptop,3,50000.0,29235,3,2023,20765.0,41.53
ORD-9684,2024-03-26,Mobile,2,30000.0,6208,3,2024,23792.0,79.31
ORD-9685,2024-03-11,Laptop,1,30000.0,15928,3,2024,14072.0,46.91
ORD-9686,2023-03-09,Mobile,1,2000.0,11425,3,2023,-9425.0,-471.25
ORD-9688,2024-02-14,Mobile,3,30000.0,33523,2,2024,-3523.0,-11.74
ORD-9689,2024-04-03,Shirt,3,2000.0,14182,4,2024,-12182.0,-609.1
ORD-9692,2023-04-18,Shirt,1,30000.0,36331,4,2023,-6331.0,-21.1
ORD-9694,2023-02-18,Laptop,2,50000.0,39977,2,2023,10023.0,20.05
ORD-9696,2023-08-06,Shirt,1,50000.0,19009,8,2023,30991.0,61.98
ORD-9698,2024-02-21,Mobile,2,30000.0,34339,2,2024,-4339.0,-14.46
ORD-9699,2023-09-26,Shirt,1,30000.0,30107,9,2023,-107.0,-0.36
ORD-9700,2023-03-19,Mobile,1,2000.0,27287,3,2023,-25287.0,-1264.35
ORD-9701,2023-08-04,Laptop,1,50000.0,16014,8,2023,33986.0,67.97
ORD-9702,2024-01-17,Mobile,1,50000.0,9574,1,2024,40426.0,80.85
ORD-9703,2023-04-08,Shirt,2,30000.0,39597,4,2023,-9597.0,-31.99
ORD-9704,2023-08-24,Shirt,1,30000.0,18467,8,2023,11533.0,38.44
ORD-9705,2023-10-09,Shirt,3,30000.0,22914,10,2023,7086.0,23.62
ORD-9706,2023-05-29,Shirt,2,50000.0,13361,5,2023,36639.0,73.28
ORD-9707,2024-02-16,Shoes,3,2000.0,20881,2,2024,-18881.0,-944.05
ORD-9708,2023-10-31,Shoes,2,50000.0,22880,10,2023,27120.0,54.24
ORD-9709,2024-04-28,Shoes,1,30000.0,28251,4,2024,1749.0,5.83
ORD-9710,2024-02-28,Shirt,2,2000.0,27889,2,2024,-25889.0,-1294.45
ORD-9713,2024-04-01,Shirt,3,30000.0,14360,4,2024,15640.0,52.13
ORD-9714,2023-03-28,Laptop,1,2000.0,33602,3,2023,-31602.0,-1580.1
ORD-9715,2023-03-20,Shirt,1,30000.0,2403,3,2023,27597.0,91.99
ORD-9716,2023-07-24,Mobile,3,50000.0,37088,7,2023,12912.0,25.82
ORD-9717,2023-10-06,Shoes,1,50000.0,15782,10,2023,34218.0,68.44
ORD-9718,2023-12-03,Shirt,1,2000.0,15020,12,2023,-13020.0,-651.0
ORD-9719,2023-09-11,Shoes,1,30000.0,8420,9,2023,21580.0,71.93
ORD-9720,2023-10-31,Shirt,3,30000.0,24523,10,2023,5477.0,18.26
ORD-9722,2023-05-10,Shirt,1,2000.0,32453,5,2023,-30453.0,-1522.65
ORD-9723,2023-03-25,Shoes,3,30000.0,10275,3,2023,19725.0,65.75
ORD-9724,2023-10-03,Shoes,1,50000.0,31052,10,2023,18948.0,37.9
ORD-9725,2023-07-06,Mobile,1,30000.0,32061,7,2023,-2061.0,-6.87
ORD-9726,2023-02-15,Shirt,1,30000.0,34741,2,2023,-4741.0,-15.8
ORD-9727,2024-01-22,Laptop,1,50000.0,32613,1,2024,17387.0,34.77
ORD-9728,2023-07-02,Shirt,3,50000.0,26801,7,2023,23199.0,46.4
ORD-9729,2023-09-25,Mobile,1,30000.0,31230,9,2023,-1230.0,-4.1
ORD-9730,2023-10-23,Laptop,1,50000.0,33199,10,2023,16801.0,33.6
ORD-9734,2023-09-29,Mobile,1,50000.0,29985,9,2023,20015.0,40.03
ORD-9735,2023-12-05,Shoes,2,50000.0,6684,12,2023,43316.0,86.63
ORD-9736,2023-06-11,Laptop,1,50000.0,14595,6,2023,35405.0,70.81
ORD-9737,2023-02-13,Laptop,3,2000.0,2321,2,2023,-321.0,-16.05
ORD-9738,2023-08-26,Mobile,2,50000.0,15810,8,2023,34190.0,68.38
ORD-9742,2023-12-22,Laptop,2,2000.0,14518,12,2023,-12518.0,-625.9
ORD-9743,2023-10-05,Laptop,2,30000.0,13704,10,2023,16296.0,54.32
ORD-9745,2023-01-12,Shoes,1,2000.0,1164,1,2023,836.0,41.8
ORD-9746,2023-06-29,Shirt,3,30000.0,6678,6,2023,23322.0,77.74
ORD-9747,2023-05-03,Shirt,1,2000.0,37105,5,2023,-35105.0,-1755.25
ORD-9748,2023-09-03,Shoes,2,2000.0,37118,9,2023,-35118.0,-1755.9
ORD-9749,2023-08-10,Shoes,1,30000.0,18371,8,2023,11629.0,38.76
ORD-9750,2024-01-08,Mobile,1,50000.0,36297,1,2024,13703.0,27.41
ORD-9751,2023-02-20,Laptop,1,50000.0,21996,2,2023,28004.0,56.01
ORD-9753,2023-03-12,Mobile,1,30000.0,21229,3,2023,8771.0,29.24
ORD-9755,2023-02-17,Shirt,3,2000.0,25603,2,2023,-23603.0,-1180.15
ORD-9756,2023-01-19,Shirt,3,50000.0,24308,1,2023,25692.0,51.38
ORD-9759,2023-06-04,Laptop,3,50000.0,33961,6,2023,16039.0,32.08
ORD-9760,2023-02-22,Mobile,3,2000.0,26167,2,2023,-24167.0,-1208.35
ORD-9763,2023-10-31,Shoes,1,30000.0,7401,10,2023,22599.0,75.33
ORD-9764,2023-05-15,Shoes,1,30000.0,35505,5,2023,-5505.0,-18.35
ORD-9765,2024-03-18,Shoes,1,50000.0,19445,3,2024,30555.0,61.11
ORD-9766,2023-03-10,Laptop,1,50000.0,10882,3,2023,39118.0,78.24
ORD-9767,2023-01-11,Shirt,1,2000.0,7283,1,2023,-5283.0,-264.15
ORD-9768,2023-05-23,Mobile,3,2000.0,26970,5,2023,-24970.0,-1248.5
ORD-9770,2024-01-22,Laptop,1,30000.0,33235,1,2024,-3235.0,-10.78
ORD-9771,2024-01-13,Shoes,3,2000.0,16859,1,2024,-14859.0,-742.95
ORD-9774,2023-06-30,Mobile,3,50000.0,4883,6,2023,45117.0,90.23
ORD-9775,2023-10-20,Shirt,1,30000.0,20635,10,2023,9365.0,31.22
ORD-9777,2023-09-28,Shirt,1,50000.0,13124,9,2023,36876.0,73.75
ORD-9779,2023-04-03,Mobile,3,30000.0,29062,4,2023,938.0,3.13
ORD-9782,2023-06-03,Laptop,1,2000.0,15407,6,2023,-13407.0,-670.35
ORD-9783,2024-02-09,Laptop,3,2000.0,19080,2,2024,-17080.0,-854.0
ORD-9784,2023-11-24,Mobile,1,50000.0,9324,11,2023,40676.0,81.35
ORD-9786,2024-01-12,Mobile,2,50000.0,38433,1,2024,11567.0,23.13
ORD-9787,2023-09-24,Mobile,3,30000.0,5220,9,2023,24780.0,82.6
ORD-9788,2024-02-26,Shirt,1,50000.0,12731,2,2024,37269.0,74.54
ORD-9790,2023-04-16,Shirt,3,2000.0,23554,4,2023,-21554.0,-1077.7
ORD-9791,2024-04-16,Shoes,1,2000.0,13494,4,2024,-11494.0,-574.7
ORD-9792,2024-01-16,Shoes,2,50000.0,12485,1,2024,37515.0,75.03
ORD-9793,2023-02-04,Shoes,2,2000.0,1311,2,2023,689.0,34.45
ORD-9796,2023-01-14,Shirt,1,30000.0,39202,1,2023,-9202.0,-30.67
ORD-9797,2023-09-23,Shirt,1,2000.0,16567,9,2023,-14567.0,-728.35
ORD-9798,2023-05-20,Shoes,1,2000.0,16980,5,2023,-14980.0,-749.0
ORD-9799,2023-10-21,Laptop,3,30000.0,22938,10,2023,7062.0,23.54
ORD-9800,2023-12-30,Laptop,2,50000.0,1121,12,2023,48879.0,97.76
ORD-9801,2023-04-29,Shirt,2,30000.0,34518,4,2023,-4518.0,-15.06
ORD-9802,2023-08-26,Shoes,1,2000.0,7934,8,2023,-5934.0,-296.7
ORD-9803,2023-02-03,Shirt,1,50000.0,10251,2,2023,39749.0,79.5
ORD-9806,2023-05-02,Shoes,1,30000.0,13855,5,2023,16145.0,53.82
ORD-9808,2023-05-25,Laptop,1,2000.0,25651,5,2023,-23651.0,-1182.55
ORD-9809,2024-03-26,Laptop,1,30000.0,24249,3,2024,5751.0,19.17
ORD-9810,2024-03-21,Shirt,3,2000.0,37050,3,2024,-35050.0,-1752.5
ORD-9811,2023-08-11,Shoes,3,2000.0,3275,8,2023,-1275.0,-63.75
ORD-9812,2024-01-06,Mobile,3,50000.0,21192,1,2024,28808.0,57.62
ORD-9813,2023-09-14,Laptop,1,50000.0,1765,9,2023,48235.0,96.47
ORD-9814,2023-09-25,Shoes,2,50000.0,36483,9,2023,13517.0,27.03
ORD-9816,2023-01-04,Mobile,1,50000.0,30501,1,2023,19499.0,39.0
ORD-9817,2024-03-01,Shoes,3,2000.0,38834,3,2024,-36834.0,-1841.7
ORD-9818,2024-02-01,Shirt,2,30000.0,34257,2,2024,-4257.0,-14.19
ORD-9819,2023-12-20,Shirt,1,30000.0,27999,12,2023,2001.0,6.67
ORD-9820,2023-04-16,Laptop,1,2000.0,35703,4,2023,-33703.0,-1685.15
ORD-9822,2023-08-02,Shoes,3,30000.0,12883,8,2023,17117.0,57.06
ORD-9823,2023-05-01,Mobile,1,2000.0,10295,5,2023,-8295.0,-414.75
ORD-9824,2023-05-12,Laptop,1,2000.0,28857,5,2023,-26857.0,-1342.85
ORD-9825,2023-12-04,Shoes,3,2000.0,30867,12,2023,-28867.0,-1443.35
ORD-9826,2023-07-16,Mobile,3,30000.0,7286,7,2023,22714.0,75.71
ORD-9827,2023-01-19,Laptop,2,30000.0,27290,1,2023,2710.0,9.03
ORD-9828,2023-05-10,Laptop,3,50000.0,5149,5,2023,44851.0,89.7
ORD-9829,2023-01-12,Shoes,3,50000.0,39616,1,2023,10384.0,20.77
ORD-9830,2023-03-22,Laptop,3,2000.0,3345,3,2023,-1345.0,-67.25
ORD-9831,2023-11-26,Shirt,1,2000.0,22933,11,2023,-20933.0,-1046.65
ORD-9832,2023-12-20,Mobile,2,2000.0,9770,12,2023,-7770.0,-388.5
ORD-9833,2023-09-19,Mobile,1,2000.0,19082,9,2023,-17082.0,-854.1
ORD-9834,2024-01-27,Shirt,3,30000.0,11863,1,2024,18137.0,60.46
ORD-9835,2023-05-05,Shoes,2,50000.0,7984,5,2023,42016.0,84.03
ORD-9837,2023-09-24,Shirt,1,2000.0,39024,9,2023,-37024.0,-1851.2
ORD-9838,2024-03-22,Mobile,1,50000.0,2468,3,2024,47532.0,95.06
ORD-9839,2024-03-16,Shoes,3,2000.0,10132,3,2024,-8132.0,-406.6
ORD-9840,2024-01-18,Laptop,2,30000.0,36086,1,2024,-6086.0,-20.29
ORD-9842,2023-11-25,Shirt,3,50000.0,39115,11,2023,10885.0,21.77
ORD-9843,2023-01-02,Shoes,1,50000.0,15462,1,2023,34538.0,69.08
ORD-9845,2023-09-07,Shoes,3,30000.0,19167,9,2023,10833.0,36.11
ORD-9847,2023-05-04,Shoes,3,50000.0,4226,5,2023,45774.0,91.55
ORD-9849,2023-08-16,Shoes,3,30000.0,26561,8,2023,3439.0,11.46
ORD-9850,2023-01-10,Shirt,1,30000.0,36587,1,2023,-6587.0,-21.96
ORD-9851,2024-04-13,Laptop,1,2000.0,37738,4,2024,-35738.0,-1786.9
ORD-9854,2023-01-08,Shoes,3,50000.0,35873,1,2023,14127.0,28.25
ORD-9855,2023-10-19,Shoes,1,30000.0,19854,10,2023,10146.0,33.82
ORD-9857,2023-12-28,Mobile,2,50000.0,20275,12,2023,29725.0,59.45
ORD-9858,2024-04-04,Mobile,1,2000.0,10875,4,2024,-8875.0,-443.75
ORD-9861,2023-08-28,Shoes,3,50000.0,29737,8,2023,20263.0,40.53
ORD-9862,2024-03-13,Mobile,3,50000.0,8901,3,2024,41099.0,82.2
ORD-9863,2023-08-30,Mobile,1,30000.0,18558,8,2023,11442.0,38.14
ORD-9864,2024-04-13,Shirt,2,30000.0,20333,4,2024,9667.0,32.22
ORD-9865,2023-12-08,Laptop,1,30000.0,11001,12,2023,18999.0,63.33
ORD-9867,2023-08-24,Laptop,1,50000.0,30461,8,2023,19539.0,39.08
ORD-9868,2023-11-02,Mobile,2,30000.0,32811,11,2023,-2811.0,-9.37
ORD-9870,2023-06-16,Shirt,3,30000.0,31410,6,2023,-1410.0,-4.7
ORD-9871,2023-01-20,Laptop,1,2000.0,38538,1,2023,-36538.0,-1826.9
ORD-9873,2023-12-09,Shoes,1,30000.0,30598,12,2023,-598.0,-1.99
ORD-9874,2023-05-15,Shirt,1,30000.0,36242,5,2023,-6242.0,-20.81
ORD-9875,2024-01-28,Shirt,2,2000.0,33994,1,2024,-31994.0,-1599.7
ORD-9876,2023-05-09,Laptop,1,2000.0,31448,5,2023,-29448.0,-1472.4
ORD-9877,2024-02-14,Laptop,2,30000.0,33330,2,2024,-3330.0,-11.1
ORD-9878,2024-02-26,Shoes,1,30000.0,7160,2,2024,22840.0,76.13
ORD-9879,2023-10-21,Mobile,1,50000.0,27851,10,2023,22149.0,44.3
ORD-9880,2023-09-03,Shoes,1,30000.0,22185,9,2023,7815.0,26.05
ORD-9881,2023-07-08,Laptop,2,30000.0,11007,7,2023,18993.0,63.31
ORD-9882,2023-02-13,Shoes,1,50000.0,6357,2,2023,43643.0,87.29
ORD-9883,2023-03-27,Mobile,1,50000.0,18794,3,2023,31206.0,62.41
ORD-9884,2023-02-13,Shirt,1,30000.0,5764,2,2023,24236.0,80.79
ORD-9885,2023-11-26,Shirt,1,50000.0,15589,11,2023,34411.0,68.82
ORD-9887,2024-03-21,Shirt,1,2000.0,35105,3,2024,-33105.0,-1655.25
ORD-9889,2024-01-25,Laptop,3,2000.0,17501,1,2024,-15501.0,-775.05
ORD-9890,2023-05-25,Mobile,1,2000.0,35581,5,2023,-33581.0,-1679.05
ORD-9891,2023-02-20,Mobile,1,30000.0,10779,2,2023,19221.0,64.07
ORD-9892,2023-08-30,Mobile,1,2000.0,12444,8,2023,-10444.0,-522.2
ORD-9894,2024-02-12,Shoes,2,30000.0,36142,2,2024,-6142.0,-20.47
ORD-9895,2023-02-20,Mobile,3,50000.0,2526,2,2023,47474.0,94.95
ORD-9897,2023-04-30,Shirt,2,30000.0,9793,4,2023,20207.0,67.36
ORD-9898,2023-07-19,Shirt,3,2000.0,37382,7,2023,-35382.0,-1769.1
ORD-9900,2023-09-05,Mobile,2,2000.0,20685,9,2023,-18685.0,-934.25
ORD-9901,2023-03-11,Shirt,1,30000.0,27178,3,2023,2822.0,9.41
ORD-9902,2023-12-07,Shirt,2,30000.0,15015,12,2023,14985.0,49.95
ORD-9903,2023-02-26,Shirt,1,50000.0,20666,2,2023,29334.0,58.67
ORD-9904,2024-01-17,Shirt,1,50000.0,3696,1,2024,46304.0,92.61
ORD-9906,2024-04-16,Mobile,1,50000.0,13626,4,2024,36374.0,72.75
ORD-9907,2023-10-16,Mobile,3,2000.0,16314,10,2023,-14314.0,-715.7
ORD-9908,2024-03-18,Shoes,1,2000.0,35073,3,2024,-33073.0,-1653.65
ORD-9909,2023-01-18,Laptop,2,50000.0,32291,1,2023,17709.0,35.42
ORD-9910,2024-03-15,Shoes,1,50000.0,34484,3,2024,15516.0,31.03
ORD-9911,2023-08-08,Shirt,1,50000.0,23229,8,2023,26771.0,53.54
ORD-9914,2023-12-18,Shirt,2,2000.0,32833,12,2023,-30833.0,-1541.65
ORD-9917,2023-10-25,Mobile,2,30000.0,16080,10,2023,13920.0,46.4
ORD-9918,2023-10-10,Mobile,1,2000.0,10079,10,2023,-8079.0,-403.95
ORD-9919,2023-03-15,Mobile,1,2000.0,21726,3,2023,-19726.0,-986.3
ORD-9920,2023-04-20,Laptop,1,50000.0,19306,4,2023,30694.0,61.39
ORD-9921,2023-06-29,Mobile,2,30000.0,7278,6,2023,22722.0,75.74
ORD-9922,2024-03-01,Shoes,3,50000.0,37797,3,2024,12203.0,24.41
ORD-9924,2023-08-22,Mobile,3,2000.0,4892,8,2023,-2892.0,-144.6
ORD-9927,2023-11-27,Shoes,1,30000.0,27484,11,2023,2516.0,8.39
ORD-9928,2023-10-06,Shirt,3,30000.0,37163,10,2023,-7163.0,-23.88
ORD-9929,2023-08-14,Shoes,3,2000.0,36222,8,2023,-34222.0,-1711.1
ORD-9930,2023-02-26,Shoes,2,2000.0,16828,2,2023,-14828.0,-741.4
ORD-9931,2023-06-29,Shoes,2,30000.0,5957,6,2023,24043.0,80.14
ORD-9932,2023-08-20,Shoes,2,30000.0,19671,8,2023,10329.0,34.43
ORD-9933,2024-01-17,Laptop,2,30000.0,32303,1,2024,-2303.0,-7.68
ORD-9934,2023-12-09,Shirt,1,30000.0,9696,12,2023,20304.0,67.68
ORD-9935,2024-04-21,Mobile,1,2000.0,13812,4,2024,-11812.0,-590.6
ORD-9936,2023-10-14,Shoes,1,2000.0,10595,10,2023,-8595.0,-429.75
ORD-9940,2023-10-16,Shirt,1,2000.0,28780,10,2023,-26780.0,-1339.0
ORD-9941,2023-08-01,Laptop,1,50000.0,29721,8,2023,20279.0,40.56
ORD-9943,2023-01-18,Laptop,1,50000.0,32369,1,2023,17631.0,35.26
ORD-9944,2023-06-24,Shoes,3,50000.0,33778,6,2023,16222.0,32.44
ORD-9945,2024-02-21,Laptop,1,50000.0,14095,2,2024,35905.0,71.81
ORD-9946,2023-08-17,Mobile,2,30000.0,6221,8,2023,23779.0,79.26
ORD-9947,2023-08-14,Shoes,3,2000.0,27634,8,2023,-25634.0,-1281.7
ORD-9948,2023-03-25,Shirt,3,2000.0,4677,3,2023,-2677.0,-133.85
ORD-9951,2024-01-05,Laptop,1,2000.0,38932,1,2024,-36932.0,-1846.6
ORD-9952,2023-09-03,Shirt,3,30000.0,10033,9,2023,19967.0,66.56
ORD-9953,2024-02-06,Laptop,2,2000.0,1284,2,2024,716.0,35.8
ORD-9954,2023-04-20,Mobile,3,50000.0,39338,4,2023,10662.0,21.32
ORD-9955,2023-09-11,Mobile,1,2000.0,23115,9,2023,-21115.0,-1055.75
ORD-9956,2023-03-29,Shoes,2,30000.0,19819,3,2023,10181.0,33.94
ORD-9957,2023-03-13,Mobile,3,2000.0,13712,3,2023,-11712.0,-585.6
ORD-9958,2024-01-16,Shirt,1,2000.0,34797,1,2024,-32797.0,-1639.85
ORD-9959,2023-01-30,Shoes,2,2000.0,33297,1,2023,-31297.0,-1564.85
ORD-9960,2023-06-21,Shirt,1,50000.0,31591,6,2023,18409.0,36.82
ORD-9962,2024-01-29,Shirt,3,30000.0,25475,1,2024,4525.0,15.08
ORD-9963,2023-12-09,Shirt,1,50000.0,20350,12,2023,29650.0,59.3
ORD-9964,2024-03-11,Mobile,1,2000.0,32484,3,2024,-30484.0,-1524.2
ORD-9965,2023-06-26,Laptop,2,2000.0,8755,6,2023,-6755.0,-337.75
ORD-9969,2023-08-06,Shirt,2,50000.0,24519,8,2023,25481.0,50.96
ORD-9970,2023-06-13,Mobile,1,30000.0,2240,6,2023,27760.0,92.53
ORD-9972,2024-03-06,Shirt,1,2000.0,19873,3,2024,-17873.0,-893.65
ORD-9973,2023-01-13,Shirt,2,30000.0,11780,1,2023,18220.0,60.73
ORD-9974,2023-10-23,Laptop,2,2000.0,9661,10,2023,-7661.0,-383.05
ORD-9975,2023-03-30,Mobile,2,2000.0,37055,3,2023,-35055.0,-1752.75
ORD-9976,2023-11-20,Mobile,1,30000.0,29512,11,2023,488.0,1.63
ORD-9977,2023-02-11,Shirt,1,50000.0,19403,2,2023,30597.0,61.19
ORD-9978,2024-02-07,Laptop,2,30000.0,30549,2,2024,-549.0,-1.83
ORD-9980,2023-08-17,Shoes,1,30000.0,11252,8,2023,18748.0,62.49
ORD-9983,2024-03-17,Shoes,1,30000.0,34606,3,2024,-4606.0,-15.35
ORD-9984,2023-10-06,Laptop,1,30000.0,9461,10,2023,20539.0,68.46
ORD-9986,2023-11-06,Shoes,1,2000.0,5827,11,2023,-3827.0,-191.35
ORD-9987,2023-07-27,Shirt,1,30000.0,24371,7,2023,5629.0,18.76
ORD-9988,2023-11-17,Mobile,2,50000.0,13903,11,2023,36097.0,72.19
ORD-9990,2023-10-07,Shoes,3,2000.0,29536,10,2023,-27536.0,-1376.8
ORD-9991,2023-02-03,Shirt,1,30000.0,31103,2,2023,-1103.0,-3.68
ORD-9992,2023-11-05,Mobile,2,30000.0,15400,11,2023,14600.0,48.67
ORD-9993,2024-01-27,Shoes,2,2000.0,35843,1,2024,-33843.0,-1692.15
ORD-9994,2023-01-18,Shirt,2,50000.0,15190,1,2023,34810.0,69.62
ORD-9996,2023-04-22,Shirt,3,30000.0,32869,4,2023,-2869.0,-9.56
ORD-9997,2023-01-05,Laptop,1,50000.0,9995,1,2023,40005.0,80.01
ORD-9999,2024-02-18,Shoes,2,50000.0,7521,2,2024,42479.0,84.96
